id;nome;rodada_id;clube_rank;ano
282;Atlético-MG;1;10;2014
293;Atlético-PR;1;5;2014
265;Bahia;1;16;2014
263;Botafogo;1;19;2014
315;Chapecoense;1;14;2014
264;Corinthians;1;9;2014
294;Coritiba;1;12;2014
288;Criciúma;1;15;2014
283;Cruzeiro;1;3;2014
316;Figueirense;1;20;2014
262;Flamengo;1;11;2014
266;Fluminense;1;2;2014
290;Goiás;1;13;2014
284;Grêmio;1;17;2014
285;Internacional;1;6;2014
275;Palmeiras;1;4;2014
277;Santos;1;7;2014
276;SãoPaulo;1;1;2014
292;Sport;1;8;2014
287;Vitória;1;18;2014
282;Atlético-MG;2;15;2014
293;Atlético-PR;2;5;2014
265;Bahia;2;9;2014
263;Botafogo;2;18;2014
315;Chapecoense;2;16;2014
264;Corinthians;2;3;2014
294;Coritiba;2;13;2014
288;Criciúma;2;19;2014
283;Cruzeiro;2;4;2014
316;Figueirense;2;20;2014
262;Flamengo;2;17;2014
266;Fluminense;2;1;2014
290;Goiás;2;8;2014
284;Grêmio;2;10;2014
285;Internacional;2;6;2014
275;Palmeiras;2;11;2014
277;Santos;2;12;2014
276;SãoPaulo;2;2;2014
292;Sport;2;7;2014
287;Vitória;2;14;2014
282;Atlético-MG;3;17;2014
293;Atlético-PR;3;8;2014
265;Bahia;3;6;2014
263;Botafogo;3;19;2014
315;Chapecoense;3;18;2014
264;Corinthians;3;1;2014
294;Coritiba;3;15;2014
288;Criciúma;3;13;2014
283;Cruzeiro;3;2;2014
316;Figueirense;3;20;2014
262;Flamengo;3;9;2014
266;Fluminense;3;5;2014
290;Goiás;3;4;2014
284;Grêmio;3;12;2014
285;Internacional;3;3;2014
275;Palmeiras;3;14;2014
277;Santos;3;16;2014
276;SãoPaulo;3;7;2014
292;Sport;3;11;2014
287;Vitória;3;10;2014
282;Atlético-MG;4;15;2014
293;Atlético-PR;4;14;2014
265;Bahia;4;4;2014
263;Botafogo;4;13;2014
315;Chapecoense;4;19;2014
264;Corinthians;4;3;2014
294;Coritiba;4;18;2014
288;Criciúma;4;17;2014
283;Cruzeiro;4;5;2014
316;Figueirense;4;20;2014
262;Flamengo;4;16;2014
266;Fluminense;4;2;2014
290;Goiás;4;8;2014
284;Grêmio;4;7;2014
285;Internacional;4;1;2014
275;Palmeiras;4;9;2014
277;Santos;4;11;2014
276;SãoPaulo;4;10;2014
292;Sport;4;6;2014
287;Vitória;4;12;2014
282;Atlético-MG;5;11;2014
293;Atlético-PR;5;13;2014
265;Bahia;5;10;2014
263;Botafogo;5;15;2014
315;Chapecoense;5;20;2014
264;Corinthians;5;9;2014
294;Coritiba;5;19;2014
288;Criciúma;5;17;2014
283;Cruzeiro;5;2;2014
316;Figueirense;5;18;2014
262;Flamengo;5;16;2014
266;Fluminense;5;6;2014
290;Goiás;5;5;2014
284;Grêmio;5;4;2014
285;Internacional;5;1;2014
275;Palmeiras;5;7;2014
277;Santos;5;12;2014
276;SãoPaulo;5;8;2014
292;Sport;5;3;2014
287;Vitória;5;14;2014
282;Atlético-MG;6;7;2014
293;Atlético-PR;6;14;2014
265;Bahia;6;11;2014
263;Botafogo;6;17;2014
315;Chapecoense;6;20;2014
264;Corinthians;6;10;2014
294;Coritiba;6;18;2014
288;Criciúma;6;12;2014
283;Cruzeiro;6;1;2014
316;Figueirense;6;19;2014
262;Flamengo;6;16;2014
266;Fluminense;6;3;2014
290;Goiás;6;6;2014
284;Grêmio;6;2;2014
285;Internacional;6;5;2014
275;Palmeiras;6;4;2014
277;Santos;6;13;2014
276;SãoPaulo;6;9;2014
292;Sport;6;8;2014
287;Vitória;6;15;2014
282;Atlético-MG;7;9;2014
293;Atlético-PR;7;11;2014
265;Bahia;7;12;2014
263;Botafogo;7;17;2014
315;Chapecoense;7;18;2014
264;Corinthians;7;6;2014
294;Coritiba;7;19;2014
288;Criciúma;7;13;2014
283;Cruzeiro;7;1;2014
316;Figueirense;7;20;2014
262;Flamengo;7;16;2014
266;Fluminense;7;2;2014
290;Goiás;7;3;2014
284;Grêmio;7;4;2014
285;Internacional;7;8;2014
275;Palmeiras;7;5;2014
277;Santos;7;14;2014
276;SãoPaulo;7;7;2014
292;Sport;7;10;2014
287;Vitória;7;15;2014
282;Atlético-MG;8;6;2014
293;Atlético-PR;8;13;2014
265;Bahia;8;15;2014
263;Botafogo;8;14;2014
315;Chapecoense;8;18;2014
264;Corinthians;8;3;2014
294;Coritiba;8;20;2014
288;Criciúma;8;11;2014
283;Cruzeiro;8;1;2014
316;Figueirense;8;19;2014
262;Flamengo;8;17;2014
266;Fluminense;8;2;2014
290;Goiás;8;5;2014
284;Grêmio;8;7;2014
285;Internacional;8;4;2014
275;Palmeiras;8;9;2014
277;Santos;8;12;2014
276;SãoPaulo;8;8;2014
292;Sport;8;10;2014
287;Vitória;8;16;2014
282;Atlético-MG;9;8;2014
293;Atlético-PR;9;12;2014
265;Bahia;9;15;2014
263;Botafogo;9;13;2014
315;Chapecoense;9;16;2014
264;Corinthians;9;5;2014
294;Coritiba;9;17;2014
288;Criciúma;9;14;2014
283;Cruzeiro;9;1;2014
316;Figueirense;9;20;2014
262;Flamengo;9;19;2014
266;Fluminense;9;2;2014
290;Goiás;9;7;2014
284;Grêmio;9;6;2014
285;Internacional;9;4;2014
275;Palmeiras;9;11;2014
277;Santos;9;10;2014
276;SãoPaulo;9;3;2014
292;Sport;9;9;2014
287;Vitória;9;18;2014
282;Atlético-MG;10;11;2014
293;Atlético-PR;10;7;2014
265;Bahia;10;16;2014
263;Botafogo;10;14;2014
315;Chapecoense;10;15;2014
264;Corinthians;10;3;2014
294;Coritiba;10;18;2014
288;Criciúma;10;12;2014
283;Cruzeiro;10;1;2014
316;Figueirense;10;17;2014
262;Flamengo;10;20;2014
266;Fluminense;10;6;2014
290;Goiás;10;10;2014
284;Grêmio;10;9;2014
285;Internacional;10;8;2014
275;Palmeiras;10;13;2014
277;Santos;10;5;2014
276;SãoPaulo;10;2;2014
292;Sport;10;4;2014
287;Vitória;10;19;2014
282;Atlético-MG;11;11;2014
293;Atlético-PR;11;3;2014
265;Bahia;11;16;2014
263;Botafogo;11;12;2014
315;Chapecoense;11;15;2014
264;Corinthians;11;5;2014
294;Coritiba;11;19;2014
288;Criciúma;11;13;2014
283;Cruzeiro;11;1;2014
316;Figueirense;11;18;2014
262;Flamengo;11;20;2014
266;Fluminense;11;2;2014
290;Goiás;11;10;2014
284;Grêmio;11;7;2014
285;Internacional;11;4;2014
275;Palmeiras;11;14;2014
277;Santos;11;9;2014
276;SãoPaulo;11;6;2014
292;Sport;11;8;2014
287;Vitória;11;17;2014
282;Atlético-MG;12;11;2014
293;Atlético-PR;12;9;2014
265;Bahia;12;19;2014
263;Botafogo;12;12;2014
315;Chapecoense;12;15;2014
264;Corinthians;12;3;2014
294;Coritiba;12;17;2014
288;Criciúma;12;13;2014
283;Cruzeiro;12;1;2014
316;Figueirense;12;20;2014
262;Flamengo;12;18;2014
266;Fluminense;12;2;2014
290;Goiás;12;7;2014
284;Grêmio;12;10;2014
285;Internacional;12;4;2014
275;Palmeiras;12;14;2014
277;Santos;12;6;2014
276;SãoPaulo;12;8;2014
292;Sport;12;5;2014
287;Vitória;12;16;2014
282;Atlético-MG;13;9;2014
293;Atlético-PR;13;10;2014
265;Bahia;13;19;2014
263;Botafogo;13;12;2014
315;Chapecoense;13;13;2014
264;Corinthians;13;4;2014
294;Coritiba;13;17;2014
288;Criciúma;13;14;2014
283;Cruzeiro;13;1;2014
316;Figueirense;13;18;2014
262;Flamengo;13;20;2014
266;Fluminense;13;2;2014
290;Goiás;13;8;2014
284;Grêmio;13;11;2014
285;Internacional;13;3;2014
275;Palmeiras;13;15;2014
277;Santos;13;6;2014
276;SãoPaulo;13;7;2014
292;Sport;13;5;2014
287;Vitória;13;16;2014
282;Atlético-MG;14;6;2014
293;Atlético-PR;14;7;2014
265;Bahia;14;18;2014
263;Botafogo;14;13;2014
315;Chapecoense;14;14;2014
264;Corinthians;14;4;2014
294;Coritiba;14;20;2014
288;Criciúma;14;12;2014
283;Cruzeiro;14;1;2014
316;Figueirense;14;17;2014
262;Flamengo;14;19;2014
266;Fluminense;14;3;2014
290;Goiás;14;10;2014
284;Grêmio;14;11;2014
285;Internacional;14;2;2014
275;Palmeiras;14;15;2014
277;Santos;14;9;2014
276;SãoPaulo;14;5;2014
292;Sport;14;8;2014
287;Vitória;14;16;2014
282;Atlético-MG;15;6;2014
293;Atlético-PR;15;7;2014
265;Bahia;15;19;2014
263;Botafogo;15;12;2014
315;Chapecoense;15;13;2014
264;Corinthians;15;3;2014
294;Coritiba;15;20;2014
288;Criciúma;15;15;2014
283;Cruzeiro;15;1;2014
316;Figueirense;15;18;2014
262;Flamengo;15;14;2014
266;Fluminense;15;4;2014
290;Goiás;15;11;2014
284;Grêmio;15;8;2014
285;Internacional;15;2;2014
275;Palmeiras;15;17;2014
277;Santos;15;10;2014
276;SãoPaulo;15;5;2014
292;Sport;15;9;2014
287;Vitória;15;16;2014
282;Atlético-MG;16;8;2014
293;Atlético-PR;16;9;2014
265;Bahia;16;18;2014
263;Botafogo;16;14;2014
315;Chapecoense;16;12;2014
264;Corinthians;16;3;2014
294;Coritiba;16;17;2014
288;Criciúma;16;16;2014
283;Cruzeiro;16;1;2014
316;Figueirense;16;15;2014
262;Flamengo;16;13;2014
266;Fluminense;16;5;2014
290;Goiás;16;11;2014
284;Grêmio;16;10;2014
285;Internacional;16;2;2014
275;Palmeiras;16;20;2014
277;Santos;16;7;2014
276;SãoPaulo;16;4;2014
292;Sport;16;6;2014
287;Vitória;16;19;2014
282;Atlético-MG;17;6;2014
293;Atlético-PR;17;9;2014
265;Bahia;17;18;2014
263;Botafogo;17;12;2014
315;Chapecoense;17;15;2014
264;Corinthians;17;4;2014
294;Coritiba;17;19;2014
288;Criciúma;17;17;2014
283;Cruzeiro;17;1;2014
316;Figueirense;17;13;2014
262;Flamengo;17;11;2014
266;Fluminense;17;5;2014
290;Goiás;17;14;2014
284;Grêmio;17;7;2014
285;Internacional;17;3;2014
275;Palmeiras;17;16;2014
277;Santos;17;10;2014
276;SãoPaulo;17;2;2014
292;Sport;17;8;2014
287;Vitória;17;20;2014
282;Atlético-MG;18;8;2014
293;Atlético-PR;18;11;2014
265;Bahia;18;19;2014
263;Botafogo;18;10;2014
315;Chapecoense;18;15;2014
264;Corinthians;18;4;2014
294;Coritiba;18;18;2014
288;Criciúma;18;17;2014
283;Cruzeiro;18;1;2014
316;Figueirense;18;14;2014
262;Flamengo;18;9;2014
266;Fluminense;18;5;2014
290;Goiás;18;13;2014
284;Grêmio;18;6;2014
285;Internacional;18;2;2014
275;Palmeiras;18;16;2014
277;Santos;18;12;2014
276;SãoPaulo;18;3;2014
292;Sport;18;7;2014
287;Vitória;18;20;2014
282;Atlético-MG;19;7;2014
293;Atlético-PR;19;11;2014
265;Bahia;19;19;2014
263;Botafogo;19;12;2014
315;Chapecoense;19;15;2014
264;Corinthians;19;4;2014
294;Coritiba;19;18;2014
288;Criciúma;19;17;2014
283;Cruzeiro;19;1;2014
316;Figueirense;19;13;2014
262;Flamengo;19;10;2014
266;Fluminense;19;5;2014
290;Goiás;19;14;2014
284;Grêmio;19;6;2014
285;Internacional;19;3;2014
275;Palmeiras;19;16;2014
277;Santos;19;9;2014
276;SãoPaulo;19;2;2014
292;Sport;19;8;2014
287;Vitória;19;20;2014
282;Atlético-MG;20;8;2014
293;Atlético-PR;20;13;2014
265;Bahia;20;20;2014
263;Botafogo;20;14;2014
315;Chapecoense;20;16;2014
264;Corinthians;20;3;2014
294;Coritiba;20;17;2014
288;Criciúma;20;19;2014
283;Cruzeiro;20;1;2014
316;Figueirense;20;11;2014
262;Flamengo;20;12;2014
266;Fluminense;20;6;2014
290;Goiás;20;9;2014
284;Grêmio;20;5;2014
285;Internacional;20;4;2014
275;Palmeiras;20;15;2014
277;Santos;20;10;2014
276;SãoPaulo;20;2;2014
292;Sport;20;7;2014
287;Vitória;20;18;2014
282;Atlético-MG;21;8;2014
293;Atlético-PR;21;11;2014
265;Bahia;21;19;2014
263;Botafogo;21;14;2014
315;Chapecoense;21;15;2014
264;Corinthians;21;6;2014
294;Coritiba;21;18;2014
288;Criciúma;21;17;2014
283;Cruzeiro;21;1;2014
316;Figueirense;21;13;2014
262;Flamengo;21;10;2014
266;Fluminense;21;4;2014
290;Goiás;21;12;2014
284;Grêmio;21;5;2014
285;Internacional;21;3;2014
275;Palmeiras;21;16;2014
277;Santos;21;9;2014
276;SãoPaulo;21;2;2014
292;Sport;21;7;2014
287;Vitória;21;20;2014
282;Atlético-MG;22;7;2014
293;Atlético-PR;22;11;2014
265;Bahia;22;17;2014
263;Botafogo;22;14;2014
315;Chapecoense;22;15;2014
264;Corinthians;22;5;2014
294;Coritiba;22;16;2014
288;Criciúma;22;19;2014
283;Cruzeiro;22;1;2014
316;Figueirense;22;13;2014
262;Flamengo;22;10;2014
266;Fluminense;22;6;2014
290;Goiás;22;12;2014
284;Grêmio;22;4;2014
285;Internacional;22;3;2014
275;Palmeiras;22;18;2014
277;Santos;22;9;2014
276;SãoPaulo;22;2;2014
292;Sport;22;8;2014
287;Vitória;22;20;2014
282;Atlético-MG;23;6;2014
293;Atlético-PR;23;12;2014
265;Bahia;23;18;2014
263;Botafogo;23;14;2014
315;Chapecoense;23;16;2014
264;Corinthians;23;5;2014
294;Coritiba;23;17;2014
288;Criciúma;23;19;2014
283;Cruzeiro;23;1;2014
316;Figueirense;23;13;2014
262;Flamengo;23;11;2014
266;Fluminense;23;7;2014
290;Goiás;23;10;2014
284;Grêmio;23;4;2014
285;Internacional;23;3;2014
275;Palmeiras;23;20;2014
277;Santos;23;9;2014
276;SãoPaulo;23;2;2014
292;Sport;23;8;2014
287;Vitória;23;15;2014
282;Atlético-MG;24;4;2014
293;Atlético-PR;24;14;2014
265;Bahia;24;16;2014
263;Botafogo;24;13;2014
315;Chapecoense;24;15;2014
264;Corinthians;24;6;2014
294;Coritiba;24;19;2014
288;Criciúma;24;20;2014
283;Cruzeiro;24;1;2014
316;Figueirense;24;12;2014
262;Flamengo;24;10;2014
266;Fluminense;24;7;2014
290;Goiás;24;11;2014
284;Grêmio;24;5;2014
285;Internacional;24;2;2014
275;Palmeiras;24;17;2014
277;Santos;24;9;2014
276;SãoPaulo;24;3;2014
292;Sport;24;8;2014
287;Vitória;24;18;2014
282;Atlético-MG;25;4;2014
293;Atlético-PR;25;11;2014
265;Bahia;25;14;2014
263;Botafogo;25;15;2014
315;Chapecoense;25;16;2014
264;Corinthians;25;7;2014
294;Coritiba;25;20;2014
288;Criciúma;25;19;2014
283;Cruzeiro;25;1;2014
316;Figueirense;25;10;2014
262;Flamengo;25;12;2014
266;Fluminense;25;6;2014
290;Goiás;25;13;2014
284;Grêmio;25;5;2014
285;Internacional;25;2;2014
275;Palmeiras;25;17;2014
277;Santos;25;8;2014
276;SãoPaulo;25;3;2014
292;Sport;25;9;2014
287;Vitória;25;18;2014
282;Atlético-MG;26;4;2014
293;Atlético-PR;26;12;2014
265;Bahia;26;14;2014
263;Botafogo;26;15;2014
315;Chapecoense;26;17;2014
264;Corinthians;26;6;2014
294;Coritiba;26;20;2014
288;Criciúma;26;19;2014
283;Cruzeiro;26;1;2014
316;Figueirense;26;11;2014
262;Flamengo;26;13;2014
266;Fluminense;26;7;2014
290;Goiás;26;10;2014
284;Grêmio;26;5;2014
285;Internacional;26;2;2014
275;Palmeiras;26;16;2014
277;Santos;26;8;2014
276;SãoPaulo;26;3;2014
292;Sport;26;9;2014
287;Vitória;26;18;2014
282;Atlético-MG;27;6;2014
293;Atlético-PR;27;15;2014
265;Bahia;27;16;2014
263;Botafogo;27;18;2014
315;Chapecoense;27;14;2014
264;Corinthians;27;5;2014
294;Coritiba;27;17;2014
288;Criciúma;27;20;2014
283;Cruzeiro;27;1;2014
316;Figueirense;27;12;2014
262;Flamengo;27;11;2014
266;Fluminense;27;8;2014
290;Goiás;27;10;2014
284;Grêmio;27;4;2014
285;Internacional;27;3;2014
275;Palmeiras;27;13;2014
277;Santos;27;7;2014
276;SãoPaulo;27;2;2014
292;Sport;27;9;2014
287;Vitória;27;19;2014
282;Atlético-MG;28;4;2014
293;Atlético-PR;28;14;2014
265;Bahia;28;17;2014
263;Botafogo;28;19;2014
315;Chapecoense;28;13;2014
264;Corinthians;28;6;2014
294;Coritiba;28;20;2014
288;Criciúma;28;18;2014
283;Cruzeiro;28;1;2014
316;Figueirense;28;15;2014
262;Flamengo;28;10;2014
266;Fluminense;28;8;2014
290;Goiás;28;9;2014
284;Grêmio;28;5;2014
285;Internacional;28;2;2014
275;Palmeiras;28;12;2014
277;Santos;28;7;2014
276;SãoPaulo;28;3;2014
292;Sport;28;11;2014
287;Vitória;28;16;2014
282;Atlético-MG;29;4;2014
293;Atlético-PR;29;10;2014
265;Bahia;29;18;2014
263;Botafogo;29;17;2014
315;Chapecoense;29;15;2014
264;Corinthians;29;5;2014
294;Coritiba;29;20;2014
288;Criciúma;29;19;2014
283;Cruzeiro;29;1;2014
316;Figueirense;29;13;2014
262;Flamengo;29;11;2014
266;Fluminense;29;8;2014
290;Goiás;29;9;2014
284;Grêmio;29;6;2014
285;Internacional;29;3;2014
275;Palmeiras;29;14;2014
277;Santos;29;7;2014
276;SãoPaulo;29;2;2014
292;Sport;29;12;2014
287;Vitória;29;16;2014
282;Atlético-MG;30;4;2014
293;Atlético-PR;30;10;2014
265;Bahia;30;18;2014
263;Botafogo;30;19;2014
315;Chapecoense;30;15;2014
264;Corinthians;30;3;2014
294;Coritiba;30;16;2014
288;Criciúma;30;20;2014
283;Cruzeiro;30;1;2014
316;Figueirense;30;13;2014
262;Flamengo;30;11;2014
266;Fluminense;30;7;2014
290;Goiás;30;9;2014
284;Grêmio;30;6;2014
285;Internacional;30;5;2014
275;Palmeiras;30;14;2014
277;Santos;30;8;2014
276;SãoPaulo;30;2;2014
292;Sport;30;12;2014
287;Vitória;30;17;2014
282;Atlético-MG;31;3;2014
293;Atlético-PR;31;10;2014
265;Bahia;31;19;2014
263;Botafogo;31;17;2014
315;Chapecoense;31;15;2014
264;Corinthians;31;5;2014
294;Coritiba;31;18;2014
288;Criciúma;31;20;2014
283;Cruzeiro;31;1;2014
316;Figueirense;31;13;2014
262;Flamengo;31;11;2014
266;Fluminense;31;6;2014
290;Goiás;31;9;2014
284;Grêmio;31;7;2014
285;Internacional;31;4;2014
275;Palmeiras;31;14;2014
277;Santos;31;8;2014
276;SãoPaulo;31;2;2014
292;Sport;31;12;2014
287;Vitória;31;16;2014
282;Atlético-MG;32;5;2014
293;Atlético-PR;32;9;2014
265;Bahia;32;19;2014
263;Botafogo;32;18;2014
315;Chapecoense;32;15;2014
264;Corinthians;32;7;2014
294;Coritiba;32;17;2014
288;Criciúma;32;20;2014
283;Cruzeiro;32;1;2014
316;Figueirense;32;14;2014
262;Flamengo;32;10;2014
266;Fluminense;32;4;2014
290;Goiás;32;11;2014
284;Grêmio;32;6;2014
285;Internacional;32;3;2014
275;Palmeiras;32;13;2014
277;Santos;32;8;2014
276;SãoPaulo;32;2;2014
292;Sport;32;12;2014
287;Vitória;32;16;2014
282;Atlético-MG;33;4;2014
293;Atlético-PR;33;9;2014
265;Bahia;33;19;2014
263;Botafogo;33;18;2014
315;Chapecoense;33;16;2014
264;Corinthians;33;5;2014
294;Coritiba;33;15;2014
288;Criciúma;33;20;2014
283;Cruzeiro;33;1;2014
316;Figueirense;33;13;2014
262;Flamengo;33;11;2014
266;Fluminense;33;7;2014
290;Goiás;33;10;2014
284;Grêmio;33;3;2014
285;Internacional;33;6;2014
275;Palmeiras;33;14;2014
277;Santos;33;8;2014
276;SãoPaulo;33;2;2014
292;Sport;33;12;2014
287;Vitória;33;17;2014
282;Atlético-MG;34;6;2014
293;Atlético-PR;34;10;2014
265;Bahia;34;19;2014
263;Botafogo;34;18;2014
315;Chapecoense;34;17;2014
264;Corinthians;34;4;2014
294;Coritiba;34;16;2014
288;Criciúma;34;20;2014
283;Cruzeiro;34;1;2014
316;Figueirense;34;13;2014
262;Flamengo;34;8;2014
266;Fluminense;34;7;2014
290;Goiás;34;11;2014
284;Grêmio;34;3;2014
285;Internacional;34;5;2014
275;Palmeiras;34;14;2014
277;Santos;34;9;2014
276;SãoPaulo;34;2;2014
292;Sport;34;12;2014
287;Vitória;34;15;2014
282;Atlético-MG;35;4;2014
293;Atlético-PR;35;9;2014
265;Bahia;35;18;2014
263;Botafogo;35;19;2014
315;Chapecoense;35;15;2014
264;Corinthians;35;3;2014
294;Coritiba;35;17;2014
288;Criciúma;35;20;2014
283;Cruzeiro;35;1;2014
316;Figueirense;35;13;2014
262;Flamengo;35;10;2014
266;Fluminense;35;7;2014
290;Goiás;35;12;2014
284;Grêmio;35;6;2014
285;Internacional;35;5;2014
275;Palmeiras;35;14;2014
277;Santos;35;8;2014
276;SãoPaulo;35;2;2014
292;Sport;35;11;2014
287;Vitória;35;16;2014
282;Atlético-MG;36;5;2014
293;Atlético-PR;36;8;2014
265;Bahia;36;18;2014
263;Botafogo;36;19;2014
315;Chapecoense;36;14;2014
264;Corinthians;36;3;2014
294;Coritiba;36;15;2014
288;Criciúma;36;20;2014
283;Cruzeiro;36;1;2014
316;Figueirense;36;12;2014
262;Flamengo;36;9;2014
266;Fluminense;36;7;2014
290;Goiás;36;13;2014
284;Grêmio;36;6;2014
285;Internacional;36;4;2014
275;Palmeiras;36;16;2014
277;Santos;36;11;2014
276;SãoPaulo;36;2;2014
292;Sport;36;10;2014
287;Vitória;36;17;2014
282;Atlético-MG;37;6;2014
293;Atlético-PR;37;8;2014
265;Bahia;37;18;2014
263;Botafogo;37;19;2014
315;Chapecoense;37;15;2014
264;Corinthians;37;4;2014
294;Coritiba;37;14;2014
288;Criciúma;37;20;2014
283;Cruzeiro;37;1;2014
316;Figueirense;37;12;2014
262;Flamengo;37;9;2014
266;Fluminense;37;5;2014
290;Goiás;37;13;2014
284;Grêmio;37;7;2014
285;Internacional;37;3;2014
275;Palmeiras;37;16;2014
277;Santos;37;10;2014
276;SãoPaulo;37;2;2014
292;Sport;37;11;2014
287;Vitória;37;17;2014
282;Atlético-MG;38;5;2014
293;Atlético-PR;38;8;2014
265;Bahia;38;18;2014
263;Botafogo;38;19;2014
315;Chapecoense;38;15;2014
264;Corinthians;38;4;2014
294;Coritiba;38;14;2014
288;Criciúma;38;20;2014
283;Cruzeiro;38;1;2014
316;Figueirense;38;13;2014
262;Flamengo;38;10;2014
266;Fluminense;38;6;2014
290;Goiás;38;12;2014
284;Grêmio;38;7;2014
285;Internacional;38;3;2014
275;Palmeiras;38;16;2014
277;Santos;38;9;2014
276;SãoPaulo;38;2;2014
292;Sport;38;11;2014
287;Vitória;38;17;2014
282;Atlético-MG;1;9;2015
293;Atlético-PR;1;2;2015
314;Avaí;1;11;2015
315;Chapecoense;1;3;2015
264;Corinthians;1;5;2015
294;Coritiba;1;15;2015
283;Cruzeiro;1;17;2015
316;Figueirense;1;19;2015
262;Flamengo;1;16;2015
266;Fluminense;1;6;2015
290;Goiás;1;13;2015
284;Grêmio;1;7;2015
285;Internacional;1;20;2015
317;Joinville;1;18;2015
275;Palmeiras;1;10;2015
303;PontePreta;1;8;2015
277;Santos;1;12;2015
276;SãoPaulo;1;4;2015
292;Sport;1;1;2015
267;Vasco;1;14;2015
282;Atlético-MG;2;2;2015
293;Atlético-PR;2;7;2015
314;Avaí;2;16;2015
315;Chapecoense;2;9;2015
264;Corinthians;2;1;2015
294;Coritiba;2;8;2015
283;Cruzeiro;2;20;2015
316;Figueirense;2;19;2015
262;Flamengo;2;15;2015
266;Fluminense;2;11;2015
290;Goiás;2;4;2015
284;Grêmio;2;18;2015
285;Internacional;2;12;2015
317;Joinville;2;17;2015
275;Palmeiras;2;13;2015
303;PontePreta;2;5;2015
277;Santos;2;6;2015
276;SãoPaulo;2;10;2015
292;Sport;2;3;2015
267;Vasco;2;14;2015
282;Atlético-MG;3;8;2015
293;Atlético-PR;3;5;2015
314;Avaí;3;9;2015
315;Chapecoense;3;6;2015
264;Corinthians;3;3;2015
294;Coritiba;3;14;2015
283;Cruzeiro;3;18;2015
316;Figueirense;3;19;2015
262;Flamengo;3;17;2015
266;Fluminense;3;12;2015
290;Goiás;3;2;2015
284;Grêmio;3;11;2015
285;Internacional;3;13;2015
317;Joinville;3;20;2015
275;Palmeiras;3;16;2015
303;PontePreta;3;7;2015
277;Santos;3;10;2015
276;SãoPaulo;3;4;2015
292;Sport;3;1;2015
267;Vasco;3;15;2015
282;Atlético-MG;4;5;2015
293;Atlético-PR;4;1;2015
314;Avaí;4;7;2015
315;Chapecoense;4;10;2015
264;Corinthians;4;8;2015
294;Coritiba;4;16;2015
283;Cruzeiro;4;19;2015
316;Figueirense;4;15;2015
262;Flamengo;4;18;2015
266;Fluminense;4;9;2015
290;Goiás;4;4;2015
284;Grêmio;4;13;2015
285;Internacional;4;14;2015
317;Joinville;4;20;2015
275;Palmeiras;4;11;2015
303;PontePreta;4;3;2015
277;Santos;4;12;2015
276;SãoPaulo;4;6;2015
292;Sport;4;2;2015
267;Vasco;4;17;2015
282;Atlético-MG;5;4;2015
293;Atlético-PR;5;1;2015
314;Avaí;5;10;2015
315;Chapecoense;5;7;2015
264;Corinthians;5;11;2015
294;Coritiba;5;17;2015
283;Cruzeiro;5;15;2015
316;Figueirense;5;16;2015
262;Flamengo;5;19;2015
266;Fluminense;5;6;2015
290;Goiás;5;8;2015
284;Grêmio;5;9;2015
285;Internacional;5;13;2015
317;Joinville;5;20;2015
275;Palmeiras;5;12;2015
303;PontePreta;5;2;2015
277;Santos;5;14;2015
276;SãoPaulo;5;5;2015
292;Sport;5;3;2015
267;Vasco;5;18;2015
282;Atlético-MG;6;6;2015
293;Atlético-PR;6;1;2015
314;Avaí;6;7;2015
315;Chapecoense;6;9;2015
264;Corinthians;6;8;2015
294;Coritiba;6;18;2015
283;Cruzeiro;6;13;2015
316;Figueirense;6;14;2015
262;Flamengo;6;17;2015
266;Fluminense;6;5;2015
290;Goiás;6;11;2015
284;Grêmio;6;12;2015
285;Internacional;6;10;2015
317;Joinville;6;20;2015
275;Palmeiras;6;15;2015
303;PontePreta;6;3;2015
277;Santos;6;16;2015
276;SãoPaulo;6;2;2015
292;Sport;6;4;2015
267;Vasco;6;19;2015
282;Atlético-MG;7;6;2015
293;Atlético-PR;7;2;2015
314;Avaí;7;9;2015
315;Chapecoense;7;11;2015
264;Corinthians;7;4;2015
294;Coritiba;7;18;2015
283;Cruzeiro;7;10;2015
316;Figueirense;7;15;2015
262;Flamengo;7;16;2015
266;Fluminense;7;8;2015
290;Goiás;7;13;2015
284;Grêmio;7;7;2015
285;Internacional;7;14;2015
317;Joinville;7;20;2015
275;Palmeiras;7;12;2015
303;PontePreta;7;5;2015
277;Santos;7;17;2015
276;SãoPaulo;7;1;2015
292;Sport;7;3;2015
267;Vasco;7;19;2015
282;Atlético-MG;8;4;2015
293;Atlético-PR;8;3;2015
314;Avaí;8;10;2015
315;Chapecoense;8;9;2015
264;Corinthians;8;7;2015
294;Coritiba;8;18;2015
283;Cruzeiro;8;11;2015
316;Figueirense;8;16;2015
262;Flamengo;8;17;2015
266;Fluminense;8;5;2015
290;Goiás;8;15;2015
284;Grêmio;8;6;2015
285;Internacional;8;13;2015
317;Joinville;8;19;2015
275;Palmeiras;8;14;2015
303;PontePreta;8;8;2015
277;Santos;8;12;2015
276;SãoPaulo;8;2;2015
292;Sport;8;1;2015
267;Vasco;8;20;2015
282;Atlético-MG;9;2;2015
293;Atlético-PR;9;6;2015
314;Avaí;9;12;2015
315;Chapecoense;9;9;2015
264;Corinthians;9;7;2015
294;Coritiba;9;18;2015
283;Cruzeiro;9;13;2015
316;Figueirense;9;16;2015
262;Flamengo;9;17;2015
266;Fluminense;9;3;2015
290;Goiás;9;15;2015
284;Grêmio;9;5;2015
285;Internacional;9;10;2015
317;Joinville;9;20;2015
275;Palmeiras;9;11;2015
303;PontePreta;9;8;2015
277;Santos;9;14;2015
276;SãoPaulo;9;4;2015
292;Sport;9;1;2015
267;Vasco;9;19;2015
282;Atlético-MG;10;2;2015
293;Atlético-PR;10;5;2015
314;Avaí;10;13;2015
315;Chapecoense;10;10;2015
264;Corinthians;10;6;2015
294;Coritiba;10;19;2015
283;Cruzeiro;10;14;2015
316;Figueirense;10;12;2015
262;Flamengo;10;15;2015
266;Fluminense;10;3;2015
290;Goiás;10;17;2015
284;Grêmio;10;4;2015
285;Internacional;10;11;2015
317;Joinville;10;20;2015
275;Palmeiras;10;9;2015
303;PontePreta;10;8;2015
277;Santos;10;16;2015
276;SãoPaulo;10;7;2015
292;Sport;10;1;2015
267;Vasco;10;18;2015
282;Atlético-MG;11;1;2015
293;Atlético-PR;11;6;2015
314;Avaí;11;13;2015
315;Chapecoense;11;9;2015
264;Corinthians;11;5;2015
294;Coritiba;11;19;2015
283;Cruzeiro;11;12;2015
316;Figueirense;11;11;2015
262;Flamengo;11;15;2015
266;Fluminense;11;4;2015
290;Goiás;11;16;2015
284;Grêmio;11;2;2015
285;Internacional;11;14;2015
317;Joinville;11;20;2015
275;Palmeiras;11;7;2015
303;PontePreta;11;10;2015
277;Santos;11;17;2015
276;SãoPaulo;11;8;2015
292;Sport;11;3;2015
267;Vasco;11;18;2015
282;Atlético-MG;12;1;2015
293;Atlético-PR;12;8;2015
314;Avaí;12;15;2015
315;Chapecoense;12;9;2015
264;Corinthians;12;4;2015
294;Coritiba;12;18;2015
283;Cruzeiro;12;12;2015
316;Figueirense;12;11;2015
262;Flamengo;12;13;2015
266;Fluminense;12;2;2015
290;Goiás;12;14;2015
284;Grêmio;12;3;2015
285;Internacional;12;16;2015
317;Joinville;12;20;2015
275;Palmeiras;12;6;2015
303;PontePreta;12;10;2015
277;Santos;12;17;2015
276;SãoPaulo;12;7;2015
292;Sport;12;5;2015
267;Vasco;12;19;2015
282;Atlético-MG;13;1;2015
293;Atlético-PR;13;8;2015
314;Avaí;13;13;2015
315;Chapecoense;13;9;2015
264;Corinthians;13;3;2015
294;Coritiba;13;18;2015
283;Cruzeiro;13;11;2015
316;Figueirense;13;14;2015
262;Flamengo;13;15;2015
266;Fluminense;13;2;2015
290;Goiás;13;16;2015
284;Grêmio;13;4;2015
285;Internacional;13;12;2015
317;Joinville;13;20;2015
275;Palmeiras;13;7;2015
303;PontePreta;13;10;2015
277;Santos;13;17;2015
276;SãoPaulo;13;5;2015
292;Sport;13;6;2015
267;Vasco;13;19;2015
282;Atlético-MG;14;1;2015
293;Atlético-PR;14;8;2015
314;Avaí;14;13;2015
315;Chapecoense;14;9;2015
264;Corinthians;14;2;2015
294;Coritiba;14;19;2015
283;Cruzeiro;14;12;2015
316;Figueirense;14;15;2015
262;Flamengo;14;14;2015
266;Fluminense;14;3;2015
290;Goiás;14;16;2015
284;Grêmio;14;5;2015
285;Internacional;14;10;2015
317;Joinville;14;20;2015
275;Palmeiras;14;6;2015
303;PontePreta;14;11;2015
277;Santos;14;17;2015
276;SãoPaulo;14;7;2015
292;Sport;14;4;2015
267;Vasco;14;18;2015
282;Atlético-MG;15;1;2015
293;Atlético-PR;15;8;2015
314;Avaí;15;14;2015
315;Chapecoense;15;9;2015
264;Corinthians;15;2;2015
294;Coritiba;15;19;2015
283;Cruzeiro;15;13;2015
316;Figueirense;15;16;2015
262;Flamengo;15;11;2015
266;Fluminense;15;7;2015
290;Goiás;15;17;2015
284;Grêmio;15;6;2015
285;Internacional;15;10;2015
317;Joinville;15;20;2015
275;Palmeiras;15;3;2015
303;PontePreta;15;12;2015
277;Santos;15;15;2015
276;SãoPaulo;15;5;2015
292;Sport;15;4;2015
267;Vasco;15;18;2015
282;Atlético-MG;16;1;2015
293;Atlético-PR;16;5;2015
314;Avaí;16;16;2015
315;Chapecoense;16;9;2015
264;Corinthians;16;2;2015
294;Coritiba;16;20;2015
283;Cruzeiro;16;14;2015
316;Figueirense;16;12;2015
262;Flamengo;16;11;2015
266;Fluminense;16;3;2015
290;Goiás;16;17;2015
284;Grêmio;16;8;2015
285;Internacional;16;10;2015
317;Joinville;16;18;2015
275;Palmeiras;16;6;2015
303;PontePreta;16;13;2015
277;Santos;16;15;2015
276;SãoPaulo;16;7;2015
292;Sport;16;4;2015
267;Vasco;16;19;2015
282;Atlético-MG;17;1;2015
293;Atlético-PR;17;6;2015
314;Avaí;17;16;2015
315;Chapecoense;17;9;2015
264;Corinthians;17;2;2015
294;Coritiba;17;20;2015
283;Cruzeiro;17;11;2015
316;Figueirense;17;15;2015
262;Flamengo;17;13;2015
266;Fluminense;17;4;2015
290;Goiás;17;17;2015
284;Grêmio;17;3;2015
285;Internacional;17;12;2015
317;Joinville;17;18;2015
275;Palmeiras;17;7;2015
303;PontePreta;17;10;2015
277;Santos;17;14;2015
276;SãoPaulo;17;8;2015
292;Sport;17;5;2015
267;Vasco;17;19;2015
282;Atlético-MG;18;2;2015
293;Atlético-PR;18;7;2015
314;Avaí;18;16;2015
315;Chapecoense;18;9;2015
264;Corinthians;18;1;2015
294;Coritiba;18;19;2015
283;Cruzeiro;18;14;2015
316;Figueirense;18;15;2015
262;Flamengo;18;12;2015
266;Fluminense;18;5;2015
290;Goiás;18;18;2015
284;Grêmio;18;3;2015
285;Internacional;18;11;2015
317;Joinville;18;17;2015
275;Palmeiras;18;8;2015
303;PontePreta;18;10;2015
277;Santos;18;13;2015
276;SãoPaulo;18;4;2015
292;Sport;18;6;2015
267;Vasco;18;20;2015
282;Atlético-MG;19;2;2015
293;Atlético-PR;19;8;2015
314;Avaí;19;16;2015
315;Chapecoense;19;9;2015
264;Corinthians;19;1;2015
294;Coritiba;19;18;2015
283;Cruzeiro;19;14;2015
316;Figueirense;19;15;2015
262;Flamengo;19;13;2015
266;Fluminense;19;4;2015
290;Goiás;19;17;2015
284;Grêmio;19;3;2015
285;Internacional;19;11;2015
317;Joinville;19;19;2015
275;Palmeiras;19;5;2015
303;PontePreta;19;10;2015
277;Santos;19;12;2015
276;SãoPaulo;19;6;2015
292;Sport;19;7;2015
267;Vasco;19;20;2015
282;Atlético-MG;20;2;2015
293;Atlético-PR;20;8;2015
314;Avaí;20;18;2015
315;Chapecoense;20;9;2015
264;Corinthians;20;1;2015
294;Coritiba;20;17;2015
283;Cruzeiro;20;15;2015
316;Figueirense;20;14;2015
262;Flamengo;20;13;2015
266;Fluminense;20;4;2015
290;Goiás;20;16;2015
284;Grêmio;20;3;2015
285;Internacional;20;10;2015
317;Joinville;20;19;2015
275;Palmeiras;20;5;2015
303;PontePreta;20;12;2015
277;Santos;20;11;2015
276;SãoPaulo;20;6;2015
292;Sport;20;7;2015
267;Vasco;20;20;2015
282;Atlético-MG;21;2;2015
293;Atlético-PR;21;6;2015
314;Avaí;21;15;2015
315;Chapecoense;21;11;2015
264;Corinthians;21;1;2015
294;Coritiba;21;18;2015
283;Cruzeiro;21;16;2015
316;Figueirense;21;14;2015
262;Flamengo;21;10;2015
266;Fluminense;21;7;2015
290;Goiás;21;17;2015
284;Grêmio;21;3;2015
285;Internacional;21;12;2015
317;Joinville;21;19;2015
275;Palmeiras;21;4;2015
303;PontePreta;21;13;2015
277;Santos;21;9;2015
276;SãoPaulo;21;5;2015
292;Sport;21;8;2015
267;Vasco;21;20;2015
282;Atlético-MG;22;2;2015
293;Atlético-PR;22;4;2015
314;Avaí;22;17;2015
315;Chapecoense;22;12;2015
264;Corinthians;22;1;2015
294;Coritiba;22;18;2015
283;Cruzeiro;22;15;2015
316;Figueirense;22;14;2015
262;Flamengo;22;9;2015
266;Fluminense;22;7;2015
290;Goiás;22;16;2015
284;Grêmio;22;3;2015
285;Internacional;22;11;2015
317;Joinville;22;19;2015
275;Palmeiras;22;6;2015
303;PontePreta;22;13;2015
277;Santos;22;8;2015
276;SãoPaulo;22;5;2015
292;Sport;22;10;2015
267;Vasco;22;20;2015
282;Atlético-MG;23;2;2015
293;Atlético-PR;23;5;2015
314;Avaí;23;18;2015
315;Chapecoense;23;12;2015
264;Corinthians;23;1;2015
294;Coritiba;23;16;2015
283;Cruzeiro;23;13;2015
316;Figueirense;23;15;2015
262;Flamengo;23;6;2015
266;Fluminense;23;9;2015
290;Goiás;23;17;2015
284;Grêmio;23;3;2015
285;Internacional;23;11;2015
317;Joinville;23;19;2015
275;Palmeiras;23;7;2015
303;PontePreta;23;14;2015
277;Santos;23;8;2015
276;SãoPaulo;23;4;2015
292;Sport;23;10;2015
267;Vasco;23;20;2015
282;Atlético-MG;24;2;2015
293;Atlético-PR;24;6;2015
314;Avaí;24;18;2015
315;Chapecoense;24;12;2015
264;Corinthians;24;1;2015
294;Coritiba;24;17;2015
283;Cruzeiro;24;13;2015
316;Figueirense;24;16;2015
262;Flamengo;24;4;2015
266;Fluminense;24;9;2015
290;Goiás;24;14;2015
284;Grêmio;24;3;2015
285;Internacional;24;10;2015
317;Joinville;24;19;2015
275;Palmeiras;24;8;2015
303;PontePreta;24;15;2015
277;Santos;24;7;2015
276;SãoPaulo;24;5;2015
292;Sport;24;11;2015
267;Vasco;24;20;2015
282;Atlético-MG;25;2;2015
293;Atlético-PR;25;7;2015
314;Avaí;25;18;2015
315;Chapecoense;25;13;2015
264;Corinthians;25;1;2015
294;Coritiba;25;17;2015
283;Cruzeiro;25;14;2015
316;Figueirense;25;16;2015
262;Flamengo;25;4;2015
266;Fluminense;25;11;2015
290;Goiás;25;15;2015
284;Grêmio;25;3;2015
285;Internacional;25;9;2015
317;Joinville;25;19;2015
275;Palmeiras;25;6;2015
303;PontePreta;25;12;2015
277;Santos;25;8;2015
276;SãoPaulo;25;5;2015
292;Sport;25;10;2015
267;Vasco;25;20;2015
282;Atlético-MG;26;2;2015
293;Atlético-PR;26;9;2015
314;Avaí;26;16;2015
315;Chapecoense;26;13;2015
264;Corinthians;26;1;2015
294;Coritiba;26;15;2015
283;Cruzeiro;26;14;2015
316;Figueirense;26;18;2015
262;Flamengo;26;5;2015
266;Fluminense;26;11;2015
290;Goiás;26;17;2015
284;Grêmio;26;3;2015
285;Internacional;26;8;2015
317;Joinville;26;19;2015
275;Palmeiras;26;6;2015
303;PontePreta;26;12;2015
277;Santos;26;7;2015
276;SãoPaulo;26;4;2015
292;Sport;26;10;2015
267;Vasco;26;20;2015
282;Atlético-MG;27;2;2015
293;Atlético-PR;27;9;2015
314;Avaí;27;15;2015
315;Chapecoense;27;17;2015
264;Corinthians;27;1;2015
294;Coritiba;27;14;2015
283;Cruzeiro;27;13;2015
316;Figueirense;27;18;2015
262;Flamengo;27;6;2015
266;Fluminense;27;12;2015
290;Goiás;27;16;2015
284;Grêmio;27;3;2015
285;Internacional;27;7;2015
317;Joinville;27;20;2015
275;Palmeiras;27;4;2015
303;PontePreta;27;10;2015
277;Santos;27;8;2015
276;SãoPaulo;27;5;2015
292;Sport;27;11;2015
267;Vasco;27;19;2015
282;Atlético-MG;28;2;2015
293;Atlético-PR;28;11;2015
314;Avaí;28;15;2015
315;Chapecoense;28;17;2015
264;Corinthians;28;1;2015
294;Coritiba;28;14;2015
283;Cruzeiro;28;13;2015
316;Figueirense;28;18;2015
262;Flamengo;28;7;2015
266;Fluminense;28;12;2015
290;Goiás;28;16;2015
284;Grêmio;28;3;2015
285;Internacional;28;8;2015
317;Joinville;28;20;2015
275;Palmeiras;28;4;2015
303;PontePreta;28;9;2015
277;Santos;28;5;2015
276;SãoPaulo;28;6;2015
292;Sport;28;10;2015
267;Vasco;28;19;2015
282;Atlético-MG;29;2;2015
293;Atlético-PR;29;11;2015
314;Avaí;29;15;2015
315;Chapecoense;29;14;2015
264;Corinthians;29;1;2015
294;Coritiba;29;16;2015
283;Cruzeiro;29;13;2015
316;Figueirense;29;18;2015
262;Flamengo;29;7;2015
266;Fluminense;29;12;2015
290;Goiás;29;17;2015
284;Grêmio;29;3;2015
285;Internacional;29;8;2015
317;Joinville;29;20;2015
275;Palmeiras;29;6;2015
303;PontePreta;29;9;2015
277;Santos;29;4;2015
276;SãoPaulo;29;5;2015
292;Sport;29;10;2015
267;Vasco;29;19;2015
282;Atlético-MG;30;2;2015
293;Atlético-PR;30;12;2015
314;Avaí;30;16;2015
315;Chapecoense;30;14;2015
264;Corinthians;30;1;2015
294;Coritiba;30;17;2015
283;Cruzeiro;30;13;2015
316;Figueirense;30;15;2015
262;Flamengo;30;7;2015
266;Fluminense;30;11;2015
290;Goiás;30;18;2015
284;Grêmio;30;3;2015
285;Internacional;30;8;2015
317;Joinville;30;20;2015
275;Palmeiras;30;6;2015
303;PontePreta;30;9;2015
277;Santos;30;4;2015
276;SãoPaulo;30;5;2015
292;Sport;30;10;2015
267;Vasco;30;19;2015
282;Atlético-MG;31;2;2015
293;Atlético-PR;31;13;2015
314;Avaí;31;16;2015
315;Chapecoense;31;14;2015
264;Corinthians;31;1;2015
294;Coritiba;31;17;2015
283;Cruzeiro;31;11;2015
316;Figueirense;31;15;2015
262;Flamengo;31;10;2015
266;Fluminense;31;12;2015
290;Goiás;31;18;2015
284;Grêmio;31;3;2015
285;Internacional;31;7;2015
317;Joinville;31;19;2015
275;Palmeiras;31;5;2015
303;PontePreta;31;8;2015
277;Santos;31;4;2015
276;SãoPaulo;31;6;2015
292;Sport;31;9;2015
267;Vasco;31;20;2015
282;Atlético-MG;32;2;2015
293;Atlético-PR;32;12;2015
314;Avaí;32;16;2015
315;Chapecoense;32;14;2015
264;Corinthians;32;1;2015
294;Coritiba;32;17;2015
283;Cruzeiro;32;11;2015
316;Figueirense;32;15;2015
262;Flamengo;32;10;2015
266;Fluminense;32;13;2015
290;Goiás;32;18;2015
284;Grêmio;32;3;2015
285;Internacional;32;6;2015
317;Joinville;32;19;2015
275;Palmeiras;32;8;2015
303;PontePreta;32;9;2015
277;Santos;32;4;2015
276;SãoPaulo;32;5;2015
292;Sport;32;7;2015
267;Vasco;32;20;2015
282;Atlético-MG;33;2;2015
293;Atlético-PR;33;13;2015
314;Avaí;33;16;2015
315;Chapecoense;33;14;2015
264;Corinthians;33;1;2015
294;Coritiba;33;18;2015
283;Cruzeiro;33;10;2015
316;Figueirense;33;15;2015
262;Flamengo;33;11;2015
266;Fluminense;33;12;2015
290;Goiás;33;17;2015
284;Grêmio;33;3;2015
285;Internacional;33;6;2015
317;Joinville;33;19;2015
275;Palmeiras;33;9;2015
303;PontePreta;33;7;2015
277;Santos;33;4;2015
276;SãoPaulo;33;5;2015
292;Sport;33;8;2015
267;Vasco;33;20;2015
282;Atlético-MG;34;2;2015
293;Atlético-PR;34;12;2015
314;Avaí;34;16;2015
315;Chapecoense;34;14;2015
264;Corinthians;34;1;2015
294;Coritiba;34;18;2015
283;Cruzeiro;34;10;2015
316;Figueirense;34;15;2015
262;Flamengo;34;11;2015
266;Fluminense;34;13;2015
290;Goiás;34;17;2015
284;Grêmio;34;3;2015
285;Internacional;34;6;2015
317;Joinville;34;20;2015
275;Palmeiras;34;9;2015
303;PontePreta;34;8;2015
277;Santos;34;4;2015
276;SãoPaulo;34;5;2015
292;Sport;34;7;2015
267;Vasco;34;19;2015
282;Atlético-MG;35;2;2015
293;Atlético-PR;35;12;2015
314;Avaí;35;16;2015
315;Chapecoense;35;13;2015
264;Corinthians;35;1;2015
294;Coritiba;35;17;2015
283;Cruzeiro;35;8;2015
316;Figueirense;35;15;2015
262;Flamengo;35;11;2015
266;Fluminense;35;14;2015
290;Goiás;35;18;2015
284;Grêmio;35;3;2015
285;Internacional;35;6;2015
317;Joinville;35;20;2015
275;Palmeiras;35;10;2015
303;PontePreta;35;9;2015
277;Santos;35;5;2015
276;SãoPaulo;35;4;2015
292;Sport;35;7;2015
267;Vasco;35;19;2015
282;Atlético-MG;36;2;2015
293;Atlético-PR;36;12;2015
314;Avaí;36;17;2015
315;Chapecoense;36;13;2015
264;Corinthians;36;1;2015
294;Coritiba;36;15;2015
283;Cruzeiro;36;8;2015
316;Figueirense;36;16;2015
262;Flamengo;36;11;2015
266;Fluminense;36;14;2015
290;Goiás;36;19;2015
284;Grêmio;36;3;2015
285;Internacional;36;5;2015
317;Joinville;36;20;2015
275;Palmeiras;36;10;2015
303;PontePreta;36;9;2015
277;Santos;36;6;2015
276;SãoPaulo;36;4;2015
292;Sport;36;7;2015
267;Vasco;36;18;2015
282;Atlético-MG;37;2;2015
293;Atlético-PR;37;9;2015
314;Avaí;37;16;2015
315;Chapecoense;37;14;2015
264;Corinthians;37;1;2015
294;Coritiba;37;15;2015
283;Cruzeiro;37;8;2015
316;Figueirense;37;17;2015
262;Flamengo;37;12;2015
266;Fluminense;37;13;2015
290;Goiás;37;19;2015
284;Grêmio;37;3;2015
285;Internacional;37;5;2015
317;Joinville;37;20;2015
275;Palmeiras;37;11;2015
303;PontePreta;37;10;2015
277;Santos;37;7;2015
276;SãoPaulo;37;4;2015
292;Sport;37;6;2015
267;Vasco;37;18;2015
282;Atlético-MG;38;2;2015
293;Atlético-PR;38;10;2015
314;Avaí;38;17;2015
315;Chapecoense;38;14;2015
264;Corinthians;38;1;2015
294;Coritiba;38;15;2015
283;Cruzeiro;38;8;2015
316;Figueirense;38;16;2015
262;Flamengo;38;12;2015
266;Fluminense;38;13;2015
290;Goiás;38;19;2015
284;Grêmio;38;3;2015
285;Internacional;38;5;2015
317;Joinville;38;20;2015
275;Palmeiras;38;9;2015
303;PontePreta;38;11;2015
277;Santos;38;7;2015
276;SãoPaulo;38;4;2015
292;Sport;38;6;2015
267;Vasco;38;18;2015
327;América-MG;1;14;2016
282;Atlético-MG;1;5;2016
293;Atlético-PR;1;20;2016
263;Botafogo;1;15;2016
315;Chapecoense;1;13;2016
264;Corinthians;1;8;2016
294;Coritiba;1;4;2016
283;Cruzeiro;1;18;2016
316;Figueirense;1;9;2016
262;Flamengo;1;5;2016
266;Fluminense;1;3;2016
284;Grêmio;1;11;2016
285;Internacional;1;10;2016
275;Palmeiras;1;1;2016
303;PontePreta;1;12;2016
344;SantaCruz;1;2;2016
277;Santos;1;16;2016
276;SãoPaulo;1;7;2016
292;Sport;1;17;2016
287;Vitória;1;19;2016
327;América-MG;2;20;2016
282;Atlético-MG;2;4;2016
293;Atlético-PR;2;19;2016
263;Botafogo;2;17;2016
315;Chapecoense;2;2;2016
264;Corinthians;2;15;2016
294;Coritiba;2;10;2016
283;Cruzeiro;2;16;2016
316;Figueirense;2;14;2016
262;Flamengo;2;11;2016
266;Fluminense;2;3;2016
284;Grêmio;2;7;2016
285;Internacional;2;6;2016
275;Palmeiras;2;8;2016
303;PontePreta;2;5;2016
344;SantaCruz;2;1;2016
277;Santos;2;9;2016
276;SãoPaulo;2;12;2016
292;Sport;2;18;2016
287;Vitória;2;13;2016
327;América-MG;3;18;2016
282;Atlético-MG;3;14;2016
293;Atlético-PR;3;20;2016
263;Botafogo;3;8;2016
315;Chapecoense;3;5;2016
264;Corinthians;3;6;2016
294;Coritiba;3;8;2016
283;Cruzeiro;3;19;2016
316;Figueirense;3;16;2016
262;Flamengo;3;11;2016
266;Fluminense;3;12;2016
284;Grêmio;3;2;2016
285;Internacional;3;3;2016
275;Palmeiras;3;4;2016
303;PontePreta;3;15;2016
344;SantaCruz;3;1;2016
277;Santos;3;7;2016
276;SãoPaulo;3;10;2016
292;Sport;3;17;2016
287;Vitória;3;13;2016
327;América-MG;4;18;2016
282;Atlético-MG;4;11;2016
293;Atlético-PR;4;16;2016
263;Botafogo;4;13;2016
315;Chapecoense;4;9;2016
264;Corinthians;4;4;2016
294;Coritiba;4;14;2016
283;Cruzeiro;4;19;2016
316;Figueirense;4;17;2016
262;Flamengo;4;5;2016
266;Fluminense;4;7;2016
284;Grêmio;4;1;2016
285;Internacional;4;2;2016
275;Palmeiras;4;8;2016
303;PontePreta;4;15;2016
344;SantaCruz;4;3;2016
277;Santos;4;12;2016
276;SãoPaulo;4;6;2016
292;Sport;4;20;2016
287;Vitória;4;10;2016
327;América-MG;5;20;2016
282;Atlético-MG;5;12;2016
293;Atlético-PR;5;19;2016
263;Botafogo;5;16;2016
315;Chapecoense;5;6;2016
264;Corinthians;5;3;2016
294;Coritiba;5;17;2016
283;Cruzeiro;5;14;2016
316;Figueirense;5;11;2016
262;Flamengo;5;4;2016
266;Fluminense;5;8;2016
284;Grêmio;5;2;2016
285;Internacional;5;1;2016
275;Palmeiras;5;5;2016
303;PontePreta;5;10;2016
344;SantaCruz;5;7;2016
277;Santos;5;15;2016
276;SãoPaulo;5;9;2016
292;Sport;5;18;2016
287;Vitória;5;13;2016
327;América-MG;6;17;2016
282;Atlético-MG;6;14;2016
293;Atlético-PR;6;13;2016
263;Botafogo;6;20;2016
315;Chapecoense;6;7;2016
264;Corinthians;6;1;2016
294;Coritiba;6;19;2016
283;Cruzeiro;6;18;2016
316;Figueirense;6;15;2016
262;Flamengo;6;5;2016
266;Fluminense;6;8;2016
284;Grêmio;6;2;2016
285;Internacional;6;3;2016
275;Palmeiras;6;4;2016
303;PontePreta;6;12;2016
344;SantaCruz;6;9;2016
277;Santos;6;11;2016
276;SãoPaulo;6;6;2016
292;Sport;6;16;2016
287;Vitória;6;10;2016
327;América-MG;7;19;2016
282;Atlético-MG;7;17;2016
293;Atlético-PR;7;9;2016
263;Botafogo;7;20;2016
315;Chapecoense;7;10;2016
264;Corinthians;7;4;2016
294;Coritiba;7;16;2016
283;Cruzeiro;7;15;2016
316;Figueirense;7;12;2016
262;Flamengo;7;6;2016
266;Fluminense;7;11;2016
284;Grêmio;7;3;2016
285;Internacional;7;1;2016
275;Palmeiras;7;2;2016
303;PontePreta;7;8;2016
344;SantaCruz;7;14;2016
277;Santos;7;5;2016
276;SãoPaulo;7;7;2016
292;Sport;7;18;2016
287;Vitória;7;13;2016
327;América-MG;8;20;2016
282;Atlético-MG;8;18;2016
293;Atlético-PR;8;12;2016
263;Botafogo;8;16;2016
315;Chapecoense;8;11;2016
264;Corinthians;8;5;2016
294;Coritiba;8;17;2016
283;Cruzeiro;8;15;2016
316;Figueirense;8;13;2016
262;Flamengo;8;7;2016
266;Fluminense;8;9;2016
284;Grêmio;8;3;2016
285;Internacional;8;1;2016
275;Palmeiras;8;2;2016
303;PontePreta;8;8;2016
344;SantaCruz;8;10;2016
277;Santos;8;4;2016
276;SãoPaulo;8;6;2016
292;Sport;8;19;2016
287;Vitória;8;14;2016
327;América-MG;9;19;2016
282;Atlético-MG;9;14;2016
293;Atlético-PR;9;9;2016
263;Botafogo;9;18;2016
315;Chapecoense;9;7;2016
264;Corinthians;9;4;2016
294;Coritiba;9;16;2016
283;Cruzeiro;9;20;2016
316;Figueirense;9;12;2016
262;Flamengo;9;6;2016
266;Fluminense;9;11;2016
284;Grêmio;9;3;2016
285;Internacional;9;2;2016
275;Palmeiras;9;1;2016
303;PontePreta;9;10;2016
344;SantaCruz;9;13;2016
277;Santos;9;8;2016
276;SãoPaulo;9;5;2016
292;Sport;9;17;2016
287;Vitória;9;15;2016
327;América-MG;10;20;2016
282;Atlético-MG;10;12;2016
293;Atlético-PR;10;9;2016
263;Botafogo;10;19;2016
315;Chapecoense;10;8;2016
264;Corinthians;10;6;2016
294;Coritiba;10;17;2016
283;Cruzeiro;10;16;2016
316;Figueirense;10;11;2016
262;Flamengo;10;4;2016
266;Fluminense;10;13;2016
284;Grêmio;10;3;2016
285;Internacional;10;2;2016
275;Palmeiras;10;1;2016
303;PontePreta;10;10;2016
344;SantaCruz;10;15;2016
277;Santos;10;5;2016
276;SãoPaulo;10;7;2016
292;Sport;10;18;2016
287;Vitória;10;14;2016
327;América-MG;11;20;2016
282;Atlético-MG;11;8;2016
293;Atlético-PR;11;7;2016
263;Botafogo;11;17;2016
315;Chapecoense;11;11;2016
264;Corinthians;11;4;2016
294;Coritiba;11;19;2016
283;Cruzeiro;11;12;2016
316;Figueirense;11;14;2016
262;Flamengo;11;6;2016
266;Fluminense;11;9;2016
284;Grêmio;11;5;2016
285;Internacional;11;2;2016
275;Palmeiras;11;1;2016
303;PontePreta;11;13;2016
344;SantaCruz;11;18;2016
277;Santos;11;3;2016
276;SãoPaulo;11;10;2016
292;Sport;11;16;2016
287;Vitória;11;15;2016
327;América-MG;12;20;2016
282;Atlético-MG;12;7;2016
293;Atlético-PR;12;10;2016
263;Botafogo;12;18;2016
315;Chapecoense;12;9;2016
264;Corinthians;12;2;2016
294;Coritiba;12;16;2016
283;Cruzeiro;12;14;2016
316;Figueirense;12;15;2016
262;Flamengo;12;5;2016
266;Fluminense;12;12;2016
284;Grêmio;12;3;2016
285;Internacional;12;4;2016
275;Palmeiras;12;1;2016
303;PontePreta;12;11;2016
344;SantaCruz;12;19;2016
277;Santos;12;6;2016
276;SãoPaulo;12;8;2016
292;Sport;12;17;2016
287;Vitória;12;13;2016
327;América-MG;13;20;2016
282;Atlético-MG;13;9;2016
293;Atlético-PR;13;6;2016
263;Botafogo;13;15;2016
315;Chapecoense;13;11;2016
264;Corinthians;13;2;2016
294;Coritiba;13;17;2016
283;Cruzeiro;13;14;2016
316;Figueirense;13;16;2016
262;Flamengo;13;7;2016
266;Fluminense;13;12;2016
284;Grêmio;13;3;2016
285;Internacional;13;5;2016
275;Palmeiras;13;1;2016
303;PontePreta;13;8;2016
344;SantaCruz;13;19;2016
277;Santos;13;4;2016
276;SãoPaulo;13;10;2016
292;Sport;13;18;2016
287;Vitória;13;13;2016
327;América-MG;14;20;2016
282;Atlético-MG;14;10;2016
293;Atlético-PR;14;5;2016
263;Botafogo;14;14;2016
315;Chapecoense;14;13;2016
264;Corinthians;14;2;2016
294;Coritiba;14;16;2016
283;Cruzeiro;14;15;2016
316;Figueirense;14;17;2016
262;Flamengo;14;6;2016
266;Fluminense;14;11;2016
284;Grêmio;14;3;2016
285;Internacional;14;9;2016
275;Palmeiras;14;1;2016
303;PontePreta;14;7;2016
344;SantaCruz;14;18;2016
277;Santos;14;4;2016
276;SãoPaulo;14;8;2016
292;Sport;14;19;2016
287;Vitória;14;12;2016
327;América-MG;15;20;2016
282;Atlético-MG;15;8;2016
293;Atlético-PR;15;5;2016
263;Botafogo;15;15;2016
315;Chapecoense;15;13;2016
264;Corinthians;15;2;2016
294;Coritiba;15;19;2016
283;Cruzeiro;15;18;2016
316;Figueirense;15;16;2016
262;Flamengo;15;6;2016
266;Fluminense;15;10;2016
284;Grêmio;15;3;2016
285;Internacional;15;11;2016
275;Palmeiras;15;1;2016
303;PontePreta;15;7;2016
344;SantaCruz;15;14;2016
277;Santos;15;4;2016
276;SãoPaulo;15;9;2016
292;Sport;15;17;2016
287;Vitória;15;12;2016
327;América-MG;16;20;2016
282;Atlético-MG;16;6;2016
293;Atlético-PR;16;5;2016
263;Botafogo;16;17;2016
315;Chapecoense;16;10;2016
264;Corinthians;16;2;2016
294;Coritiba;16;15;2016
283;Cruzeiro;16;19;2016
316;Figueirense;16;18;2016
262;Flamengo;16;7;2016
266;Fluminense;16;12;2016
284;Grêmio;16;3;2016
285;Internacional;16;11;2016
275;Palmeiras;16;1;2016
303;PontePreta;16;8;2016
344;SantaCruz;16;16;2016
277;Santos;16;4;2016
276;SãoPaulo;16;9;2016
292;Sport;16;14;2016
287;Vitória;16;13;2016
327;América-MG;17;20;2016
282;Atlético-MG;17;6;2016
293;Atlético-PR;17;7;2016
263;Botafogo;17;14;2016
315;Chapecoense;17;11;2016
264;Corinthians;17;1;2016
294;Coritiba;17;17;2016
283;Cruzeiro;17;19;2016
316;Figueirense;17;15;2016
262;Flamengo;17;5;2016
266;Fluminense;17;9;2016
284;Grêmio;17;4;2016
285;Internacional;17;13;2016
275;Palmeiras;17;3;2016
303;PontePreta;17;8;2016
344;SantaCruz;17;18;2016
277;Santos;17;2;2016
276;SãoPaulo;17;10;2016
292;Sport;17;12;2016
287;Vitória;17;16;2016
327;América-MG;18;20;2016
282;Atlético-MG;18;5;2016
293;Atlético-PR;18;7;2016
263;Botafogo;18;15;2016
315;Chapecoense;18;10;2016
264;Corinthians;18;3;2016
294;Coritiba;18;19;2016
283;Cruzeiro;18;18;2016
316;Figueirense;18;16;2016
262;Flamengo;18;6;2016
266;Fluminense;18;9;2016
284;Grêmio;18;4;2016
285;Internacional;18;14;2016
275;Palmeiras;18;2;2016
303;PontePreta;18;8;2016
344;SantaCruz;18;18;2016
277;Santos;18;1;2016
276;SãoPaulo;18;11;2016
292;Sport;18;12;2016
287;Vitória;18;13;2016
327;América-MG;19;20;2016
282;Atlético-MG;19;3;2016
293;Atlético-PR;19;9;2016
263;Botafogo;19;11;2016
315;Chapecoense;19;10;2016
264;Corinthians;19;4;2016
294;Coritiba;19;16;2016
283;Cruzeiro;19;14;2016
316;Figueirense;19;18;2016
262;Flamengo;19;2;2016
266;Fluminense;19;8;2016
284;Grêmio;19;6;2016
285;Internacional;19;17;2016
275;Palmeiras;19;1;2016
303;PontePreta;19;7;2016
344;SantaCruz;19;19;2016
277;Santos;19;5;2016
276;SãoPaulo;19;12;2016
292;Sport;19;13;2016
287;Vitória;19;15;2016
327;América-MG;20;20;2016
282;Atlético-MG;20;4;2016
293;Atlético-PR;20;8;2016
263;Botafogo;20;13;2016
315;Chapecoense;20;10;2016
264;Corinthians;20;5;2016
294;Coritiba;20;16;2016
283;Cruzeiro;20;18;2016
316;Figueirense;20;17;2016
262;Flamengo;20;6;2016
266;Fluminense;20;7;2016
284;Grêmio;20;3;2016
285;Internacional;20;15;2016
275;Palmeiras;20;1;2016
303;PontePreta;20;9;2016
344;SantaCruz;20;19;2016
277;Santos;20;2;2016
276;SãoPaulo;20;12;2016
292;Sport;20;11;2016
287;Vitória;20;14;2016
327;América-MG;21;20;2016
282;Atlético-MG;21;2;2016
293;Atlético-PR;21;9;2016
263;Botafogo;21;13;2016
315;Chapecoense;21;10;2016
264;Corinthians;21;3;2016
294;Coritiba;21;14;2016
283;Cruzeiro;21;16;2016
316;Figueirense;21;18;2016
262;Flamengo;21;4;2016
266;Fluminense;21;7;2016
284;Grêmio;21;6;2016
285;Internacional;21;15;2016
275;Palmeiras;21;1;2016
303;PontePreta;21;8;2016
344;SantaCruz;21;19;2016
277;Santos;21;5;2016
276;SãoPaulo;21;11;2016
292;Sport;21;12;2016
287;Vitória;21;17;2016
327;América-MG;22;20;2016
282;Atlético-MG;22;3;2016
293;Atlético-PR;22;9;2016
263;Botafogo;22;11;2016
315;Chapecoense;22;10;2016
264;Corinthians;22;4;2016
294;Coritiba;22;16;2016
283;Cruzeiro;22;14;2016
316;Figueirense;22;18;2016
262;Flamengo;22;2;2016
266;Fluminense;22;8;2016
284;Grêmio;22;6;2016
285;Internacional;22;17;2016
275;Palmeiras;22;1;2016
303;PontePreta;22;7;2016
344;SantaCruz;22;19;2016
277;Santos;22;5;2016
276;SãoPaulo;22;12;2016
292;Sport;22;13;2016
287;Vitória;22;15;2016
327;América-MG;23;20;2016
282;Atlético-MG;23;3;2016
293;Atlético-PR;23;9;2016
263;Botafogo;23;10;2016
315;Chapecoense;23;11;2016
264;Corinthians;23;4;2016
294;Coritiba;23;13;2016
283;Cruzeiro;23;12;2016
316;Figueirense;23;17;2016
262;Flamengo;23;2;2016
266;Fluminense;23;8;2016
284;Grêmio;23;6;2016
285;Internacional;23;15;2016
275;Palmeiras;23;1;2016
303;PontePreta;23;7;2016
344;SantaCruz;23;19;2016
277;Santos;23;5;2016
276;SãoPaulo;23;14;2016
292;Sport;23;16;2016
287;Vitória;23;18;2016
327;América-MG;24;20;2016
282;Atlético-MG;24;3;2016
293;Atlético-PR;24;8;2016
263;Botafogo;24;9;2016
315;Chapecoense;24;11;2016
264;Corinthians;24;4;2016
294;Coritiba;24;15;2016
283;Cruzeiro;24;14;2016
316;Figueirense;24;17;2016
262;Flamengo;24;2;2016
266;Fluminense;24;7;2016
284;Grêmio;24;6;2016
285;Internacional;24;16;2016
275;Palmeiras;24;1;2016
303;PontePreta;24;10;2016
344;SantaCruz;24;19;2016
277;Santos;24;5;2016
276;SãoPaulo;24;12;2016
292;Sport;24;13;2016
287;Vitória;24;18;2016
327;América-MG;25;20;2016
282;Atlético-MG;25;3;2016
293;Atlético-PR;25;10;2016
263;Botafogo;25;11;2016
315;Chapecoense;25;9;2016
264;Corinthians;25;5;2016
294;Coritiba;25;14;2016
283;Cruzeiro;25;15;2016
316;Figueirense;25;17;2016
262;Flamengo;25;2;2016
266;Fluminense;25;7;2016
284;Grêmio;25;8;2016
285;Internacional;25;18;2016
275;Palmeiras;25;1;2016
303;PontePreta;25;6;2016
344;SantaCruz;25;19;2016
277;Santos;25;4;2016
276;SãoPaulo;25;12;2016
292;Sport;25;13;2016
287;Vitória;25;16;2016
327;América-MG;26;20;2016
282;Atlético-MG;26;3;2016
293;Atlético-PR;26;7;2016
263;Botafogo;26;9;2016
315;Chapecoense;26;10;2016
264;Corinthians;26;5;2016
294;Coritiba;26;13;2016
283;Cruzeiro;26;15;2016
316;Figueirense;26;17;2016
262;Flamengo;26;2;2016
266;Fluminense;26;6;2016
284;Grêmio;26;11;2016
285;Internacional;26;18;2016
275;Palmeiras;26;1;2016
303;PontePreta;26;8;2016
344;SantaCruz;26;19;2016
277;Santos;26;4;2016
276;SãoPaulo;26;12;2016
292;Sport;26;14;2016
287;Vitória;26;16;2016
327;América-MG;27;20;2016
282;Atlético-MG;27;3;2016
293;Atlético-PR;27;6;2016
263;Botafogo;27;10;2016
315;Chapecoense;27;11;2016
264;Corinthians;27;7;2016
294;Coritiba;27;14;2016
283;Cruzeiro;27;17;2016
316;Figueirense;27;16;2016
262;Flamengo;27;2;2016
266;Fluminense;27;5;2016
284;Grêmio;27;8;2016
285;Internacional;27;18;2016
275;Palmeiras;27;1;2016
303;PontePreta;27;9;2016
344;SantaCruz;27;19;2016
277;Santos;27;4;2016
276;SãoPaulo;27;12;2016
292;Sport;27;13;2016
287;Vitória;27;15;2016
327;América-MG;28;20;2016
282;Atlético-MG;28;3;2016
293;Atlético-PR;28;6;2016
263;Botafogo;28;8;2016
315;Chapecoense;28;11;2016
264;Corinthians;28;7;2016
294;Coritiba;28;12;2016
283;Cruzeiro;28;16;2016
316;Figueirense;28;17;2016
262;Flamengo;28;2;2016
266;Fluminense;28;5;2016
284;Grêmio;28;9;2016
285;Internacional;28;18;2016
275;Palmeiras;28;1;2016
303;PontePreta;28;10;2016
344;SantaCruz;28;19;2016
277;Santos;28;4;2016
276;SãoPaulo;28;14;2016
292;Sport;28;15;2016
287;Vitória;28;13;2016
327;América-MG;29;20;2016
282;Atlético-MG;29;3;2016
293;Atlético-PR;29;6;2016
263;Botafogo;29;7;2016
315;Chapecoense;29;11;2016
264;Corinthians;29;9;2016
294;Coritiba;29;13;2016
283;Cruzeiro;29;12;2016
316;Figueirense;29;18;2016
262;Flamengo;29;2;2016
266;Fluminense;29;5;2016
284;Grêmio;29;8;2016
285;Internacional;29;17;2016
275;Palmeiras;29;1;2016
303;PontePreta;29;10;2016
344;SantaCruz;29;19;2016
277;Santos;29;4;2016
276;SãoPaulo;29;14;2016
292;Sport;29;16;2016
287;Vitória;29;15;2016
327;América-MG;30;20;2016
282;Atlético-MG;30;3;2016
293;Atlético-PR;30;8;2016
263;Botafogo;30;5;2016
315;Chapecoense;30;11;2016
264;Corinthians;30;9;2016
294;Coritiba;30;13;2016
283;Cruzeiro;30;12;2016
316;Figueirense;30;18;2016
262;Flamengo;30;2;2016
266;Fluminense;30;6;2016
284;Grêmio;30;7;2016
285;Internacional;30;17;2016
275;Palmeiras;30;1;2016
303;PontePreta;30;10;2016
344;SantaCruz;30;19;2016
277;Santos;30;4;2016
276;SãoPaulo;30;14;2016
292;Sport;30;16;2016
287;Vitória;30;15;2016
327;América-MG;31;20;2016
282;Atlético-MG;31;3;2016
293;Atlético-PR;31;6;2016
263;Botafogo;31;5;2016
315;Chapecoense;31;11;2016
264;Corinthians;31;7;2016
294;Coritiba;31;15;2016
283;Cruzeiro;31;13;2016
316;Figueirense;31;18;2016
262;Flamengo;31;2;2016
266;Fluminense;31;9;2016
284;Grêmio;31;8;2016
285;Internacional;31;16;2016
275;Palmeiras;31;1;2016
303;PontePreta;31;10;2016
344;SantaCruz;31;19;2016
277;Santos;31;4;2016
276;SãoPaulo;31;12;2016
292;Sport;31;14;2016
287;Vitória;31;17;2016
327;América-MG;32;19;2016
282;Atlético-MG;32;3;2016
293;Atlético-PR;32;7;2016
263;Botafogo;32;5;2016
315;Chapecoense;32;12;2016
264;Corinthians;32;6;2016
294;Coritiba;32;14;2016
283;Cruzeiro;32;13;2016
316;Figueirense;32;18;2016
262;Flamengo;32;2;2016
266;Fluminense;32;9;2016
284;Grêmio;32;8;2016
285;Internacional;32;15;2016
275;Palmeiras;32;1;2016
303;PontePreta;32;10;2016
344;SantaCruz;32;20;2016
277;Santos;32;4;2016
276;SãoPaulo;32;11;2016
292;Sport;32;16;2016
287;Vitória;32;17;2016
327;América-MG;33;19;2016
282;Atlético-MG;33;4;2016
293;Atlético-PR;33;6;2016
263;Botafogo;33;5;2016
315;Chapecoense;33;11;2016
264;Corinthians;33;7;2016
294;Coritiba;33;15;2016
283;Cruzeiro;33;13;2016
316;Figueirense;33;18;2016
262;Flamengo;33;2;2016
266;Fluminense;33;9;2016
284;Grêmio;33;8;2016
285;Internacional;33;16;2016
275;Palmeiras;33;1;2016
303;PontePreta;33;10;2016
344;SantaCruz;33;20;2016
277;Santos;33;3;2016
276;SãoPaulo;33;12;2016
292;Sport;33;14;2016
287;Vitória;33;17;2016
327;América-MG;34;20;2016
282;Atlético-MG;34;4;2016
293;Atlético-PR;34;6;2016
263;Botafogo;34;5;2016
315;Chapecoense;34;10;2016
264;Corinthians;34;7;2016
294;Coritiba;34;15;2016
283;Cruzeiro;34;13;2016
316;Figueirense;34;18;2016
262;Flamengo;34;3;2016
266;Fluminense;34;9;2016
284;Grêmio;34;8;2016
285;Internacional;34;17;2016
275;Palmeiras;34;1;2016
303;PontePreta;34;11;2016
344;SantaCruz;34;19;2016
277;Santos;34;2;2016
276;SãoPaulo;34;12;2016
292;Sport;34;14;2016
287;Vitória;34;16;2016
327;América-MG;35;20;2016
282;Atlético-MG;35;4;2016
293;Atlético-PR;35;5;2016
263;Botafogo;35;6;2016
315;Chapecoense;35;9;2016
264;Corinthians;35;7;2016
294;Coritiba;35;14;2016
283;Cruzeiro;35;12;2016
316;Figueirense;35;18;2016
262;Flamengo;35;3;2016
266;Fluminense;35;11;2016
284;Grêmio;35;8;2016
285;Internacional;35;17;2016
275;Palmeiras;35;1;2016
303;PontePreta;35;10;2016
344;SantaCruz;35;19;2016
277;Santos;35;2;2016
276;SãoPaulo;35;13;2016
292;Sport;35;15;2016
287;Vitória;35;16;2016
327;América-MG;36;20;2016
282;Atlético-MG;36;4;2016
293;Atlético-PR;36;5;2016
263;Botafogo;36;6;2016
315;Chapecoense;36;9;2016
264;Corinthians;36;7;2016
294;Coritiba;36;14;2016
283;Cruzeiro;36;12;2016
316;Figueirense;36;18;2016
262;Flamengo;36;3;2016
266;Fluminense;36;11;2016
284;Grêmio;36;8;2016
285;Internacional;36;17;2016
275;Palmeiras;36;1;2016
303;PontePreta;36;10;2016
344;SantaCruz;36;19;2016
277;Santos;36;3;2016
276;SãoPaulo;36;13;2016
292;Sport;36;15;2016
287;Vitória;36;16;2016
327;América-MG;37;20;2016
282;Atlético-MG;37;4;2016
293;Atlético-PR;37;5;2016
263;Botafogo;37;6;2016
315;Chapecoense;37;9;2016
264;Corinthians;37;7;2016
294;Coritiba;37;14;2016
283;Cruzeiro;37;13;2016
316;Figueirense;37;18;2016
262;Flamengo;37;2;2016
266;Fluminense;37;12;2016
284;Grêmio;37;8;2016
285;Internacional;37;17;2016
275;Palmeiras;37;1;2016
303;PontePreta;37;10;2016
344;SantaCruz;37;19;2016
277;Santos;37;3;2016
276;SãoPaulo;37;11;2016
292;Sport;37;16;2016
287;Vitória;37;15;2016
327;América-MG;38;20;2016
282;Atlético-MG;38;4;2016
293;Atlético-PR;38;6;2016
263;Botafogo;38;5;2016
315;Chapecoense;38;11;2016
264;Corinthians;38;7;2016
294;Coritiba;38;15;2016
283;Cruzeiro;38;12;2016
316;Figueirense;38;18;2016
262;Flamengo;38;3;2016
266;Fluminense;38;13;2016
284;Grêmio;38;9;2016
285;Internacional;38;17;2016
275;Palmeiras;38;1;2016
303;PontePreta;38;8;2016
344;SantaCruz;38;19;2016
277;Santos;38;2;2016
276;SãoPaulo;38;10;2016
292;Sport;38;14;2016
287;Vitória;38;16;2016
373;Atlético-GO;1;17;2017
282;Atlético-MG;1;8;2017
293;Atlético-PR;1;18;2017
314;Avaí;1;12;2017
265;Bahia;1;1;2017
263;Botafogo;1;16;2017
315;Chapecoense;1;9;2017
264;Corinthians;1;10;2017
294;Coritiba;1;4;2017
283;Cruzeiro;1;7;2017
262;Flamengo;1;11;2017
266;Fluminense;1;6;2017
284;Grêmio;1;5;2017
275;Palmeiras;1;2;2017
303;PontePreta;1;3;2017
277;Santos;1;14;2017
276;SãoPaulo;1;15;2017
292;Sport;1;19;2017
267;Vasco;1;20;2017
287;Vitória;1;13;2017
373;Atlético-GO;2;20;2017
282;Atlético-MG;2;15;2017
293;Atlético-PR;2;19;2017
314;Avaí;2;17;2017
265;Bahia;2;7;2017
263;Botafogo;2;13;2017
315;Chapecoense;2;4;2017
264;Corinthians;2;5;2017
294;Coritiba;2;9;2017
283;Cruzeiro;2;6;2017
262;Flamengo;2;3;2017
266;Fluminense;2;2;2017
284;Grêmio;2;1;2017
275;Palmeiras;2;8;2017
303;PontePreta;2;10;2017
277;Santos;2;12;2017
276;SãoPaulo;2;11;2017
292;Sport;2;18;2017
267;Vasco;2;14;2017
287;Vitória;2;16;2017
373;Atlético-GO;3;20;2017
282;Atlético-MG;3;16;2017
293;Atlético-PR;3;19;2017
314;Avaí;3;18;2017
265;Bahia;3;13;2017
263;Botafogo;3;8;2017
315;Chapecoense;3;1;2017
264;Corinthians;3;2;2017
294;Coritiba;3;5;2017
283;Cruzeiro;3;3;2017
262;Flamengo;3;10;2017
266;Fluminense;3;7;2017
284;Grêmio;3;4;2017
275;Palmeiras;3;14;2017
303;PontePreta;3;11;2017
277;Santos;3;15;2017
276;SãoPaulo;3;6;2017
292;Sport;3;12;2017
267;Vasco;3;9;2017
287;Vitória;3;17;2017
373;Atlético-GO;4;20;2017
282;Atlético-MG;4;17;2017
293;Atlético-PR;4;19;2017
314;Avaí;4;14;2017
265;Bahia;4;9;2017
263;Botafogo;4;7;2017
315;Chapecoense;4;1;2017
264;Corinthians;4;2;2017
294;Coritiba;4;4;2017
283;Cruzeiro;4;8;2017
262;Flamengo;4;12;2017
266;Fluminense;4;5;2017
284;Grêmio;4;3;2017
275;Palmeiras;4;13;2017
303;PontePreta;4;6;2017
277;Santos;4;16;2017
276;SãoPaulo;4;10;2017
292;Sport;4;15;2017
267;Vasco;4;11;2017
287;Vitória;4;18;2017
373;Atlético-GO;5;18;2017
282;Atlético-MG;5;15;2017
293;Atlético-PR;5;19;2017
314;Avaí;5;17;2017
265;Bahia;5;6;2017
263;Botafogo;5;9;2017
315;Chapecoense;5;5;2017
264;Corinthians;5;1;2017
294;Coritiba;5;3;2017
283;Cruzeiro;5;10;2017
262;Flamengo;5;14;2017
266;Fluminense;5;4;2017
284;Grêmio;5;2;2017
275;Palmeiras;5;16;2017
303;PontePreta;5;8;2017
277;Santos;5;12;2017
276;SãoPaulo;5;7;2017
292;Sport;5;11;2017
267;Vasco;5;13;2017
287;Vitória;5;20;2017
373;Atlético-GO;6;19;2017
282;Atlético-MG;6;16;2017
293;Atlético-PR;6;20;2017
314;Avaí;6;17;2017
265;Bahia;6;8;2017
263;Botafogo;6;12;2017
315;Chapecoense;6;4;2017
264;Corinthians;6;1;2017
294;Coritiba;6;3;2017
283;Cruzeiro;6;6;2017
262;Flamengo;6;15;2017
266;Fluminense;6;7;2017
284;Grêmio;6;2;2017
275;Palmeiras;6;13;2017
303;PontePreta;6;5;2017
277;Santos;6;10;2017
276;SãoPaulo;6;9;2017
292;Sport;6;14;2017
267;Vasco;6;11;2017
287;Vitória;6;18;2017
373;Atlético-GO;7;16;2017
282;Atlético-MG;7;17;2017
293;Atlético-PR;7;20;2017
314;Avaí;7;19;2017
265;Bahia;7;13;2017
263;Botafogo;7;4;2017
315;Chapecoense;7;1;2017
264;Corinthians;7;3;2017
294;Coritiba;7;8;2017
283;Cruzeiro;7;6;2017
262;Flamengo;7;18;2017
266;Fluminense;7;11;2017
284;Grêmio;7;10;2017
275;Palmeiras;7;2;2017
303;PontePreta;7;15;2017
277;Santos;7;9;2017
276;SãoPaulo;7;5;2017
292;Sport;7;7;2017
267;Vasco;7;14;2017
287;Vitória;7;12;2017
373;Atlético-GO;8;19;2017
282;Atlético-MG;8;15;2017
293;Atlético-PR;8;18;2017
314;Avaí;8;20;2017
265;Bahia;8;12;2017
263;Botafogo;8;7;2017
315;Chapecoense;8;5;2017
264;Corinthians;8;1;2017
294;Coritiba;8;3;2017
283;Cruzeiro;8;8;2017
262;Flamengo;8;11;2017
266;Fluminense;8;10;2017
284;Grêmio;8;2;2017
275;Palmeiras;8;13;2017
303;PontePreta;8;9;2017
277;Santos;8;4;2017
276;SãoPaulo;8;14;2017
292;Sport;8;17;2017
267;Vasco;8;6;2017
287;Vitória;8;16;2017
373;Atlético-GO;9;19;2017
282;Atlético-MG;9;16;2017
293;Atlético-PR;9;13;2017
314;Avaí;9;20;2017
265;Bahia;9;15;2017
263;Botafogo;9;4;2017
315;Chapecoense;9;10;2017
264;Corinthians;9;1;2017
294;Coritiba;9;5;2017
283;Cruzeiro;9;12;2017
262;Flamengo;9;8;2017
266;Fluminense;9;6;2017
284;Grêmio;9;2;2017
275;Palmeiras;9;9;2017
303;PontePreta;9;7;2017
277;Santos;9;3;2017
276;SãoPaulo;9;14;2017
292;Sport;9;17;2017
267;Vasco;9;11;2017
287;Vitória;9;18;2017
373;Atlético-GO;10;20;2017
282;Atlético-MG;10;14;2017
293;Atlético-PR;10;12;2017
314;Avaí;10;19;2017
265;Bahia;10;17;2017
263;Botafogo;10;7;2017
315;Chapecoense;10;13;2017
264;Corinthians;10;1;2017
294;Coritiba;10;9;2017
283;Cruzeiro;10;10;2017
262;Flamengo;10;3;2017
266;Fluminense;10;8;2017
284;Grêmio;10;2;2017
275;Palmeiras;10;4;2017
303;PontePreta;10;11;2017
277;Santos;10;5;2017
276;SãoPaulo;10;16;2017
292;Sport;10;15;2017
267;Vasco;10;6;2017
287;Vitória;10;18;2017
373;Atlético-GO;11;20;2017
282;Atlético-MG;11;8;2017
293;Atlético-PR;11;14;2017
314;Avaí;11;19;2017
265;Bahia;11;16;2017
263;Botafogo;11;10;2017
315;Chapecoense;11;15;2017
264;Corinthians;11;1;2017
294;Coritiba;11;9;2017
283;Cruzeiro;11;13;2017
262;Flamengo;11;3;2017
266;Fluminense;11;7;2017
284;Grêmio;11;2;2017
275;Palmeiras;11;4;2017
303;PontePreta;11;11;2017
277;Santos;11;5;2017
276;SãoPaulo;11;17;2017
292;Sport;11;12;2017
267;Vasco;11;6;2017
287;Vitória;11;18;2017
373;Atlético-GO;12;20;2017
282;Atlético-MG;12;9;2017
293;Atlético-PR;12;14;2017
314;Avaí;12;18;2017
265;Bahia;12;16;2017
263;Botafogo;12;11;2017
315;Chapecoense;12;15;2017
264;Corinthians;12;1;2017
294;Coritiba;12;12;2017
283;Cruzeiro;12;7;2017
262;Flamengo;12;2;2017
266;Fluminense;12;8;2017
284;Grêmio;12;3;2017
275;Palmeiras;12;5;2017
303;PontePreta;12;13;2017
277;Santos;12;4;2017
276;SãoPaulo;12;19;2017
292;Sport;12;6;2017
267;Vasco;12;10;2017
287;Vitória;12;17;2017
373;Atlético-GO;13;20;2017
282;Atlético-MG;13;12;2017
293;Atlético-PR;13;14;2017
314;Avaí;13;19;2017
265;Bahia;13;13;2017
263;Botafogo;13;9;2017
315;Chapecoense;13;16;2017
264;Corinthians;13;1;2017
294;Coritiba;13;10;2017
283;Cruzeiro;13;6;2017
262;Flamengo;13;4;2017
266;Fluminense;13;11;2017
284;Grêmio;13;2;2017
275;Palmeiras;13;7;2017
303;PontePreta;13;15;2017
277;Santos;13;3;2017
276;SãoPaulo;13;17;2017
292;Sport;13;5;2017
267;Vasco;13;8;2017
287;Vitória;13;18;2017
373;Atlético-GO;14;20;2017
282;Atlético-MG;14;11;2017
293;Atlético-PR;14;15;2017
314;Avaí;14;17;2017
265;Bahia;14;14;2017
263;Botafogo;14;6;2017
315;Chapecoense;14;13;2017
264;Corinthians;14;1;2017
294;Coritiba;14;12;2017
283;Cruzeiro;14;7;2017
262;Flamengo;14;4;2017
266;Fluminense;14;10;2017
284;Grêmio;14;2;2017
275;Palmeiras;14;5;2017
303;PontePreta;14;16;2017
277;Santos;14;3;2017
276;SãoPaulo;14;18;2017
292;Sport;14;8;2017
267;Vasco;14;9;2017
287;Vitória;14;19;2017
373;Atlético-GO;15;20;2017
282;Atlético-MG;15;11;2017
293;Atlético-PR;15;16;2017
314;Avaí;15;18;2017
265;Bahia;15;12;2017
263;Botafogo;15;7;2017
315;Chapecoense;15;15;2017
264;Corinthians;15;1;2017
294;Coritiba;15;13;2017
283;Cruzeiro;15;8;2017
262;Flamengo;15;4;2017
266;Fluminense;15;9;2017
284;Grêmio;15;2;2017
275;Palmeiras;15;6;2017
303;PontePreta;15;14;2017
277;Santos;15;3;2017
276;SãoPaulo;15;17;2017
292;Sport;15;5;2017
267;Vasco;15;10;2017
287;Vitória;15;19;2017
373;Atlético-GO;16;20;2017
282;Atlético-MG;16;13;2017
293;Atlético-PR;16;16;2017
314;Avaí;16;17;2017
265;Bahia;16;14;2017
263;Botafogo;16;7;2017
315;Chapecoense;16;11;2017
264;Corinthians;16;1;2017
294;Coritiba;16;15;2017
283;Cruzeiro;16;9;2017
262;Flamengo;16;4;2017
266;Fluminense;16;12;2017
284;Grêmio;16;2;2017
275;Palmeiras;16;5;2017
303;PontePreta;16;10;2017
277;Santos;16;3;2017
276;SãoPaulo;16;18;2017
292;Sport;16;6;2017
267;Vasco;16;8;2017
287;Vitória;16;19;2017
373;Atlético-GO;17;20;2017
282;Atlético-MG;17;10;2017
293;Atlético-PR;17;14;2017
314;Avaí;17;18;2017
265;Bahia;17;15;2017
263;Botafogo;17;7;2017
315;Chapecoense;17;13;2017
264;Corinthians;17;1;2017
294;Coritiba;17;17;2017
283;Cruzeiro;17;9;2017
262;Flamengo;17;5;2017
266;Fluminense;17;12;2017
284;Grêmio;17;2;2017
275;Palmeiras;17;4;2017
303;PontePreta;17;11;2017
277;Santos;17;3;2017
276;SãoPaulo;17;16;2017
292;Sport;17;6;2017
267;Vasco;17;8;2017
287;Vitória;17;19;2017
373;Atlético-GO;18;20;2017
282;Atlético-MG;18;11;2017
293;Atlético-PR;18;10;2017
314;Avaí;18;18;2017
265;Bahia;18;16;2017
263;Botafogo;18;8;2017
315;Chapecoense;18;15;2017
264;Corinthians;18;1;2017
294;Coritiba;18;14;2017
283;Cruzeiro;18;7;2017
262;Flamengo;18;5;2017
266;Fluminense;18;12;2017
284;Grêmio;18;2;2017
275;Palmeiras;18;4;2017
303;PontePreta;18;13;2017
277;Santos;18;3;2017
276;SãoPaulo;18;17;2017
292;Sport;18;6;2017
267;Vasco;18;9;2017
287;Vitória;18;19;2017
373;Atlético-GO;19;20;2017
282;Atlético-MG;19;15;2017
293;Atlético-PR;19;8;2017
314;Avaí;19;19;2017
265;Bahia;19;13;2017
263;Botafogo;19;11;2017
315;Chapecoense;19;16;2017
264;Corinthians;19;1;2017
294;Coritiba;19;10;2017
283;Cruzeiro;19;7;2017
262;Flamengo;19;5;2017
266;Fluminense;19;9;2017
284;Grêmio;19;2;2017
275;Palmeiras;19;4;2017
303;PontePreta;19;14;2017
277;Santos;19;3;2017
276;SãoPaulo;19;17;2017
292;Sport;19;6;2017
267;Vasco;19;12;2017
287;Vitória;19;18;2017
373;Atlético-GO;20;20;2017
282;Atlético-MG;20;11;2017
293;Atlético-PR;20;6;2017
314;Avaí;20;18;2017
265;Bahia;20;15;2017
263;Botafogo;20;8;2017
315;Chapecoense;20;17;2017
264;Corinthians;20;1;2017
294;Coritiba;20;12;2017
283;Cruzeiro;20;9;2017
262;Flamengo;20;7;2017
266;Fluminense;20;10;2017
284;Grêmio;20;2;2017
275;Palmeiras;20;4;2017
303;PontePreta;20;14;2017
277;Santos;20;3;2017
276;SãoPaulo;20;16;2017
292;Sport;20;5;2017
267;Vasco;20;13;2017
287;Vitória;20;19;2017
373;Atlético-GO;21;20;2017
282;Atlético-MG;21;13;2017
293;Atlético-PR;21;7;2017
314;Avaí;21;19;2017
265;Bahia;21;12;2017
263;Botafogo;21;10;2017
315;Chapecoense;21;15;2017
264;Corinthians;21;1;2017
294;Coritiba;21;14;2017
283;Cruzeiro;21;6;2017
262;Flamengo;21;5;2017
266;Fluminense;21;8;2017
284;Grêmio;21;2;2017
275;Palmeiras;21;4;2017
303;PontePreta;21;11;2017
277;Santos;21;3;2017
276;SãoPaulo;21;17;2017
292;Sport;21;9;2017
267;Vasco;21;16;2017
287;Vitória;21;18;2017
373;Atlético-GO;22;20;2017
282;Atlético-MG;22;10;2017
293;Atlético-PR;22;8;2017
314;Avaí;22;18;2017
265;Bahia;22;14;2017
263;Botafogo;22;7;2017
315;Chapecoense;22;17;2017
264;Corinthians;22;1;2017
294;Coritiba;22;15;2017
283;Cruzeiro;22;6;2017
262;Flamengo;22;5;2017
266;Fluminense;22;9;2017
284;Grêmio;22;2;2017
275;Palmeiras;22;4;2017
303;PontePreta;22;13;2017
277;Santos;22;3;2017
276;SãoPaulo;22;19;2017
292;Sport;22;11;2017
267;Vasco;22;12;2017
287;Vitória;22;16;2017
373;Atlético-GO;23;20;2017
282;Atlético-MG;23;11;2017
293;Atlético-PR;23;9;2017
314;Avaí;23;14;2017
265;Bahia;23;15;2017
263;Botafogo;23;7;2017
315;Chapecoense;23;18;2017
264;Corinthians;23;1;2017
294;Coritiba;23;16;2017
283;Cruzeiro;23;6;2017
262;Flamengo;23;5;2017
266;Fluminense;23;10;2017
284;Grêmio;23;2;2017
275;Palmeiras;23;4;2017
303;PontePreta;23;13;2017
277;Santos;23;3;2017
276;SãoPaulo;23;19;2017
292;Sport;23;12;2017
267;Vasco;23;8;2017
287;Vitória;23;17;2017
373;Atlético-GO;24;20;2017
282;Atlético-MG;24;10;2017
293;Atlético-PR;24;8;2017
314;Avaí;24;13;2017
265;Bahia;24;16;2017
263;Botafogo;24;7;2017
315;Chapecoense;24;14;2017
264;Corinthians;24;1;2017
294;Coritiba;24;18;2017
283;Cruzeiro;24;6;2017
262;Flamengo;24;5;2017
266;Fluminense;24;11;2017
284;Grêmio;24;2;2017
275;Palmeiras;24;4;2017
303;PontePreta;24;15;2017
277;Santos;24;3;2017
276;SãoPaulo;24;17;2017
292;Sport;24;12;2017
267;Vasco;24;9;2017
287;Vitória;24;19;2017
373;Atlético-GO;25;20;2017
282;Atlético-MG;25;11;2017
293;Atlético-PR;25;8;2017
314;Avaí;25;15;2017
265;Bahia;25;13;2017
263;Botafogo;25;6;2017
315;Chapecoense;25;10;2017
264;Corinthians;25;1;2017
294;Coritiba;25;19;2017
283;Cruzeiro;25;5;2017
262;Flamengo;25;7;2017
266;Fluminense;25;12;2017
284;Grêmio;25;3;2017
275;Palmeiras;25;4;2017
303;PontePreta;25;18;2017
277;Santos;25;2;2017
276;SãoPaulo;25;17;2017
292;Sport;25;14;2017
267;Vasco;25;9;2017
287;Vitória;25;16;2017
373;Atlético-GO;26;20;2017
282;Atlético-MG;26;9;2017
293;Atlético-PR;26;8;2017
314;Avaí;26;18;2017
265;Bahia;26;13;2017
263;Botafogo;26;6;2017
315;Chapecoense;26;12;2017
264;Corinthians;26;1;2017
294;Coritiba;26;19;2017
283;Cruzeiro;26;5;2017
262;Flamengo;26;7;2017
266;Fluminense;26;16;2017
284;Grêmio;26;3;2017
275;Palmeiras;26;4;2017
303;PontePreta;26;15;2017
277;Santos;26;2;2017
276;SãoPaulo;26;14;2017
292;Sport;26;17;2017
267;Vasco;26;10;2017
287;Vitória;26;11;2017
373;Atlético-GO;27;20;2017
282;Atlético-MG;27;8;2017
293;Atlético-PR;27;10;2017
314;Avaí;27;18;2017
265;Bahia;27;14;2017
263;Botafogo;27;6;2017
315;Chapecoense;27;13;2017
264;Corinthians;27;1;2017
294;Coritiba;27;19;2017
283;Cruzeiro;27;5;2017
262;Flamengo;27;7;2017
266;Fluminense;27;16;2017
284;Grêmio;27;3;2017
275;Palmeiras;27;4;2017
303;PontePreta;27;15;2017
277;Santos;27;2;2017
276;SãoPaulo;27;17;2017
292;Sport;27;11;2017
267;Vasco;27;9;2017
287;Vitória;27;12;2017
373;Atlético-GO;28;20;2017
282;Atlético-MG;28;9;2017
293;Atlético-PR;28;11;2017
314;Avaí;28;18;2017
265;Bahia;28;10;2017
263;Botafogo;28;6;2017
315;Chapecoense;28;16;2017
264;Corinthians;28;1;2017
294;Coritiba;28;19;2017
283;Cruzeiro;28;5;2017
262;Flamengo;28;7;2017
266;Fluminense;28;12;2017
284;Grêmio;28;2;2017
275;Palmeiras;28;4;2017
303;PontePreta;28;17;2017
277;Santos;28;3;2017
276;SãoPaulo;28;13;2017
292;Sport;28;14;2017
267;Vasco;28;8;2017
287;Vitória;28;15;2017
373;Atlético-GO;29;20;2017
282;Atlético-MG;29;10;2017
293;Atlético-PR;29;9;2017
314;Avaí;29;19;2017
265;Bahia;29;13;2017
263;Botafogo;29;7;2017
315;Chapecoense;29;12;2017
264;Corinthians;29;1;2017
294;Coritiba;29;18;2017
283;Cruzeiro;29;5;2017
262;Flamengo;29;6;2017
266;Fluminense;29;11;2017
284;Grêmio;29;2;2017
275;Palmeiras;29;3;2017
303;PontePreta;29;17;2017
277;Santos;29;4;2017
276;SãoPaulo;29;15;2017
292;Sport;29;14;2017
267;Vasco;29;8;2017
287;Vitória;29;16;2017
373;Atlético-GO;30;20;2017
282;Atlético-MG;30;10;2017
293;Atlético-PR;30;9;2017
314;Avaí;30;16;2017
265;Bahia;30;12;2017
263;Botafogo;30;6;2017
315;Chapecoense;30;11;2017
264;Corinthians;30;1;2017
294;Coritiba;30;19;2017
283;Cruzeiro;30;5;2017
262;Flamengo;30;7;2017
266;Fluminense;30;13;2017
284;Grêmio;30;4;2017
275;Palmeiras;30;2;2017
303;PontePreta;30;18;2017
277;Santos;30;3;2017
276;SãoPaulo;30;14;2017
292;Sport;30;15;2017
267;Vasco;30;8;2017
287;Vitória;30;17;2017
373;Atlético-GO;31;20;2017
282;Atlético-MG;31;10;2017
293;Atlético-PR;31;9;2017
314;Avaí;31;18;2017
265;Bahia;31;13;2017
263;Botafogo;31;6;2017
315;Chapecoense;31;12;2017
264;Corinthians;31;1;2017
294;Coritiba;31;16;2017
283;Cruzeiro;31;5;2017
262;Flamengo;31;7;2017
266;Fluminense;31;14;2017
284;Grêmio;31;4;2017
275;Palmeiras;31;2;2017
303;PontePreta;31;17;2017
277;Santos;31;3;2017
276;SãoPaulo;31;11;2017
292;Sport;31;15;2017
267;Vasco;31;8;2017
287;Vitória;31;19;2017
373;Atlético-GO;32;20;2017
282;Atlético-MG;32;12;2017
293;Atlético-PR;32;11;2017
314;Avaí;32;19;2017
265;Bahia;32;10;2017
263;Botafogo;32;6;2017
315;Chapecoense;32;14;2017
264;Corinthians;32;1;2017
294;Coritiba;32;15;2017
283;Cruzeiro;32;5;2017
262;Flamengo;32;7;2017
266;Fluminense;32;13;2017
284;Grêmio;32;3;2017
275;Palmeiras;32;4;2017
303;PontePreta;32;18;2017
277;Santos;32;2;2017
276;SãoPaulo;32;9;2017
292;Sport;32;16;2017
267;Vasco;32;8;2017
287;Vitória;32;17;2017
373;Atlético-GO;33;20;2017
282;Atlético-MG;33;10;2017
293;Atlético-PR;33;13;2017
314;Avaí;33;19;2017
265;Bahia;33;9;2017
263;Botafogo;33;5;2017
315;Chapecoense;33;14;2017
264;Corinthians;33;1;2017
294;Coritiba;33;15;2017
283;Cruzeiro;33;6;2017
262;Flamengo;33;7;2017
266;Fluminense;33;12;2017
284;Grêmio;33;2;2017
275;Palmeiras;33;4;2017
303;PontePreta;33;18;2017
277;Santos;33;3;2017
276;SãoPaulo;33;11;2017
292;Sport;33;17;2017
267;Vasco;33;8;2017
287;Vitória;33;16;2017
373;Atlético-GO;34;20;2017
282;Atlético-MG;34;10;2017
293;Atlético-PR;34;12;2017
314;Avaí;34;19;2017
265;Bahia;34;9;2017
263;Botafogo;34;6;2017
315;Chapecoense;34;13;2017
264;Corinthians;34;1;2017
294;Coritiba;34;15;2017
283;Cruzeiro;34;5;2017
262;Flamengo;34;7;2017
266;Fluminense;34;14;2017
284;Grêmio;34;2;2017
275;Palmeiras;34;3;2017
303;PontePreta;34;18;2017
277;Santos;34;4;2017
276;SãoPaulo;34;11;2017
292;Sport;34;17;2017
267;Vasco;34;8;2017
287;Vitória;34;16;2017
373;Atlético-GO;35;20;2017
282;Atlético-MG;35;11;2017
293;Atlético-PR;35;13;2017
314;Avaí;35;19;2017
265;Bahia;35;9;2017
263;Botafogo;35;6;2017
315;Chapecoense;35;10;2017
264;Corinthians;35;1;2017
294;Coritiba;35;14;2017
283;Cruzeiro;35;5;2017
262;Flamengo;35;7;2017
266;Fluminense;35;15;2017
284;Grêmio;35;2;2017
275;Palmeiras;35;3;2017
303;PontePreta;35;17;2017
277;Santos;35;4;2017
276;SãoPaulo;35;12;2017
292;Sport;35;18;2017
267;Vasco;35;8;2017
287;Vitória;35;16;2017
373;Atlético-GO;36;20;2017
282;Atlético-MG;36;8;2017
293;Atlético-PR;36;11;2017
314;Avaí;36;19;2017
265;Bahia;36;10;2017
263;Botafogo;36;7;2017
315;Chapecoense;36;12;2017
264;Corinthians;36;1;2017
294;Coritiba;36;15;2017
283;Cruzeiro;36;5;2017
262;Flamengo;36;6;2017
266;Fluminense;36;14;2017
284;Grêmio;36;2;2017
275;Palmeiras;36;3;2017
303;PontePreta;36;17;2017
277;Santos;36;4;2017
276;SãoPaulo;36;13;2017
292;Sport;36;18;2017
267;Vasco;36;9;2017
287;Vitória;36;16;2017
373;Atlético-GO;37;20;2017
282;Atlético-MG;37;10;2017
293;Atlético-PR;37;13;2017
314;Avaí;37;18;2017
265;Bahia;37;11;2017
263;Botafogo;37;8;2017
315;Chapecoense;37;9;2017
264;Corinthians;37;1;2017
294;Coritiba;37;16;2017
283;Cruzeiro;37;5;2017
262;Flamengo;37;6;2017
266;Fluminense;37;14;2017
284;Grêmio;37;3;2017
275;Palmeiras;37;2;2017
303;PontePreta;37;19;2017
277;Santos;37;4;2017
276;SãoPaulo;37;12;2017
292;Sport;37;17;2017
267;Vasco;37;7;2017
287;Vitória;37;15;2017
373;Atlético-GO;38;20;2017
282;Atlético-MG;38;9;2017
293;Atlético-PR;38;11;2017
314;Avaí;38;18;2017
265;Bahia;38;12;2017
263;Botafogo;38;10;2017
315;Chapecoense;38;8;2017
264;Corinthians;38;1;2017
294;Coritiba;38;17;2017
283;Cruzeiro;38;5;2017
262;Flamengo;38;6;2017
266;Fluminense;38;14;2017
284;Grêmio;38;4;2017
275;Palmeiras;38;2;2017
303;PontePreta;38;19;2017
277;Santos;38;3;2017
276;SãoPaulo;38;13;2017
292;Sport;38;15;2017
267;Vasco;38;7;2017
287;Vitória;38;16;2017
327;América-MG;1;2;2018
282;Atlético-MG;1;13;2018
293;Atlético-PR;1;1;2018
265;Bahia;1;17;2018
263;Botafogo;1;12;2018
354;Ceará;1;18;2018
315;Chapecoense;1;20;2018
264;Corinthians;1;5;2018
283;Cruzeiro;1;15;2018
262;Flamengo;1;9;2018
266;Fluminense;1;14;2018
284;Grêmio;1;7;2018
285;Internacional;1;4;2018
275;Palmeiras;1;11;2018
289;Paraná;1;16;2018
277;Santos;1;3;2018
276;SãoPaulo;1;8;2018
292;Sport;1;19;2018
267;Vasco;1;6;2018
287;Vitória;1;10;2018
327;América-MG;2;8;2018
282;Atlético-MG;2;11;2018
293;Atlético-PR;2;2;2018
265;Bahia;2;13;2018
263;Botafogo;2;14;2018
354;Ceará;2;16;2018
315;Chapecoense;2;18;2018
264;Corinthians;2;1;2018
283;Cruzeiro;2;19;2018
262;Flamengo;2;3;2018
266;Fluminense;2;12;2018
284;Grêmio;2;6;2018
285;Internacional;2;10;2018
275;Palmeiras;2;5;2018
289;Paraná;2;20;2018
277;Santos;2;9;2018
276;SãoPaulo;2;7;2018
292;Sport;2;17;2018
267;Vasco;2;4;2018
287;Vitória;2;15;2018
327;América-MG;3;3;2018
282;Atlético-MG;3;4;2018
293;Atlético-PR;3;5;2018
265;Bahia;3;14;2018
263;Botafogo;3;6;2018
354;Ceará;3;19;2018
315;Chapecoense;3;16;2018
264;Corinthians;3;2;2018
283;Cruzeiro;3;18;2018
262;Flamengo;3;1;2018
266;Fluminense;3;12;2018
284;Grêmio;3;13;2018
285;Internacional;3;11;2018
275;Palmeiras;3;8;2018
289;Paraná;3;20;2018
277;Santos;3;10;2018
276;SãoPaulo;3;9;2018
292;Sport;3;15;2018
267;Vasco;3;7;2018
287;Vitória;3;17;2018
327;América-MG;4;9;2018
282;Atlético-MG;4;6;2018
293;Atlético-PR;4;11;2018
265;Bahia;4;16;2018
263;Botafogo;4;12;2018
354;Ceará;4;18;2018
315;Chapecoense;4;17;2018
264;Corinthians;4;4;2018
283;Cruzeiro;4;14;2018
262;Flamengo;4;1;2018
266;Fluminense;4;7;2018
284;Grêmio;4;5;2018
285;Internacional;4;13;2018
275;Palmeiras;4;3;2018
289;Paraná;4;20;2018
277;Santos;4;15;2018
276;SãoPaulo;4;10;2018
292;Sport;4;8;2018
267;Vasco;4;2;2018
287;Vitória;4;19;2018
327;América-MG;5;10;2018
282;Atlético-MG;5;3;2018
293;Atlético-PR;5;15;2018
265;Bahia;5;17;2018
263;Botafogo;5;7;2018
354;Ceará;5;19;2018
315;Chapecoense;5;14;2018
264;Corinthians;5;2;2018
283;Cruzeiro;5;8;2018
262;Flamengo;5;1;2018
266;Fluminense;5;9;2018
284;Grêmio;5;4;2018
285;Internacional;5;16;2018
275;Palmeiras;5;6;2018
289;Paraná;5;20;2018
277;Santos;5;11;2018
276;SãoPaulo;5;13;2018
292;Sport;5;12;2018
267;Vasco;5;5;2018
287;Vitória;5;18;2018
327;América-MG;6;6;2018
282;Atlético-MG;6;1;2018
293;Atlético-PR;6;17;2018
265;Bahia;6;18;2018
263;Botafogo;6;11;2018
354;Ceará;6;19;2018
315;Chapecoense;6;16;2018
264;Corinthians;6;3;2018
283;Cruzeiro;6;13;2018
262;Flamengo;6;2;2018
266;Fluminense;6;5;2018
284;Grêmio;6;8;2018
285;Internacional;6;10;2018
275;Palmeiras;6;4;2018
289;Paraná;6;20;2018
277;Santos;6;15;2018
276;SãoPaulo;6;7;2018
292;Sport;6;12;2018
267;Vasco;6;9;2018
287;Vitória;6;14;2018
327;América-MG;7;11;2018
282;Atlético-MG;7;3;2018
293;Atlético-PR;7;17;2018
265;Bahia;7;15;2018
263;Botafogo;7;13;2018
354;Ceará;7;19;2018
315;Chapecoense;7;18;2018
264;Corinthians;7;6;2018
283;Cruzeiro;7;10;2018
262;Flamengo;7;1;2018
266;Fluminense;7;2;2018
284;Grêmio;7;5;2018
285;Internacional;7;8;2018
275;Palmeiras;7;7;2018
289;Paraná;7;20;2018
277;Santos;7;16;2018
276;SãoPaulo;7;4;2018
292;Sport;7;9;2018
267;Vasco;7;12;2018
287;Vitória;7;14;2018
327;América-MG;8;12;2018
282;Atlético-MG;8;8;2018
293;Atlético-PR;8;13;2018
265;Bahia;8;17;2018
263;Botafogo;8;14;2018
354;Ceará;8;19;2018
315;Chapecoense;8;15;2018
264;Corinthians;8;3;2018
283;Cruzeiro;8;7;2018
262;Flamengo;8;1;2018
266;Fluminense;8;4;2018
284;Grêmio;8;9;2018
285;Internacional;8;5;2018
275;Palmeiras;8;11;2018
289;Paraná;8;20;2018
277;Santos;8;18;2018
276;SãoPaulo;8;2;2018
292;Sport;8;6;2018
267;Vasco;8;10;2018
287;Vitória;8;16;2018
327;América-MG;9;11;2018
282;Atlético-MG;9;10;2018
293;Atlético-PR;9;16;2018
265;Bahia;9;18;2018
263;Botafogo;9;13;2018
354;Ceará;9;20;2018
315;Chapecoense;9;15;2018
264;Corinthians;9;8;2018
283;Cruzeiro;9;2;2018
262;Flamengo;9;1;2018
266;Fluminense;9;9;2018
284;Grêmio;9;3;2018
285;Internacional;9;5;2018
275;Palmeiras;9;7;2018
289;Paraná;9;19;2018
277;Santos;9;14;2018
276;SãoPaulo;9;4;2018
292;Sport;9;6;2018
267;Vasco;9;12;2018
287;Vitória;9;17;2018
327;América-MG;10;11;2018
282;Atlético-MG;10;4;2018
293;Atlético-PR;10;17;2018
265;Bahia;10;19;2018
263;Botafogo;10;13;2018
354;Ceará;10;20;2018
315;Chapecoense;10;16;2018
264;Corinthians;10;9;2018
283;Cruzeiro;10;5;2018
262;Flamengo;10;1;2018
266;Fluminense;10;10;2018
284;Grêmio;10;7;2018
285;Internacional;10;8;2018
275;Palmeiras;10;3;2018
289;Paraná;10;18;2018
277;Santos;10;14;2018
276;SãoPaulo;10;6;2018
292;Sport;10;2;2018
267;Vasco;10;12;2018
287;Vitória;10;15;2018
327;América-MG;11;13;2018
282;Atlético-MG;11;2;2018
293;Atlético-PR;11;17;2018
265;Bahia;11;18;2018
263;Botafogo;11;12;2018
354;Ceará;11;20;2018
315;Chapecoense;11;14;2018
264;Corinthians;11;9;2018
283;Cruzeiro;11;8;2018
262;Flamengo;11;1;2018
266;Fluminense;11;11;2018
284;Grêmio;11;4;2018
285;Internacional;11;5;2018
275;Palmeiras;11;6;2018
289;Paraná;11;19;2018
277;Santos;11;16;2018
276;SãoPaulo;11;3;2018
292;Sport;11;7;2018
267;Vasco;11;10;2018
287;Vitória;11;15;2018
327;América-MG;12;14;2018
282;Atlético-MG;12;2;2018
293;Atlético-PR;12;19;2018
265;Bahia;12;17;2018
263;Botafogo;12;9;2018
354;Ceará;12;20;2018
315;Chapecoense;12;15;2018
264;Corinthians;12;10;2018
283;Cruzeiro;12;8;2018
262;Flamengo;12;1;2018
266;Fluminense;12;13;2018
284;Grêmio;12;5;2018
285;Internacional;12;4;2018
275;Palmeiras;12;6;2018
289;Paraná;12;18;2018
277;Santos;12;12;2018
276;SãoPaulo;12;3;2018
292;Sport;12;7;2018
267;Vasco;12;11;2018
287;Vitória;12;16;2018
327;América-MG;13;16;2018
282;Atlético-MG;13;3;2018
293;Atlético-PR;13;18;2018
265;Bahia;13;17;2018
263;Botafogo;13;10;2018
354;Ceará;13;20;2018
315;Chapecoense;13;15;2018
264;Corinthians;13;8;2018
283;Cruzeiro;13;6;2018
262;Flamengo;13;1;2018
266;Fluminense;13;13;2018
284;Grêmio;13;4;2018
285;Internacional;13;5;2018
275;Palmeiras;13;7;2018
289;Paraná;13;19;2018
277;Santos;13;12;2018
276;SãoPaulo;13;2;2018
292;Sport;13;9;2018
267;Vasco;13;11;2018
287;Vitória;13;14;2018
327;América-MG;14;17;2018
282;Atlético-MG;14;5;2018
293;Atlético-PR;14;19;2018
265;Bahia;14;14;2018
263;Botafogo;14;12;2018
354;Ceará;14;20;2018
315;Chapecoense;14;15;2018
264;Corinthians;14;9;2018
283;Cruzeiro;14;4;2018
262;Flamengo;14;1;2018
266;Fluminense;14;11;2018
284;Grêmio;14;7;2018
285;Internacional;14;3;2018
275;Palmeiras;14;6;2018
289;Paraná;14;18;2018
277;Santos;14;13;2018
276;SãoPaulo;14;2;2018
292;Sport;14;10;2018
267;Vasco;14;8;2018
287;Vitória;14;16;2018
327;América-MG;15;15;2018
282;Atlético-MG;15;3;2018
293;Atlético-PR;15;18;2018
265;Bahia;15;12;2018
263;Botafogo;15;11;2018
354;Ceará;15;20;2018
315;Chapecoense;15;17;2018
264;Corinthians;15;8;2018
283;Cruzeiro;15;6;2018
262;Flamengo;15;1;2018
266;Fluminense;15;9;2018
284;Grêmio;15;4;2018
285;Internacional;15;5;2018
275;Palmeiras;15;7;2018
289;Paraná;15;19;2018
277;Santos;15;16;2018
276;SãoPaulo;15;2;2018
292;Sport;15;13;2018
267;Vasco;15;10;2018
287;Vitória;15;14;2018
327;América-MG;16;10;2018
282;Atlético-MG;16;4;2018
293;Atlético-PR;16;18;2018
265;Bahia;16;11;2018
263;Botafogo;16;13;2018
354;Ceará;16;20;2018
315;Chapecoense;16;17;2018
264;Corinthians;16;7;2018
283;Cruzeiro;16;8;2018
262;Flamengo;16;1;2018
266;Fluminense;16;9;2018
284;Grêmio;16;5;2018
285;Internacional;16;3;2018
275;Palmeiras;16;6;2018
289;Paraná;16;19;2018
277;Santos;16;16;2018
276;SãoPaulo;16;2;2018
292;Sport;16;14;2018
267;Vasco;16;12;2018
287;Vitória;16;15;2018
327;América-MG;17;10;2018
282;Atlético-MG;17;5;2018
293;Atlético-PR;17;18;2018
265;Bahia;17;11;2018
263;Botafogo;17;12;2018
354;Ceará;17;19;2018
315;Chapecoense;17;17;2018
264;Corinthians;17;7;2018
283;Cruzeiro;17;8;2018
262;Flamengo;17;2;2018
266;Fluminense;17;9;2018
284;Grêmio;17;4;2018
285;Internacional;17;3;2018
275;Palmeiras;17;6;2018
289;Paraná;17;20;2018
277;Santos;17;16;2018
276;SãoPaulo;17;1;2018
292;Sport;17;14;2018
267;Vasco;17;13;2018
287;Vitória;17;15;2018
327;América-MG;18;12;2018
282;Atlético-MG;18;5;2018
293;Atlético-PR;18;17;2018
265;Bahia;18;9;2018
263;Botafogo;18;11;2018
354;Ceará;18;19;2018
315;Chapecoense;18;13;2018
264;Corinthians;18;7;2018
283;Cruzeiro;18;8;2018
262;Flamengo;18;2;2018
266;Fluminense;18;10;2018
284;Grêmio;18;4;2018
285;Internacional;18;3;2018
275;Palmeiras;18;6;2018
289;Paraná;18;20;2018
277;Santos;18;18;2018
276;SãoPaulo;18;1;2018
292;Sport;18;15;2018
267;Vasco;18;14;2018
287;Vitória;18;16;2018
327;América-MG;19;11;2018
282;Atlético-MG;19;5;2018
293;Atlético-PR;19;13;2018
265;Bahia;19;9;2018
263;Botafogo;19;12;2018
354;Ceará;19;19;2018
315;Chapecoense;19;16;2018
264;Corinthians;19;7;2018
283;Cruzeiro;19;8;2018
262;Flamengo;19;3;2018
266;Fluminense;19;10;2018
284;Grêmio;19;4;2018
285;Internacional;19;2;2018
275;Palmeiras;19;6;2018
289;Paraná;19;20;2018
277;Santos;19;14;2018
276;SãoPaulo;19;1;2018
292;Sport;19;17;2018
267;Vasco;19;15;2018
287;Vitória;19;18;2018
327;América-MG;20;10;2018
282;Atlético-MG;20;6;2018
293;Atlético-PR;20;16;2018
265;Bahia;20;11;2018
263;Botafogo;20;15;2018
354;Ceará;20;19;2018
315;Chapecoense;20;12;2018
264;Corinthians;20;8;2018
283;Cruzeiro;20;7;2018
262;Flamengo;20;3;2018
266;Fluminense;20;9;2018
284;Grêmio;20;4;2018
285;Internacional;20;2;2018
275;Palmeiras;20;5;2018
289;Paraná;20;20;2018
277;Santos;20;13;2018
276;SãoPaulo;20;1;2018
292;Sport;20;17;2018
267;Vasco;20;14;2018
287;Vitória;20;18;2018
327;América-MG;21;9;2018
282;Atlético-MG;21;6;2018
293;Atlético-PR;21;15;2018
265;Bahia;21;13;2018
263;Botafogo;21;14;2018
354;Ceará;21;19;2018
315;Chapecoense;21;16;2018
264;Corinthians;21;8;2018
283;Cruzeiro;21;7;2018
262;Flamengo;21;3;2018
266;Fluminense;21;10;2018
284;Grêmio;21;5;2018
285;Internacional;21;2;2018
275;Palmeiras;21;4;2018
289;Paraná;21;20;2018
277;Santos;21;11;2018
276;SãoPaulo;21;1;2018
292;Sport;21;18;2018
267;Vasco;21;12;2018
287;Vitória;21;17;2018
327;América-MG;22;12;2018
282;Atlético-MG;22;6;2018
293;Atlético-PR;22;10;2018
265;Bahia;22;14;2018
263;Botafogo;22;16;2018
354;Ceará;22;19;2018
315;Chapecoense;22;17;2018
264;Corinthians;22;8;2018
283;Cruzeiro;22;7;2018
262;Flamengo;22;3;2018
266;Fluminense;22;11;2018
284;Grêmio;22;4;2018
285;Internacional;22;2;2018
275;Palmeiras;22;5;2018
289;Paraná;22;20;2018
277;Santos;22;9;2018
276;SãoPaulo;22;1;2018
292;Sport;22;18;2018
267;Vasco;22;15;2018
287;Vitória;22;13;2018
327;América-MG;23;9;2018
282;Atlético-MG;23;6;2018
293;Atlético-PR;23;13;2018
265;Bahia;23;11;2018
263;Botafogo;23;15;2018
354;Ceará;23;19;2018
315;Chapecoense;23;17;2018
264;Corinthians;23;8;2018
283;Cruzeiro;23;7;2018
262;Flamengo;23;4;2018
266;Fluminense;23;12;2018
284;Grêmio;23;5;2018
285;Internacional;23;1;2018
275;Palmeiras;23;3;2018
289;Paraná;23;20;2018
277;Santos;23;10;2018
276;SãoPaulo;23;2;2018
292;Sport;23;18;2018
267;Vasco;23;16;2018
287;Vitória;23;14;2018
327;América-MG;24;11;2018
282;Atlético-MG;24;5;2018
293;Atlético-PR;24;14;2018
265;Bahia;24;13;2018
263;Botafogo;24;15;2018
354;Ceará;24;19;2018
315;Chapecoense;24;17;2018
264;Corinthians;24;10;2018
283;Cruzeiro;24;7;2018
262;Flamengo;24;4;2018
266;Fluminense;24;9;2018
284;Grêmio;24;6;2018
285;Internacional;24;1;2018
275;Palmeiras;24;3;2018
289;Paraná;24;20;2018
277;Santos;24;8;2018
276;SãoPaulo;24;2;2018
292;Sport;24;18;2018
267;Vasco;24;16;2018
287;Vitória;24;12;2018
327;América-MG;25;12;2018
282;Atlético-MG;25;6;2018
293;Atlético-PR;25;11;2018
265;Bahia;25;14;2018
263;Botafogo;25;15;2018
354;Ceará;25;17;2018
315;Chapecoense;25;16;2018
264;Corinthians;25;8;2018
283;Cruzeiro;25;7;2018
262;Flamengo;25;4;2018
266;Fluminense;25;10;2018
284;Grêmio;25;5;2018
285;Internacional;25;2;2018
275;Palmeiras;25;3;2018
289;Paraná;25;20;2018
277;Santos;25;9;2018
276;SãoPaulo;25;1;2018
292;Sport;25;19;2018
267;Vasco;25;18;2018
287;Vitória;25;13;2018
327;América-MG;26;13;2018
282;Atlético-MG;26;6;2018
293;Atlético-PR;26;10;2018
265;Bahia;26;15;2018
263;Botafogo;26;12;2018
354;Ceará;26;18;2018
315;Chapecoense;26;17;2018
264;Corinthians;26;8;2018
283;Cruzeiro;26;7;2018
262;Flamengo;26;4;2018
266;Fluminense;26;9;2018
284;Grêmio;26;5;2018
285;Internacional;26;3;2018
275;Palmeiras;26;2;2018
289;Paraná;26;20;2018
277;Santos;26;11;2018
276;SãoPaulo;26;1;2018
292;Sport;26;19;2018
267;Vasco;26;16;2018
287;Vitória;26;14;2018
327;América-MG;27;13;2018
282;Atlético-MG;27;6;2018
293;Atlético-PR;27;11;2018
265;Bahia;27;14;2018
263;Botafogo;27;12;2018
354;Ceará;27;15;2018
315;Chapecoense;27;18;2018
264;Corinthians;27;9;2018
283;Cruzeiro;27;7;2018
262;Flamengo;27;5;2018
266;Fluminense;27;10;2018
284;Grêmio;27;4;2018
285;Internacional;27;2;2018
275;Palmeiras;27;1;2018
289;Paraná;27;20;2018
277;Santos;27;8;2018
276;SãoPaulo;27;3;2018
292;Sport;27;19;2018
267;Vasco;27;16;2018
287;Vitória;27;17;2018
327;América-MG;28;14;2018
282;Atlético-MG;28;6;2018
293;Atlético-PR;28;10;2018
265;Bahia;28;15;2018
263;Botafogo;28;12;2018
354;Ceará;28;13;2018
315;Chapecoense;28;17;2018
264;Corinthians;28;11;2018
283;Cruzeiro;28;9;2018
262;Flamengo;28;3;2018
266;Fluminense;28;8;2018
284;Grêmio;28;5;2018
285;Internacional;28;2;2018
275;Palmeiras;28;1;2018
289;Paraná;28;20;2018
277;Santos;28;7;2018
276;SãoPaulo;28;4;2018
292;Sport;28;19;2018
267;Vasco;28;16;2018
287;Vitória;28;18;2018
327;América-MG;29;16;2018
282;Atlético-MG;29;6;2018
293;Atlético-PR;29;8;2018
265;Bahia;29;13;2018
263;Botafogo;29;12;2018
354;Ceará;29;14;2018
315;Chapecoense;29;18;2018
264;Corinthians;29;11;2018
283;Cruzeiro;29;10;2018
262;Flamengo;29;3;2018
266;Fluminense;29;9;2018
284;Grêmio;29;5;2018
285;Internacional;29;2;2018
275;Palmeiras;29;1;2018
289;Paraná;29;20;2018
277;Santos;29;7;2018
276;SãoPaulo;29;4;2018
292;Sport;29;19;2018
267;Vasco;29;15;2018
287;Vitória;29;17;2018
327;América-MG;30;16;2018
282;Atlético-MG;30;6;2018
293;Atlético-PR;30;8;2018
265;Bahia;30;11;2018
263;Botafogo;30;13;2018
354;Ceará;30;14;2018
315;Chapecoense;30;18;2018
264;Corinthians;30;12;2018
283;Cruzeiro;30;10;2018
262;Flamengo;30;2;2018
266;Fluminense;30;9;2018
284;Grêmio;30;5;2018
285;Internacional;30;3;2018
275;Palmeiras;30;1;2018
289;Paraná;30;20;2018
277;Santos;30;7;2018
276;SãoPaulo;30;4;2018
292;Sport;30;19;2018
267;Vasco;30;15;2018
287;Vitória;30;17;2018
327;América-MG;31;16;2018
282;Atlético-MG;31;6;2018
293;Atlético-PR;31;8;2018
265;Bahia;31;12;2018
263;Botafogo;31;15;2018
354;Ceará;31;13;2018
315;Chapecoense;31;17;2018
264;Corinthians;31;11;2018
283;Cruzeiro;31;9;2018
262;Flamengo;31;2;2018
266;Fluminense;31;10;2018
284;Grêmio;31;5;2018
285;Internacional;31;3;2018
275;Palmeiras;31;1;2018
289;Paraná;31;20;2018
277;Santos;31;7;2018
276;SãoPaulo;31;4;2018
292;Sport;31;18;2018
267;Vasco;31;14;2018
287;Vitória;31;19;2018
327;América-MG;32;18;2018
282;Atlético-MG;32;6;2018
293;Atlético-PR;32;9;2018
265;Bahia;32;11;2018
263;Botafogo;32;14;2018
354;Ceará;32;15;2018
315;Chapecoense;32;19;2018
264;Corinthians;32;12;2018
283;Cruzeiro;32;8;2018
262;Flamengo;32;3;2018
266;Fluminense;32;10;2018
284;Grêmio;32;5;2018
285;Internacional;32;2;2018
275;Palmeiras;32;1;2018
289;Paraná;32;20;2018
277;Santos;32;7;2018
276;SãoPaulo;32;4;2018
292;Sport;32;16;2018
267;Vasco;32;13;2018
287;Vitória;32;17;2018
327;América-MG;33;19;2018
282;Atlético-MG;33;6;2018
293;Atlético-PR;33;7;2018
265;Bahia;33;11;2018
263;Botafogo;33;12;2018
354;Ceará;33;14;2018
315;Chapecoense;33;17;2018
264;Corinthians;33;13;2018
283;Cruzeiro;33;9;2018
262;Flamengo;33;3;2018
266;Fluminense;33;10;2018
284;Grêmio;33;4;2018
285;Internacional;33;2;2018
275;Palmeiras;33;1;2018
289;Paraná;33;20;2018
277;Santos;33;8;2018
276;SãoPaulo;33;5;2018
292;Sport;33;16;2018
267;Vasco;33;15;2018
287;Vitória;33;18;2018
327;América-MG;34;19;2018
282;Atlético-MG;34;6;2018
293;Atlético-PR;34;8;2018
265;Bahia;34;10;2018
263;Botafogo;34;11;2018
354;Ceará;34;16;2018
315;Chapecoense;34;17;2018
264;Corinthians;34;13;2018
283;Cruzeiro;34;7;2018
262;Flamengo;34;3;2018
266;Fluminense;34;12;2018
284;Grêmio;34;4;2018
285;Internacional;34;2;2018
275;Palmeiras;34;1;2018
289;Paraná;34;20;2018
277;Santos;34;9;2018
276;SãoPaulo;34;5;2018
292;Sport;34;15;2018
267;Vasco;34;14;2018
287;Vitória;34;18;2018
327;América-MG;35;17;2018
282;Atlético-MG;35;6;2018
293;Atlético-PR;35;7;2018
265;Bahia;35;11;2018
263;Botafogo;35;9;2018
354;Ceará;35;14;2018
315;Chapecoense;35;18;2018
264;Corinthians;35;12;2018
283;Cruzeiro;35;8;2018
262;Flamengo;35;2;2018
266;Fluminense;35;13;2018
284;Grêmio;35;4;2018
285;Internacional;35;3;2018
275;Palmeiras;35;1;2018
289;Paraná;35;20;2018
277;Santos;35;10;2018
276;SãoPaulo;35;5;2018
292;Sport;35;16;2018
267;Vasco;35;15;2018
287;Vitória;35;19;2018
327;América-MG;36;18;2018
282;Atlético-MG;36;6;2018
293;Atlético-PR;36;7;2018
265;Bahia;36;11;2018
263;Botafogo;36;9;2018
354;Ceará;36;15;2018
315;Chapecoense;36;16;2018
264;Corinthians;36;12;2018
283;Cruzeiro;36;8;2018
262;Flamengo;36;2;2018
266;Fluminense;36;13;2018
284;Grêmio;36;4;2018
285;Internacional;36;3;2018
275;Palmeiras;36;1;2018
289;Paraná;36;20;2018
277;Santos;36;10;2018
276;SãoPaulo;36;5;2018
292;Sport;36;17;2018
267;Vasco;36;14;2018
287;Vitória;36;19;2018
327;América-MG;37;17;2018
282;Atlético-MG;37;6;2018
293;Atlético-PR;37;7;2018
265;Bahia;37;11;2018
263;Botafogo;37;9;2018
354;Ceará;37;13;2018
315;Chapecoense;37;16;2018
264;Corinthians;37;12;2018
283;Cruzeiro;37;8;2018
262;Flamengo;37;2;2018
266;Fluminense;37;14;2018
284;Grêmio;37;4;2018
285;Internacional;37;3;2018
275;Palmeiras;37;1;2018
289;Paraná;37;20;2018
277;Santos;37;10;2018
276;SãoPaulo;37;5;2018
292;Sport;37;18;2018
267;Vasco;37;15;2018
287;Vitória;37;19;2018
327;América-MG;38;18;2018
282;Atlético-MG;38;6;2018
293;Atlético-PR;38;7;2018
265;Bahia;38;11;2018
263;Botafogo;38;9;2018
354;Ceará;38;15;2018
315;Chapecoense;38;14;2018
264;Corinthians;38;13;2018
283;Cruzeiro;38;8;2018
262;Flamengo;38;2;2018
266;Fluminense;38;12;2018
284;Grêmio;38;4;2018
285;Internacional;38;3;2018
275;Palmeiras;38;1;2018
289;Paraná;38;20;2018
277;Santos;38;10;2018
276;SãoPaulo;38;5;2018
292;Sport;38;17;2018
267;Vasco;38;16;2018
287;Vitória;38;19;2018