atleta_id,apelido,rodada_id,ano,clube_id,clube,posicao_id,posicao,jogos_num,pontos_num,media_num,preco_num_anterior,preco_num,variacao_num,FS,PE,A,FT,FD,FF,G,I,PP,RB,FC,GC,CA,CV,SG,DD,DP,GS,status_id,status
36650,Magno Alves,37,2015,266,Fluminense,5,ata,18,3,0.54,4.42,3.99,0.43,3,3,0,0,1,1,0,0,0,1,1,0,0,0,0,0,0,0,0,NA
37662,Jonathan,37,2015,266,Fluminense,2,lat,3,2.1,3.17,7.1,7.29,-0.19,1,6,0,0,0,0,0,0,0,2,0,0,0,0,0,0,0,0,0,NA
37688,Cícero,37,2015,266,Fluminense,4,mei,19,-1.6,2.81,8.75,10.14,-1.39,2,2,0,0,0,0,1,0,0,0,4,0,1,0,0,0,0,0,0,NA
38162,Fred,37,2015,266,Fluminense,5,ata,23,0,4.99,23.16,23.16,0,0,0,0,0,0,0,0,0,0,0,0,0,0,0,0,0,0,0,0,NA
38194,Antônio Carlos,37,2015,266,Fluminense,3,zag,17,0,1.78,7.44,7.44,0,0,0,0,0,0,0,0,0,0,0,0,0,0,0,0,0,0,0,0,NA
38279,Wellington Paulista,37,2015,266,Fluminense,5,ata,23,0,0.96,7.66,7.66,0,1,1,0,0,0,0,0,0,0,1,1,0,0,0,0,0,0,0,0,NA
38365,Henrique,37,2015,266,Fluminense,3,zag,8,0,2.17,5.42,5.42,0,0,0,0,0,0,0,0,0,0,0,0,0,0,0,0,0,0,0,0,NA
38431,Diego Cavalieri,37,2015,266,Fluminense,1,gol,35,0,4.02,15.36,15.36,0,1,1,0,0,0,0,0,0,0,0,0,0,0,0,0,1,0,1,0,NA
38440,Pierre,37,2015,266,Fluminense,4,mei,18,-1.1,1.32,4.369999999999999,4.85,-0.48,0,2,0,0,0,0,0,0,0,0,1,0,0,0,0,0,0,0,0,NA
39572,Renato,37,2015,266,Fluminense,2,lat,12,0,2.46,4.58,4.58,0,0,0,0,0,0,0,0,0,0,0,0,0,0,0,0,0,0,0,0,NA
42222,Osvaldo,37,2015,266,Fluminense,5,ata,20,0,0.2,6.1,6.1,0,1,0,0,0,0,0,0,0,0,0,2,0,0,1,0,0,0,0,0,NA
49673,Júlio César,37,2015,266,Fluminense,1,gol,2,0.4,-0.3,1.53,1.49,0.04,0,2,0,0,0,0,0,0,0,0,0,0,0,0,0,1,0,1,0,NA
62047,Jean,37,2015,266,Fluminense,4,mei,32,0,2.52,13.7,13.7,0,0,0,0,0,0,0,0,0,0,0,0,0,0,0,0,0,0,0,0,NA
68884,Klever,37,2015,266,Fluminense,1,gol,1,0,-2,2.08,2.08,0,0,0,0,0,0,0,0,0,0,0,0,0,0,0,0,0,0,0,0,NA
68887,Gum,37,2015,266,Fluminense,3,zag,29,0,2.38,13.87,13.87,0,0,0,0,0,0,0,0,0,0,0,0,0,0,0,0,0,0,0,0,NA
71090,João Filipe,37,2015,266,Fluminense,3,zag,0,0,0,6,6,0,0,0,0,0,0,0,0,0,0,0,0,0,0,0,0,0,0,0,0,NA
71162,Vinícius,37,2015,266,Fluminense,4,mei,20,0,2.44,11.04,11.04,0,0,0,0,0,0,0,0,0,0,0,0,0,0,0,0,0,0,0,0,NA
71892,Wellington Silva,37,2015,266,Fluminense,2,lat,28,1.2,3.27,13.73,14.26,-0.53,4,2,0,0,0,0,0,1,0,3,2,0,0,0,0,0,0,0,0,NA
72097,Giovanni,37,2015,266,Fluminense,2,lat,12,0,3.31,14.15,14.15,0,0,0,0,0,0,0,0,0,0,0,0,0,0,0,0,0,0,0,0,NA
80188,Marcos Junior,37,2015,266,Fluminense,5,ata,30,-1.4,1.42,3.4000000000000004,3.95,-0.55,5,5,0,0,1,0,0,0,0,1,3,0,1,0,0,0,0,0,0,NA
80370,Edson,37,2015,266,Fluminense,4,mei,26,-0.4,3.57,19.599999999999998,19.79,-0.19,3,7,0,0,0,2,0,0,0,2,2,0,2,0,0,0,0,0,0,NA
80399,Higor Leite,37,2015,266,Fluminense,4,mei,8,0,0.85,2.21,2.21,0,0,0,0,0,0,0,0,0,0,0,0,0,0,0,0,0,0,0,0,NA
80400,Rafinha,37,2015,266,Fluminense,4,mei,3,0,3.37,4.32,4.32,0,0,0,0,0,0,0,0,0,0,0,0,0,0,0,0,0,0,0,0,NA
80538,Marlon,37,2015,266,Fluminense,3,zag,24,0,2.3,15.5,15.5,0,1,0,0,0,0,0,0,0,0,0,1,0,0,0,0,0,0,0,0,NA
81952,Willian,37,2015,266,Fluminense,4,mei,0,0,0,6,6,0,0,0,0,0,0,0,0,0,0,0,0,0,0,0,0,0,0,0,0,NA
82740,Artur,37,2015,266,Fluminense,3,zag,1,1,1,1.6800000000000002,1.84,-0.16,2,0,0,0,0,0,0,0,0,0,0,0,0,0,0,0,0,0,0,NA
84684,Lucas Gomes,37,2015,266,Fluminense,5,ata,15,-2.6,1.25,3.03,3.69,-0.66,1,2,0,0,0,2,0,0,0,0,2,0,1,0,0,0,0,0,0,NA
84889,Victor Oliveira,37,2015,266,Fluminense,3,zag,6,0,1.4,2.2,2.2,0,0,0,0,0,0,0,0,0,0,0,0,0,0,0,0,0,0,0,0,NA
85121,Robert,37,2015,266,Fluminense,4,mei,4,2.7,3.58,5.279999999999999,4.89,0.39,2,0,0,0,0,0,0,0,0,1,0,0,0,0,0,0,0,0,0,NA
85626,Leonardo,37,2015,266,Fluminense,2,lat,6,-0.5,1.58,2.06,1.99,0.07,1,2,0,0,0,0,0,0,0,0,3,0,0,0,0,0,0,0,0,NA
86411,Breno,37,2015,266,Fluminense,2,lat,5,0,5.16,4.35,4.35,0,0,0,0,0,0,0,0,0,0,0,0,0,0,0,0,0,0,0,0,NA
87211,Eduardo Baptista,37,2015,266,Fluminense,6,tec,38,0.2,3.08,11.32,11.5,-0.18,0,0,0,0,0,0,0,0,0,0,0,0,0,0,0,0,0,0,0,NA
87999,Gustavo Scarpa,37,2015,266,Fluminense,4,mei,28,-1.1,3.01,4.69,4.75,-0.06,3,12,0,0,0,1,0,0,0,1,5,0,0,0,0,0,0,0,0,NA
88393,Ayrton,37,2015,266,Fluminense,2,lat,4,0,0.78,2.45,2.45,0,0,0,0,0,0,1,0,0,0,1,1,0,1,0,0,0,0,0,0,NA
89256,Gerson,37,2015,266,Fluminense,4,mei,29,0,1.23,9.34,9.34,0,0,0,0,0,0,0,0,0,0,0,0,0,0,0,0,0,0,0,0,NA
90366,Luiz Fernando,37,2015,266,Fluminense,4,mei,0,0,0,4,4,0,0,0,0,0,0,0,0,0,0,0,0,0,0,0,0,0,0,0,0,NA
91128,Bruninho,37,2015,266,Fluminense,5,ata,0,0,0,1,1,0,0,0,0,0,0,0,0,0,0,0,0,0,0,0,0,0,0,0,0,NA
91815,Ygor Nogueira,37,2015,266,Fluminense,3,zag,2,0.5,0.4,0.9500000000000001,0.92,0.03,1,6,0,0,0,0,0,0,0,3,2,0,1,0,0,0,0,0,0,NA
92290,Matheus Pato,37,2015,266,Fluminense,5,ata,0,0,0,2,2,0,0,0,0,0,0,0,0,0,0,0,0,0,0,0,0,0,0,0,0,NA
92438,Matheus Phillipe,37,2015,266,Fluminense,1,gol,0,0,0,1,1,0,0,0,0,0,0,0,0,0,0,0,0,0,0,0,0,0,0,0,0,NA
92497,Douglas,37,2015,266,Fluminense,4,mei,3,0,2.43,3.53,3.53,0,0,0,0,0,0,0,0,0,0,0,0,0,0,0,0,0,0,0,0,NA
92848,Breno Santos,37,2015,266,Fluminense,2,lat,0,0,0,1,1,0,0,0,0,0,0,0,0,0,0,0,0,0,0,0,0,0,0,0,0,NA
37613,Dagoberto,37,2015,267,Vasco,5,ata,9,0,-0.03,6.23,6.23,0,0,0,0,0,0,0,0,0,0,0,0,0,0,0,0,0,0,0,0,NA
37627,Diguinho,37,2015,267,Vasco,4,mei,13,-0.3,2.26,4.1899999999999995,5.09,-0.9,2,5,0,0,1,0,0,0,0,3,2,0,0,0,0,0,0,0,0,NA
37644,Rodrigo,37,2015,267,Vasco,3,zag,33,5.1,5.28,20.450000000000003,20.28,0.17,4,5,0,0,0,1,0,0,0,0,1,0,1,0,2,0,0,0,0,NA
37663,Julio Cesar,37,2015,267,Vasco,2,lat,26,3.8,2.88,4.81,5.51,-0.7,3,6,0,0,0,0,0,0,0,2,2,0,0,0,2,0,0,0,0,NA
37784,Herrera,37,2015,267,Vasco,5,ata,12,0,0.27,7.58,7.58,0,0,0,0,0,0,0,0,0,0,0,0,0,0,0,0,0,0,0,0,NA
38108,Jorge Henrique,37,2015,267,Vasco,5,ata,18,-3.3,0.12,4.6,5.16,-0.56,3,6,0,0,0,1,0,0,0,1,2,0,0,1,0,0,0,0,0,NA
38446,Nei,37,2015,267,Vasco,2,lat,0,0,0,4,4,0,0,0,0,0,0,0,0,0,0,0,0,0,0,0,0,0,0,0,0,NA
38508,Eder Luis,37,2015,267,Vasco,5,ata,5,0,0.02,3.29,3.29,0,0,0,0,0,0,0,0,0,0,0,0,0,0,0,0,0,0,0,0,NA
38768,Andrezinho,37,2015,267,Vasco,4,mei,20,0,3.09,7.59,7.59,0,1,0,0,0,0,1,0,0,0,3,3,0,1,0,0,0,0,0,0,NA
38913,Nenê,37,2015,267,Vasco,5,ata,20,-0.3,6.86,10.6,13.1,-2.5,4,15,0,0,3,1,1,1,0,4,3,0,0,0,0,0,0,0,0,NA
40758,Leandrão,37,2015,267,Vasco,5,ata,11,0.5,1.81,5.51,5.74,-0.23,1,0,0,0,0,0,0,0,0,0,0,0,0,0,0,0,0,0,0,NA
41159,João Carlos,37,2015,267,Vasco,3,zag,0,0,0,5,5,0,0,0,0,0,0,0,0,0,0,0,0,0,0,0,0,0,0,0,0,NA
42236,Bruno Teles,37,2015,267,Vasco,2,lat,0,0,0,4,4,0,0,0,0,0,0,0,0,0,0,0,0,0,0,0,0,0,0,0,0,NA
50454,Serginho,37,2015,267,Vasco,4,mei,25,2.7,1.47,6.06,5.96,0.1,5,13,0,0,1,3,0,0,0,3,4,0,0,0,0,0,0,0,0,NA
50533,Guiñazu,37,2015,267,Vasco,4,mei,21,0,2.58,13.44,13.44,0,0,0,0,0,0,0,0,0,0,0,0,0,0,0,0,0,0,0,0,NA
54422,Jéferson,37,2015,267,Vasco,4,mei,0,0,0,4,4,0,0,0,0,0,0,0,0,0,0,0,0,0,0,0,0,0,0,0,0,NA
60802,Bruno Gallo,37,2015,267,Vasco,4,mei,13,0.2,0.75,1.68,1.89,-0.21,1,2,0,0,0,0,0,0,0,1,0,0,0,0,0,0,0,0,0,NA
60853,Julio Dos Santos,37,2015,267,Vasco,4,mei,26,0,0.9,7.94,7.94,0,0,0,0,0,0,0,0,0,0,0,0,0,0,0,0,0,0,0,0,NA
61986,Aislan,37,2015,267,Vasco,3,zag,4,0,-0.2,2.01,2.01,0,0,0,0,0,0,0,0,0,0,0,0,0,0,0,0,0,0,0,0,NA
69099,Seymour,37,2015,267,Vasco,4,mei,1,0,-1.4,6.27,6.27,0,0,0,0,0,0,0,0,0,0,0,0,0,0,0,0,0,0,0,0,NA
69249,Martín Silva,37,2015,267,Vasco,1,gol,21,5,4.34,15.61,16.63,-1.02,0,0,0,0,0,0,0,0,0,0,0,0,0,0,2,2,0,0,0,NA
70323,Jorginho,37,2015,267,Vasco,6,tec,19,2.15,3.02,9.129999999999999,9.67,-0.54,0,0,0,0,0,0,0,0,0,0,0,0,0,0,0,0,0,0,0,NA
70933,Anderson Salles,37,2015,267,Vasco,3,zag,11,0,2.18,5.73,5.73,0,0,0,0,0,0,0,0,0,0,0,0,0,0,0,0,0,0,0,0,NA
73421,Rafael Vaz,37,2015,267,Vasco,3,zag,9,0,3.26,3.09,3.09,0,0,4,0,0,0,1,0,0,0,0,0,0,0,0,1,0,0,0,0,NA
73876,Jomar,37,2015,267,Vasco,3,zag,4,0,6.37,4.55,4.55,0,0,0,0,0,0,0,0,0,0,0,0,0,0,0,0,0,0,0,0,NA
74067,Charles,37,2015,267,Vasco,1,gol,10,0,-0.29,0.82,0.82,0,0,0,0,0,0,0,0,0,0,0,0,0,0,0,0,0,0,0,0,NA
74081,Guilherme Costa,37,2015,267,Vasco,4,mei,0,0,0,2,2,0,0,0,0,0,0,0,0,0,0,0,0,0,0,0,0,0,0,0,0,NA
78077,Madson,37,2015,267,Vasco,2,lat,33,6.5,1.84,12.190000000000001,12.06,0.13,3,5,0,0,0,0,0,0,0,2,2,0,0,0,2,0,0,0,0,NA
78556,Lucas,37,2015,267,Vasco,4,mei,13,0,0.43,5.42,5.42,0,0,0,0,0,0,0,0,0,0,0,0,0,0,0,0,0,0,0,0,NA
78652,Jhon Cley,37,2015,267,Vasco,4,mei,13,0,0.96,3.96,3.96,0,0,0,0,0,0,0,0,0,0,0,0,0,0,0,0,0,0,0,0,NA
80692,Luan,37,2015,267,Vasco,3,zag,24,3.2,2.09,13.49,13.24,0.25,1,6,0,0,0,0,0,1,0,0,0,0,0,0,1,0,0,0,0,NA
82499,Christiano,37,2015,267,Vasco,2,lat,19,0,3.44,11.42,11.42,0,0,0,0,0,0,0,0,0,0,0,0,0,0,0,0,0,0,0,0,NA
82510,Romarinho,37,2015,267,Vasco,5,ata,2,0,-0.05,0.83,0.83,0,0,0,0,0,0,0,0,0,0,0,0,0,0,0,0,0,0,0,0,NA
83189,Riascos,37,2015,267,Vasco,5,ata,26,-1.8,2.05,6.16,6.65,-0.49,0,0,0,0,0,4,0,2,0,0,6,0,0,0,0,0,0,0,0,NA
84679,Emanuel Biancucchi,37,2015,267,Vasco,4,mei,6,0,1.42,6.97,6.97,0,0,0,0,0,0,0,0,0,0,0,0,0,0,0,0,0,0,0,0,NA
84893,Henrique,37,2015,267,Vasco,2,lat,0,0,0,5,5,0,0,0,0,0,0,0,0,0,0,0,0,0,0,0,0,0,0,0,0,NA
85211,Thalles,37,2015,267,Vasco,5,ata,12,0,0.34,6.85,6.85,0,0,0,0,0,0,0,0,0,0,0,0,0,0,0,0,0,0,0,0,NA
86725,Rafael Silva,37,2015,267,Vasco,5,ata,25,-0.8,1.24,4.1899999999999995,4.3,-0.11,1,1,0,0,1,0,0,0,0,0,1,0,1,0,0,0,0,0,0,NA
86776,Jordi,37,2015,267,Vasco,1,gol,9,0,0.55,1.84,1.84,0,0,0,0,0,0,0,0,0,0,0,0,0,0,0,0,0,0,0,0,NA
87483,Matheus Índio,37,2015,267,Vasco,4,mei,0,0,0,1,1,0,0,0,0,0,0,0,0,0,0,0,0,0,0,0,0,0,0,0,0,NA
87750,Lorran,37,2015,267,Vasco,2,lat,0,0,0,4,4,0,0,0,0,0,0,0,0,0,0,0,0,0,0,0,0,0,0,0,0,NA
88379,Jean Patrick,37,2015,267,Vasco,4,mei,1,0,-1.1,4.67,4.67,0,0,0,0,0,0,0,0,0,0,0,0,0,0,0,0,0,0,0,0,NA
89641,Bruno Ferreira,37,2015,267,Vasco,2,lat,3,0,0.47,1.6,1.6,0,0,0,0,0,0,0,0,0,0,0,0,0,0,0,0,0,0,0,0,NA
92057,Gabriel Félix,37,2015,267,Vasco,1,gol,0,0,0,1,1,0,0,0,0,0,0,0,0,0,0,0,0,0,0,0,0,0,0,0,0,NA
92696,Renato Kayzer,37,2015,267,Vasco,5,ata,2,0,0.25,1.52,1.52,0,0,0,0,0,0,0,0,0,0,0,0,0,0,0,0,0,0,0,0,NA
93108,Mateus Vital,37,2015,267,Vasco,4,mei,1,3.1,3.1,2.26,1.63,0.63,1,1,0,0,1,1,0,0,0,1,1,0,0,0,0,0,0,0,0,NA
36612,Zé Roberto,37,2015,275,Palmeiras,2,lat,26,5.3,5.2,24.669999999999998,24.83,-0.16,0,1,0,0,1,0,0,1,0,3,0,0,0,0,0,0,0,0,0,NA
37673,Alecsandro,37,2015,275,Palmeiras,5,ata,22,-0.9,1.94,11.35,11.28,0.07,3,4,0,0,0,1,0,5,0,0,3,0,0,0,0,0,0,0,0,NA
37718,Arouca,37,2015,275,Palmeiras,4,mei,22,0,1.42,5.04,5.04,0,0,0,0,0,0,0,0,0,0,0,0,0,0,0,0,0,0,0,0,NA
37984,Aranha,37,2015,275,Palmeiras,1,gol,0,0,0,6,6,0,0,0,0,0,0,0,0,0,0,0,0,0,0,0,0,0,0,0,0,NA
38140,Fernando Prass,37,2015,275,Palmeiras,1,gol,36,0,2.93,14.82,14.82,0,0,0,0,0,0,0,0,0,0,0,0,0,0,0,0,0,0,0,0,NA
38187,Fellype Gabriel,37,2015,275,Palmeiras,4,mei,1,0,1.2,8.47,8.47,0,0,0,0,0,0,0,0,0,0,0,0,0,0,0,0,0,0,0,0,NA
38530,Cleiton Xavier,37,2015,275,Palmeiras,4,mei,10,0,1.01,12.92,12.92,0,0,0,0,0,0,0,0,0,0,0,0,0,0,0,0,0,0,0,0,NA
38957,Rafael Marques,37,2015,275,Palmeiras,5,ata,32,0,3.92,17.52,17.52,0,0,0,0,0,0,0,0,0,0,0,0,0,0,0,0,0,0,0,0,NA
42145,Egídio,37,2015,275,Palmeiras,2,lat,30,0,4.7,14.79,14.79,0,5,4,0,0,0,0,0,0,0,1,0,0,0,0,0,0,0,0,0,NA
42232,Amaral,37,2015,275,Palmeiras,4,mei,15,0.1,0.83,3.05,3.59,-0.54,1,5,0,0,0,1,0,0,0,3,3,0,0,0,0,0,0,0,0,NA
50362,Lucas,37,2015,275,Palmeiras,2,lat,28,0,2.61,10.06,10.06,0,2,2,0,0,1,0,0,0,0,0,3,0,1,0,0,0,0,0,0,NA
50462,Leandro Almeida,37,2015,275,Palmeiras,3,zag,19,-0.3,-0.09,4.48,5.12,-0.64,3,3,0,0,0,0,0,0,0,2,2,0,0,0,0,0,0,0,0,NA
62104,Robinho,37,2015,275,Palmeiras,4,mei,25,0,2.89,10.12,10.12,0,0,0,0,0,0,0,0,0,0,0,0,0,0,0,0,0,0,0,0,NA
62136,Marcelo Oliveira,37,2015,275,Palmeiras,6,tec,35,3.69,3.27,12.78,12.27,0.51,0,0,0,0,0,0,0,0,0,0,0,0,0,0,0,0,0,0,0,NA
63000,Victor Ramos,37,2015,275,Palmeiras,3,zag,17,0,2.29,3.6,3.6,0,0,0,0,0,0,0,0,0,0,0,0,0,0,0,0,0,0,0,0,NA
68920,Dudu,37,2015,275,Palmeiras,5,ata,28,8.9,5.63,18.740000000000002,17.44,1.3,3,2,0,0,1,0,1,0,0,0,2,0,0,0,0,0,0,0,0,NA
69282,Lucas Barrios,37,2015,275,Palmeiras,5,ata,13,0,3.54,10.06,10.06,0,0,0,0,0,0,0,0,0,0,0,0,0,0,0,0,0,0,0,0,NA
70106,Mouche,37,2015,275,Palmeiras,5,ata,5,0,-0.24,3.44,3.44,0,0,2,0,0,0,0,0,0,0,2,1,0,0,0,0,0,0,0,0,NA
70934,Jackson,37,2015,275,Palmeiras,3,zag,17,0,2.24,4.99,4.99,0,0,0,0,0,0,0,0,0,0,0,0,0,0,0,0,0,0,0,0,NA
70951,Fabio,37,2015,275,Palmeiras,1,gol,2,-2,-1.5,1.85,2.08,-0.23,0,0,0,0,0,0,0,0,0,0,0,0,0,0,0,1,0,3,0,NA
71549,Kelvin,37,2015,275,Palmeiras,5,ata,16,0.2,1.54,6.34,6.05,0.29,7,4,0,0,0,0,0,0,0,0,4,0,1,0,0,0,0,0,0,NA
71602,João Paulo,37,2015,275,Palmeiras,2,lat,6,14.3,2.43,10.040000000000001,7.65,2.39,3,1,2,0,0,1,0,0,0,2,2,0,0,0,0,0,0,0,0,NA
72290,Jailson,37,2015,275,Palmeiras,1,gol,0,0,0,1,1,0,0,0,0,0,0,0,0,0,0,0,0,0,0,0,0,0,0,0,0,NA
72605,Vitor Hugo,37,2015,275,Palmeiras,3,zag,30,10.1,3.68,20.21,18.41,1.8,0,1,0,0,0,0,1,0,0,2,2,0,0,0,0,0,0,0,0,NA
78605,Gabriel,37,2015,275,Palmeiras,4,mei,16,0,3.85,13.59,13.59,0,0,0,0,0,0,0,0,0,0,0,0,0,0,0,0,0,0,0,0,NA
78855,Thiago Santos,37,2015,275,Palmeiras,4,mei,13,0,2.82,7,7,0,0,0,0,0,0,0,0,0,0,0,0,0,0,0,0,0,0,0,0,NA
83683,Andrei Girotto,37,2015,275,Palmeiras,4,mei,12,0,1.33,3.48,3.48,0,2,4,0,0,0,0,0,0,0,1,3,0,0,0,0,0,0,0,0,NA
84585,Allione,37,2015,275,Palmeiras,4,mei,12,2.3,1.1,7.03,6.75,0.28,5,7,0,0,0,1,0,0,0,1,0,0,0,0,0,0,0,0,0,NA
85083,Vinícius Silvestre,37,2015,275,Palmeiras,1,gol,0,0,0,1,1,0,0,0,0,0,0,0,0,0,0,0,0,0,0,0,0,0,0,0,0,NA
87158,Clebinho,37,2015,275,Palmeiras,4,mei,0,0,0,2,2,0,0,0,0,0,0,0,0,0,0,0,0,0,0,0,0,0,0,0,0,NA
87420,Cristaldo,37,2015,275,Palmeiras,5,ata,22,0.5,3.12,9.120000000000001,9.56,-0.44,2,0,0,0,1,0,0,0,0,1,1,0,0,0,0,0,0,0,0,NA
88866,Juninho,37,2015,275,Palmeiras,4,mei,2,-2,-1.45,1.02,1.26,-0.24,1,3,0,0,0,0,0,0,0,0,1,0,1,0,0,0,0,0,0,NA
89154,Gabriel Jesus,37,2015,275,Palmeiras,5,ata,20,0,3,4.34,4.34,0,0,0,0,0,0,0,0,0,0,0,0,0,0,0,0,0,0,0,0,NA
89156,Nathan,37,2015,275,Palmeiras,3,zag,3,0,-2.5,2.88,2.88,0,0,1,0,0,0,0,0,1,0,1,5,0,1,0,0,0,0,0,0,NA
89273,João Pedro,37,2015,275,Palmeiras,2,lat,11,0,1.03,3.47,3.47,0,0,0,0,0,0,0,0,0,0,0,0,0,0,0,0,0,0,0,0,NA
89285,Matheus Sales,37,2015,275,Palmeiras,4,mei,4,-0.5,1.7,0.83,1.67,-0.84,1,0,0,0,0,0,0,0,0,0,2,0,0,0,0,0,0,0,0,NA
90300,Julen,37,2015,275,Palmeiras,4,mei,0,0,0,1,1,0,0,0,0,0,0,0,0,0,0,0,0,0,0,0,0,0,0,0,0,NA
91495,Arancibia,37,2015,275,Palmeiras,4,mei,0,0,0,2,2,0,0,0,0,0,0,0,0,0,0,0,0,0,0,0,0,0,0,0,0,NA
92293,Lucas Taylor,37,2015,275,Palmeiras,2,lat,3,4.6,0.93,2.37,1.6,0.77,2,1,0,0,1,0,0,0,0,2,1,0,0,0,0,0,0,0,0,NA
92434,Daniel,37,2015,275,Palmeiras,4,mei,0,0,0,1,1,0,0,0,0,0,0,0,0,0,0,0,0,0,0,0,0,0,0,0,0,NA
92623,Kauê,37,2015,275,Palmeiras,5,ata,0,0,0,2,2,0,0,0,0,0,0,0,0,0,0,0,0,0,0,0,0,0,0,0,0,NA
93377,Jobson,37,2015,275,Palmeiras,4,mei,1,0,0.2,1.76,1.76,0,0,0,0,0,0,0,0,0,0,1,3,0,0,0,0,0,0,0,0,NA
93378,Augusto,37,2015,275,Palmeiras,3,zag,0,0,0,1,1,0,0,0,0,0,0,0,0,0,0,0,0,0,0,0,0,0,0,0,0,NA
37607,Michel Bastos,37,2015,276,São Paulo,4,mei,30,1.7,2.31,12.95,12.76,0.19,1,8,0,0,1,1,0,0,0,2,3,0,0,0,0,0,0,0,0,NA
37919,Luis Fabiano,37,2015,276,São Paulo,5,ata,21,0,4.14,15.89,15.89,0,2,0,0,0,0,1,1,0,0,0,2,0,0,0,0,0,0,0,0,NA
38055,Rogério Ceni,37,2015,276,São Paulo,1,gol,22,0,5.24,24.69,24.69,0,0,0,0,0,0,0,0,0,0,0,0,0,0,0,0,0,0,0,0,NA
38451,Carlinhos,37,2015,276,São Paulo,2,lat,19,10.2,5.16,14.040000000000001,12.55,1.49,3,9,0,0,0,5,0,0,0,3,1,0,0,0,1,0,0,0,0,NA
42499,Bruno,37,2015,276,São Paulo,2,lat,30,5,2.14,9.32,8.66,0.66,0,2,0,0,0,0,0,0,0,1,0,0,0,0,1,0,0,0,0,NA
49675,Alexandre Pato,37,2015,276,São Paulo,5,ata,32,0,4.94,15.25,15.25,0,5,4,0,0,0,1,0,0,0,0,0,0,0,0,0,0,0,0,0,NA
50324,Hudson,37,2015,276,São Paulo,4,mei,28,4.1,1.83,3.3000000000000003,4.15,-0.85,2,3,1,0,1,0,0,0,0,6,5,0,0,0,0,0,0,0,0,NA
50347,Alan Kardec,37,2015,276,São Paulo,5,ata,8,-1.3,3.46,6.029999999999999,7.59,-1.56,1,2,0,0,0,0,1,0,0,0,3,0,0,0,0,0,0,0,0,NA
50408,Breno,37,2015,276,São Paulo,3,zag,5,0,2.88,4.21,4.21,0,0,0,0,0,0,0,0,0,0,0,0,0,0,0,0,0,0,0,0,NA
50421,Wesley,37,2015,276,São Paulo,4,mei,25,-0.3,1.65,8.700000000000001,8.96,-0.26,0,1,0,0,0,0,0,0,0,0,0,0,0,0,0,0,0,0,0,NA
51175,Denis,37,2015,276,São Paulo,1,gol,6,5,2.97,6.33,5.25,1.08,0,1,0,0,0,0,0,0,0,0,0,0,0,0,1,1,0,2,0,NA
62977,Ganso,37,2015,276,São Paulo,4,mei,30,5.1,3.76,15.14,14.81,0.33,4,8,1,1,1,1,0,0,0,1,3,0,1,0,0,0,0,0,0,NA
63008,Rafael Toloi,37,2015,276,São Paulo,3,zag,12,0,3.18,11.85,11.85,0,0,0,0,0,0,0,0,0,0,0,0,0,0,0,0,0,0,0,0,NA
68932,Renan Ribeiro,37,2015,276,São Paulo,1,gol,9,0,4.21,3.17,3.17,0,0,0,0,0,0,0,0,0,0,0,0,0,0,0,0,0,0,0,0,NA
70163,Milton Cruz,37,2015,276,São Paulo,6,tec,9,5.25,4.4,12.98,12.85,0.13,0,0,0,0,0,0,0,0,0,0,0,0,0,0,0,0,0,0,0,NA
71043,Leo,37,2015,276,São Paulo,1,gol,0,0,0,1,1,0,0,0,0,0,0,0,0,0,0,0,0,0,0,0,0,0,0,0,0,NA
71123,Thiago Mendes,37,2015,276,São Paulo,4,mei,34,0.5,3.47,6.04,8,-1.96,9,9,0,0,2,0,1,0,0,2,5,0,0,0,0,0,0,0,0,NA
71507,Edson Silva,37,2015,276,São Paulo,3,zag,12,4.2,2.91,6.26,5.55,0.71,0,1,0,0,0,0,0,0,0,0,1,0,0,0,1,0,0,0,0,NA
71603,Luiz Eduardo,37,2015,276,São Paulo,3,zag,6,0,2.88,4.5,4.5,0,0,0,0,0,0,0,0,0,0,0,0,0,0,0,0,0,0,0,0,NA
73540,Rogério,37,2015,276,São Paulo,5,ata,14,8,4.06,10.69,9.25,1.44,0,0,0,0,0,0,1,0,0,0,0,0,0,0,0,0,0,0,0,NA
73800,Rodrigo Caio,37,2015,276,São Paulo,4,mei,23,0,3.31,6.92,6.92,0,3,1,0,1,0,0,0,0,0,2,4,0,1,0,0,0,0,0,0,NA
77777,João Schmidt,37,2015,276,São Paulo,4,mei,4,0,-0.35,1.17,1.17,0,0,0,0,0,0,0,0,0,0,0,0,0,0,0,0,0,0,0,0,NA
78850,Reinaldo,37,2015,276,São Paulo,2,lat,22,8.9,2.92,7.45,6.24,1.21,0,4,0,0,0,0,0,0,0,3,0,0,0,0,1,0,0,0,0,NA
84554,Lucão,37,2015,276,São Paulo,3,zag,24,2.6,2.4,4.49,3.81,0.68,3,6,0,0,0,0,0,0,0,0,7,0,0,0,1,0,0,0,0,NA
85297,Guisao,37,2015,276,São Paulo,4,mei,6,0,3.8,4.79,4.79,0,0,0,0,0,0,0,0,0,0,0,0,0,0,0,0,0,0,0,0,NA
85629,Daniel,37,2015,276,São Paulo,4,mei,2,0,0.2,4.74,4.74,0,0,0,0,0,0,0,0,0,0,0,0,0,0,0,0,0,0,0,0,NA
87486,Matheus,37,2015,276,São Paulo,2,lat,13,0,2.56,1.46,1.46,0,0,0,0,0,0,0,0,0,0,0,0,0,0,0,0,0,0,0,0,NA
88269,Centurión,37,2015,276,São Paulo,5,ata,24,0,2.07,9.71,9.71,0,2,1,0,0,0,1,0,0,0,0,0,0,0,0,0,0,0,0,0,NA
88540,Auro,37,2015,276,São Paulo,2,lat,9,0,4.73,4.93,4.93,0,0,0,0,0,0,0,0,0,0,0,0,0,0,0,0,0,0,0,0,NA
89226,Iago Maidana,37,2015,276,São Paulo,3,zag,0,0,0,3,3,0,0,0,0,0,0,0,0,0,0,0,0,0,0,0,0,0,0,0,0,NA
91260,Lucas Perri,37,2015,276,São Paulo,1,gol,0,0,0,1,1,0,0,0,0,0,0,0,0,0,0,0,0,0,0,0,0,0,0,0,0,NA
91972,João Paulo,37,2015,276,São Paulo,5,ata,4,0,-0.22,0.83,0.83,0,0,0,0,0,0,0,0,0,0,0,0,0,0,0,0,0,0,0,0,NA
92087,Lyanco,37,2015,276,São Paulo,3,zag,9,4,2.34,4.45,3.79,0.66,0,0,0,0,0,0,0,0,0,0,2,0,0,0,1,0,0,0,0,NA
92604,Jeferson,37,2015,276,São Paulo,4,mei,0,0,0,2,2,0,0,0,0,0,0,0,0,0,0,0,0,0,0,0,0,0,0,0,0,NA
92663,Murilo,37,2015,276,São Paulo,5,ata,0,0,0,2,2,0,0,0,0,0,0,0,0,0,0,0,0,0,0,0,0,0,0,0,0,NA
37281,Mano Menezes,37,2015,283,Cruzeiro,6,tec,15,1.87,4.48,12.270000000000001,13.38,-1.11,0,0,0,0,0,0,0,0,0,0,0,0,0,0,0,0,0,0,0,NA
37604,Paulo André,37,2015,283,Cruzeiro,3,zag,17,0,1.46,6.84,6.84,0,0,0,0,0,0,0,0,0,0,1,1,0,1,0,1,0,0,0,0,NA
37656,Fábio,37,2015,283,Cruzeiro,1,gol,35,0,3.5,13.7,13.7,0,0,0,0,0,0,0,0,0,0,0,0,0,1,0,1,1,0,0,0,NA
37694,Henrique,37,2015,283,Cruzeiro,4,mei,30,0,3.33,12.19,12.19,0,0,1,0,0,0,1,0,0,0,0,0,0,0,0,0,0,0,0,0,NA
37790,Ceará,37,2015,283,Cruzeiro,2,lat,18,0,2.34,5.91,5.91,0,0,3,1,0,0,1,0,0,0,0,0,0,0,0,1,0,0,0,0,NA
38921,Júlio Baptista,37,2015,283,Cruzeiro,4,mei,2,0,0.1,8.21,8.21,0,0,0,0,0,0,0,0,0,0,0,0,0,0,0,0,0,0,0,0,NA
42116,Willian,37,2015,283,Cruzeiro,5,ata,29,4.7,6.03,15.809999999999999,17.72,-1.91,6,7,1,0,1,5,1,1,0,2,1,0,0,0,0,0,0,0,0,NA
49674,Fabrício,37,2015,283,Cruzeiro,2,lat,24,0,2.32,8.87,8.87,0,1,4,0,0,0,0,0,0,0,2,0,0,0,0,1,0,0,0,0,NA
50382,Charles,37,2015,283,Cruzeiro,4,mei,25,0,2.63,9.35,9.35,0,1,0,0,0,0,1,1,0,0,1,3,0,0,0,0,0,0,0,0,NA
50459,Léo,37,2015,283,Cruzeiro,3,zag,5,0,2.28,11.8,11.8,0,0,0,0,0,0,0,0,0,0,0,0,0,0,0,0,0,0,0,0,NA
51705,Bruno Rodrigo,37,2015,283,Cruzeiro,3,zag,21,0,1.92,5.44,5.44,0,0,0,0,0,0,0,0,0,0,0,0,0,0,0,0,0,0,0,0,NA
54424,Willians,37,2015,283,Cruzeiro,4,mei,28,1.3,3.57,12.84,13.91,-1.07,3,6,0,0,1,2,0,1,0,5,3,0,0,0,0,0,0,0,0,NA
60788,Marquinhos,37,2015,283,Cruzeiro,5,ata,22,0,2.43,10.55,10.55,0,0,0,0,0,0,0,0,0,0,0,0,0,0,0,0,0,0,0,0,NA
60819,Dedé,37,2015,283,Cruzeiro,3,zag,0,0,0,12,12,0,0,0,0,0,0,0,0,0,0,0,0,0,0,0,0,0,0,0,0,NA
63058,Willian Farias,37,2015,283,Cruzeiro,4,mei,3,2.9,0.93,3.43,3.5,-0.07,1,0,0,0,0,0,0,0,0,2,2,0,0,0,0,0,0,0,0,NA
68928,Rafael,37,2015,283,Cruzeiro,1,gol,2,-4,-0.15,2.18,3.81,-1.63,0,0,0,0,0,0,0,0,0,0,0,0,0,0,0,0,0,2,0,NA
68952,Marinho,37,2015,283,Cruzeiro,5,ata,12,0,1.93,7.99,7.99,0,0,0,0,0,0,0,0,0,0,0,0,0,0,0,0,0,0,0,0,NA
68953,Leandro Damião,37,2015,283,Cruzeiro,5,ata,22,0,3.11,18.38,18.38,0,0,0,0,0,0,0,0,0,0,0,0,0,0,0,0,0,0,0,0,NA
69014,Manoel,37,2015,283,Cruzeiro,3,zag,35,4.6,3.24,10.1,10.03,0.07,0,1,0,0,0,0,0,0,0,3,2,0,0,0,1,0,0,0,0,NA
72007,Uillian Correia,37,2015,283,Cruzeiro,4,mei,1,0,-0.3,3.24,3.24,0,0,0,0,0,0,0,0,0,0,0,0,0,0,0,0,0,0,0,0,NA
73721,Marcos Vinícius,37,2015,283,Cruzeiro,4,mei,19,0.3,1.82,1.96,3.02,-1.06,4,7,1,0,0,1,0,0,0,2,4,0,0,0,0,0,0,0,0,NA
77967,Mena,37,2015,283,Cruzeiro,2,lat,6,7.7,2.58,7.51,5.89,1.62,0,1,0,0,0,0,0,0,0,5,1,0,0,0,0,0,0,0,0,NA
78407,Douglas Grolli,37,2015,283,Cruzeiro,3,zag,2,2,3.5,4.130000000000001,4.61,-0.48,0,2,0,0,0,0,0,0,0,3,1,0,1,0,0,0,0,0,0,NA
79048,Elisson,37,2015,283,Cruzeiro,1,gol,0,0,0,1,1,0,0,0,0,0,0,0,0,0,0,0,0,0,0,0,0,0,0,0,0,NA
79887,Fabiano,37,2015,283,Cruzeiro,2,lat,11,0,3.12,4.32,4.41,-0.09,0,0,0,0,0,0,0,0,0,0,0,0,0,0,0,0,0,0,0,NA
80363,Ariel Cabral,37,2015,283,Cruzeiro,4,mei,17,1.4,2.47,5.9,6.37,-0.47,2,4,0,0,0,0,0,0,0,4,2,0,0,0,0,0,0,0,0,NA
81150,Mayke,37,2015,283,Cruzeiro,2,lat,17,0,1.95,7.94,8.83,-0.89,0,0,0,0,0,0,0,0,0,0,0,0,0,0,1,0,0,0,0,NA
81845,Alisson,37,2015,283,Cruzeiro,5,ata,16,0,4.59,9.38,9.38,0,1,1,0,0,2,1,1,1,0,0,1,0,0,0,0,0,0,0,0,NA
82767,Vinícius Araújo,37,2015,283,Cruzeiro,5,ata,12,0,2.25,3.69,3.69,0,0,0,0,0,0,0,0,0,0,0,0,0,0,0,0,0,0,0,0,NA
82769,Alan,37,2015,283,Cruzeiro,1,gol,0,0,0,1,1,0,0,0,0,0,0,0,0,0,0,0,0,0,0,0,0,0,0,0,0,NA
82787,Joel,37,2015,283,Cruzeiro,5,ata,11,-1,0.52,3.09,3.71,-0.62,0,0,0,0,0,0,0,1,0,0,1,0,0,0,0,0,0,0,0,NA
85040,Gabriel Xavier,37,2015,283,Cruzeiro,4,mei,12,0,1.11,4.88,4.88,0,0,0,0,0,0,0,0,0,0,0,0,0,0,0,0,0,0,0,0,NA
87213,Pará,37,2015,283,Cruzeiro,2,lat,11,0,1.37,2.59,2.59,0,0,0,0,0,0,0,0,0,0,0,0,0,0,0,0,0,0,0,0,NA
87391,Allano,37,2015,283,Cruzeiro,5,ata,16,2,2.5,4.06,4.6,-0.54,2,0,0,0,1,0,0,0,0,0,0,0,0,0,0,0,0,0,0,NA
87400,Alex,37,2015,283,Cruzeiro,3,zag,0,0,0,2,2,0,0,0,0,0,0,0,0,0,0,0,0,0,0,0,0,0,0,0,0,NA
87401,Eurico,37,2015,283,Cruzeiro,4,mei,2,0,-0.05,2.16,2.16,0,0,0,0,0,0,0,0,0,0,0,0,0,0,0,0,0,0,0,0,NA
87863,De Arrascaeta,37,2015,283,Cruzeiro,4,mei,23,-1.3,2.72,14.19,14.36,-0.17,0,1,0,0,0,0,0,0,0,0,2,0,0,0,0,0,0,0,0,NA
89190,Judivan,37,2015,283,Cruzeiro,5,ata,1,0,-0.5,2.77,2.77,0,0,0,0,0,0,0,0,0,0,0,0,0,0,0,0,0,0,0,0,NA
89444,Hugo Ragelli,37,2015,283,Cruzeiro,5,ata,0,0,0,2,2,0,0,0,0,0,0,0,0,0,0,0,0,0,0,0,0,0,0,0,0,NA
89924,Bruno Edgar,37,2015,283,Cruzeiro,4,mei,3,0,-1.4,0.83,0.83,0,0,0,0,0,0,0,0,0,0,0,0,0,0,0,0,0,0,0,0,NA
90259,Luiz Fernando,37,2015,283,Cruzeiro,4,mei,0,0,0,2,2,0,0,0,0,0,0,0,0,0,0,0,0,0,0,0,0,0,0,0,0,NA
92291,Bruno Viana,37,2015,283,Cruzeiro,3,zag,0,0,0,1,1,0,0,0,0,0,0,0,0,0,0,0,0,0,0,0,0,0,0,0,0,NA
37770,Marcelo Grohe,37,2015,284,Grêmio,1,gol,23,0,3.78,16.26,16.26,0,0,0,0,0,0,0,0,0,0,0,0,0,0,0,0,0,0,0,0,NA
37792,Edinho,37,2015,284,Grêmio,4,mei,19,1.4,0.95,3.54,3.59,-0.05,0,1,0,0,1,0,0,0,0,2,2,0,0,0,0,0,0,0,0,NA
38139,Bobô,37,2015,284,Grêmio,5,ata,20,6.9,2.99,9.2,7.95,1.25,1,2,0,0,0,0,1,1,0,0,1,0,0,0,0,0,0,0,0,NA
38196,Maicon,37,2015,284,Grêmio,4,mei,23,0,2.12,5.65,5.65,0,0,0,0,0,0,0,0,0,0,0,0,0,0,0,0,0,0,0,0,NA
38738,Douglas,37,2015,284,Grêmio,4,mei,31,0,1.12,7.5,7.5,0,1,0,0,0,0,0,0,0,0,0,0,0,1,0,0,0,0,0,0,NA
50328,Marcelo Oliveira,37,2015,284,Grêmio,2,lat,33,17.4,4.54,15.73,13.57,2.16,4,5,1,0,0,0,1,0,0,3,1,0,0,0,1,0,0,0,0,NA
51548,Giuliano,37,2015,284,Grêmio,4,mei,35,2.4,3.59,14.340000000000002,14.63,-0.29,2,9,0,0,0,0,0,0,0,3,2,0,0,0,0,0,0,0,0,NA
68758,Fernandinho,37,2015,284,Grêmio,5,ata,16,0,0.72,3.86,3.86,0,0,0,0,0,0,0,0,0,0,0,0,0,0,0,0,0,0,0,0,NA
68821,Rafael Galhardo,37,2015,284,Grêmio,2,lat,33,5.5,3.69,12.260000000000002,11.38,0.88,2,9,0,0,1,1,0,1,0,1,1,0,0,0,1,0,0,0,0,NA
71572,Gabriel,37,2015,284,Grêmio,3,zag,0,0,0,4,4,0,0,0,0,0,0,0,0,0,0,0,0,0,0,0,0,0,0,0,0,NA
71818,Bruno Grassi,37,2015,284,Grêmio,1,gol,5,11,1.54,4.67,2.75,1.92,0,0,0,0,0,0,0,0,0,0,0,0,1,0,1,3,0,1,0,NA
72491,Bressan,37,2015,284,Grêmio,3,zag,13,4.7,1.91,5.79,5.32,0.47,0,1,0,0,0,0,0,0,0,0,0,0,0,0,1,0,0,0,0,NA
78012,Yuri Mamute,37,2015,284,Grêmio,5,ata,15,0,1.71,13.82,13.82,0,0,0,0,0,0,0,0,0,0,0,0,0,0,0,0,0,0,0,0,NA
78715,Ramiro,37,2015,284,Grêmio,4,mei,5,3.8,2.1,7.12,7.33,-0.21,2,4,1,0,0,1,0,0,0,5,6,0,1,0,0,0,0,0,0,NA
79437,Roger Machado,37,2015,284,Grêmio,6,tec,35,5.76,3.49,13.04,12.7,0.34,0,0,0,0,0,0,0,0,0,0,0,0,0,0,0,0,0,0,0,NA
80338,Tony,37,2015,284,Grêmio,2,lat,0,0,0,3,3,0,0,0,0,0,0,0,0,0,0,0,0,0,0,0,0,0,0,0,0,NA
80853,Pedro Geromel,37,2015,284,Grêmio,3,zag,31,10.7,3.27,11.02,9.26,1.76,2,2,1,0,0,1,0,0,0,2,2,0,1,0,1,0,0,0,0,NA
81223,Erazo,37,2015,284,Grêmio,3,zag,23,0,3.33,5.09,5.09,0,0,0,0,0,0,0,0,0,0,0,0,0,0,0,0,0,0,0,0,NA
82567,Moisés,37,2015,284,Grêmio,4,mei,8,0,0.66,2.32,2.32,0,0,0,0,0,0,0,0,0,0,0,0,0,0,0,0,0,0,0,0,NA
82639,Marcelo Hermes,37,2015,284,Grêmio,2,lat,7,0,2.06,3.31,3.31,0,0,0,0,0,0,0,0,0,0,0,0,0,0,0,0,0,0,0,0,NA
82653,Vitinho,37,2015,284,Grêmio,5,ata,6,1.7,0.27,3.2800000000000002,3.22,0.06,0,0,0,0,0,0,0,0,0,1,0,0,0,0,0,0,0,0,0,NA
82703,Matheus Biteco,37,2015,284,Grêmio,4,mei,0,0,0,5,5,0,0,0,0,0,0,0,0,0,0,0,0,0,0,0,0,0,0,0,0,NA
82775,Lucas Ramon,37,2015,284,Grêmio,2,lat,6,0,1.4,2.01,2.01,0,0,0,0,0,0,0,0,0,0,0,0,0,0,0,0,0,0,0,0,NA
83028,Braian Rodríguez,37,2015,284,Grêmio,5,ata,14,0,1.09,5.42,5.42,0,0,0,0,0,0,0,0,0,0,0,0,0,0,0,0,0,0,0,0,NA
83048,Rafael Thyere,37,2015,284,Grêmio,3,zag,4,0,1.43,1.54,1.54,0,0,0,0,0,0,0,0,0,0,0,0,0,0,0,0,0,0,0,0,NA
84530,Maxi Rodríguez,37,2015,284,Grêmio,4,mei,9,0,1.81,4.16,4.16,0,0,0,0,0,0,0,0,0,0,0,0,0,0,0,0,0,0,0,0,NA
86757,Everton,37,2015,284,Grêmio,5,ata,14,-0.3,4.56,3.7799999999999994,5.52,-1.74,0,2,0,0,0,1,1,0,0,1,0,0,0,0,0,0,0,0,0,NA
86759,Luan,37,2015,284,Grêmio,5,ata,33,0.5,5.78,25.66,26.98,-1.32,2,1,0,0,0,0,1,1,0,0,1,0,0,0,0,0,0,0,0,NA
87008,Léo,37,2015,284,Grêmio,1,gol,0,0,0,1,1,0,0,0,0,0,0,0,0,0,0,0,0,0,0,0,0,0,0,0,0,NA
87611,Tiago,37,2015,284,Grêmio,1,gol,12,0,2.31,3.93,3.93,0,0,0,0,0,0,0,0,0,0,0,0,0,0,0,0,0,0,0,0,NA
88479,Walace,37,2015,284,Grêmio,4,mei,34,-2,2.16,6.01,8.62,-2.61,2,6,0,0,0,0,0,0,0,8,3,0,0,0,0,0,0,0,0,NA
89227,Balbino,37,2015,284,Grêmio,4,mei,0,0,0,2,2,0,0,0,0,0,0,0,0,0,0,0,0,0,0,0,0,0,0,0,0,NA
89343,Júnior,37,2015,284,Grêmio,2,lat,2,0,-0.35,1.69,1.69,0,0,0,0,0,0,0,0,0,0,0,0,0,0,0,0,0,0,0,0,NA
89467,Erick Samuel,37,2015,284,Grêmio,5,ata,0,0,0,2,2,0,0,0,0,0,0,0,0,0,0,0,0,0,0,0,0,0,0,0,0,NA
90302,Pedro Rocha,37,2015,284,Grêmio,5,ata,34,-0.3,1.84,4.55,4.51,0.04,1,1,0,0,0,1,0,2,0,0,2,0,0,0,0,0,0,0,0,NA
90303,Lincoln,37,2015,284,Grêmio,4,mei,2,0,0.4,3.91,3.91,0,0,0,0,0,0,0,0,0,0,0,0,0,0,0,0,0,0,0,0,NA
90304,Tinga,37,2015,284,Grêmio,2,lat,0,0,0,2,2,0,0,0,0,0,0,0,0,0,0,0,0,0,0,0,0,0,0,0,0,NA
90331,Vitor,37,2015,284,Grêmio,1,gol,0,0,0,1,1,0,0,0,0,0,0,0,0,0,0,0,0,0,0,0,0,0,0,0,0,NA
90332,Gabriel Silva,37,2015,284,Grêmio,3,zag,0,0,0,1,1,0,0,0,0,0,0,0,0,0,0,0,0,0,0,0,0,0,0,0,0,NA
90334,Araújo,37,2015,284,Grêmio,4,mei,1,0,2.8,3.21,3.21,0,0,0,0,0,0,0,0,0,0,0,0,0,0,0,0,0,0,0,0,NA
90420,William Schuster,37,2015,284,Grêmio,4,mei,5,0,0.98,3.07,3.07,0,0,0,0,0,0,0,0,0,0,0,0,0,0,0,0,0,0,0,0,NA
90531,Raul,37,2015,284,Grêmio,2,lat,0,0,0,1,1,0,0,0,0,0,0,0,0,0,0,0,0,0,0,0,0,0,0,0,0,NA
90532,Arthur,37,2015,284,Grêmio,4,mei,0,0,0,2,2,0,0,0,0,0,0,0,0,0,0,0,0,0,0,0,0,0,0,0,0,NA
92504,Batista,37,2015,284,Grêmio,5,ata,0,0,0,2,2,0,0,0,0,0,0,0,0,0,0,0,0,0,0,0,0,0,0,0,0,NA
92574,Kaio,37,2015,284,Grêmio,4,mei,0,0,0,1,1,0,0,0,0,0,0,0,0,0,0,0,0,0,0,0,0,0,0,0,0,NA
92617,Léo Tilica,37,2015,284,Grêmio,5,ata,0,0,0,2,2,0,0,0,0,0,0,0,0,0,0,0,0,0,0,0,0,0,0,0,0,NA
92618,Wesley,37,2015,284,Grêmio,2,lat,0,0,0,2,2,0,0,0,0,0,0,0,0,0,0,0,0,0,0,0,0,0,0,0,0,NA
92662,Denilson,37,2015,284,Grêmio,3,zag,0,0,0,2,2,0,0,0,0,0,0,0,0,0,0,0,0,0,0,0,0,0,0,0,0,NA
93152,Tontini,37,2015,284,Grêmio,4,mei,0,0,0,1,1,0,0,0,0,0,0,0,0,0,0,0,0,0,0,0,0,0,0,0,0,NA
38021,Wendel,37,2015,292,Sport,4,mei,27,0,2.62,9.54,9.54,0,3,1,0,0,0,1,0,0,0,1,2,0,1,0,0,0,0,0,0,NA
38100,Durval,37,2015,292,Sport,3,zag,35,10.8,3.19,14.979999999999999,14.11,0.87,3,6,1,0,1,0,0,0,0,1,1,0,0,0,2,0,0,0,0,NA
38579,Rodrigo Mancha,37,2015,292,Sport,4,mei,16,0,0.88,3.41,3.41,0,0,0,0,0,0,0,0,0,0,0,0,0,0,0,0,0,0,0,0,NA
38632,Matheus Ferraz,37,2015,292,Sport,3,zag,35,4,3.86,12.99,14.34,-1.35,0,2,0,0,0,1,1,0,0,0,4,0,0,0,2,0,0,0,0,NA
41218,Magrão,37,2015,292,Sport,1,gol,2,0,-0.65,9.09,9.09,0,0,0,0,0,0,0,0,0,0,0,0,0,0,0,0,0,0,0,0,NA
44857,Naldinho,37,2015,292,Sport,4,mei,0,0,0,3,3,0,0,0,0,0,0,0,0,0,0,0,0,0,0,0,0,0,0,0,0,NA
62069,Maikon Leite,37,2015,292,Sport,5,ata,24,0,2.66,7.16,7.18,-0.02,0,1,0,0,0,0,0,0,0,0,0,0,0,0,0,0,0,0,0,NA
68690,André,37,2015,292,Sport,5,ata,28,-1.2,5.74,7.65,9.55,-1.9,4,5,0,0,0,0,1,2,0,3,0,0,2,0,0,0,0,0,0,NA
68834,Rithely,37,2015,292,Sport,4,mei,34,0,2.38,12.58,12.58,0,1,3,0,0,0,0,0,0,0,1,2,0,1,0,0,0,0,0,0,NA
68911,Diego Souza,37,2015,292,Sport,4,mei,33,6.3,3.77,27.04,26.09,0.95,1,10,0,0,0,2,1,1,0,1,0,0,1,0,0,0,0,0,0,NA
69051,Danilo Fernandes,37,2015,292,Sport,1,gol,35,8,5.7,13.84,13.29,0.55,1,2,0,0,0,0,0,0,0,0,0,0,0,0,2,1,0,0,0,NA
71593,Henrique Mattos,37,2015,292,Sport,3,zag,0,0,0,5,5,0,0,0,0,0,0,0,0,0,0,0,0,0,0,0,0,0,0,0,0,NA
72386,Hernane,37,2015,292,Sport,5,ata,14,0,2.99,12.62,12.62,0,0,0,0,0,0,0,0,0,0,0,0,0,0,0,0,0,0,0,0,NA
72389,Mike,37,2015,292,Sport,5,ata,7,0,0.43,5.71,5.71,0,0,0,0,0,0,0,0,0,0,0,0,0,0,0,0,0,0,0,0,NA
73384,Samuel Xavier,37,2015,292,Sport,2,lat,30,5.9,2.44,8.18,8.29,-0.11,5,2,0,0,0,1,0,0,0,1,3,0,0,0,2,0,0,0,0,NA
73580,Falcão,37,2015,292,Sport,6,tec,10,4.39,4.78,13.76,13.82,-0.06,0,0,0,0,0,0,0,0,0,0,0,0,0,0,0,0,0,0,0,NA
73806,Samuel,37,2015,292,Sport,5,ata,16,2,0.44,7.32,6.82,0.5,2,0,0,0,1,0,0,0,0,0,0,0,0,0,0,0,0,0,0,NA
73957,Ewerton Páscoa,37,2015,292,Sport,3,zag,7,5,2.54,6.35,6.56,-0.21,0,0,0,0,0,0,0,0,0,0,0,0,0,0,1,0,0,0,0,NA
74140,Élber,37,2015,292,Sport,4,mei,25,-2.3,2.98,14.5,15.32,-0.82,4,7,0,0,1,1,0,2,0,1,2,0,1,0,0,0,0,0,0,NA
78422,Oswaldo,37,2015,292,Sport,3,zag,2,0,2.2,3.13,3.13,0,0,0,0,0,0,0,0,0,0,0,0,0,0,0,0,0,0,0,0,NA
78445,Renê,37,2015,292,Sport,2,lat,33,4.2,4.09,7.389999999999999,8.87,-1.48,3,10,1,0,0,0,0,0,0,3,2,0,0,0,2,0,0,0,0,NA
80944,Marlone,37,2015,292,Sport,4,mei,30,0,3.5,8.24,8.24,0,2,2,1,1,0,1,0,1,0,0,2,0,1,0,0,0,0,0,0,NA
82128,Ferrugem,37,2015,292,Sport,2,lat,10,0,3.78,11.09,11.09,0,0,0,0,0,0,0,0,0,0,0,0,0,0,0,0,0,0,0,0,NA
82634,Matheus Galdezani,37,2015,292,Sport,4,mei,1,0,-0.5,0.82,0.82,0,0,0,0,0,0,0,0,0,0,0,0,0,0,0,0,0,0,0,0,NA
82647,Régis,37,2015,292,Sport,4,mei,25,0,1.13,7.3,7.3,0,0,0,0,0,0,0,0,0,0,0,0,0,0,0,0,0,0,0,0,NA
83511,Érico Júnior,37,2015,292,Sport,5,ata,0,0,0,3,3,0,0,0,0,0,0,0,0,0,0,0,0,0,0,0,0,0,0,0,0,NA
84382,Danilo,37,2015,292,Sport,4,mei,12,0.2,0.34,6,6.18,-0.18,1,1,0,0,0,0,0,0,0,0,0,0,0,0,0,0,0,0,0,NA
84861,Alex Silva,37,2015,292,Sport,2,lat,0,0,0,5,5,0,0,0,0,0,0,0,0,0,0,0,0,0,0,0,0,0,0,0,0,NA
85149,Ronaldo,37,2015,292,Sport,4,mei,5,3.6,0.3,4.1899999999999995,3.02,1.17,4,2,0,0,0,0,0,0,0,2,5,0,1,0,0,0,0,0,0,NA
87742,Neto,37,2015,292,Sport,4,mei,21,1.8,0.91,3.5,3.28,0.22,3,2,0,0,0,1,0,0,0,1,2,0,0,0,0,0,0,0,0,NA
88430,Luiz Carlos,37,2015,292,Sport,1,gol,0,0,0,3,3,0,0,0,0,0,0,0,0,0,0,0,0,0,0,0,0,0,0,0,0,NA
89466,Horácio,37,2015,292,Sport,4,mei,0,0,0,2,2,0,0,0,0,0,0,0,0,0,0,0,0,0,0,0,0,0,0,0,0,NA
89694,James Dean,37,2015,292,Sport,5,ata,0,0,0,1,1,0,0,0,0,0,0,0,0,0,0,0,0,0,0,0,0,0,0,0,0,NA
91001,Evandro,37,2015,292,Sport,2,lat,0,0,0,3,3,0,0,0,0,0,0,0,0,0,0,0,0,0,0,0,0,0,0,0,0,NA
91002,Ítalo,37,2015,292,Sport,5,ata,0,0,0,2,2,0,0,0,0,0,0,0,0,0,0,0,0,0,0,0,0,0,0,0,0,NA
91003,Alisson,37,2015,292,Sport,5,ata,0,0,0,1,1,0,0,0,0,0,0,0,0,0,0,0,0,0,0,0,0,0,0,0,0,NA
91004,Kelvenny,37,2015,292,Sport,5,ata,0,0,0,1,1,0,0,0,0,0,0,0,0,0,0,0,0,0,0,0,0,0,0,0,0,NA
91387,Sinho,37,2015,292,Sport,2,lat,0,0,0,2,2,0,0,0,0,0,0,0,0,0,0,0,0,0,0,0,0,0,0,0,0,NA
91664,Adryelson,37,2015,292,Sport,3,zag,0,0,0,1,1,0,0,0,0,0,0,0,0,0,0,0,0,0,0,0,0,0,0,0,0,NA
92078,Wallace,37,2015,292,Sport,5,ata,2,0,0,1.4,1.4,0,0,0,0,0,0,0,0,0,0,0,0,0,0,0,0,0,0,0,0,NA
93282,Fabio,37,2015,292,Sport,4,mei,0,0,0,1,1,0,0,0,0,0,0,0,0,0,0,0,0,0,0,0,0,0,0,0,0,NA
38043,Alessandro,37,2015,293,Atlético-PR,2,lat,1,0,8.4,4.87,4.87,0,1,0,0,0,0,0,0,0,0,2,1,0,0,0,1,0,0,0,0,NA
38525,Cléo,37,2015,293,Atlético-PR,5,ata,8,0,1.15,6.63,6.63,0,0,0,0,0,0,0,0,0,0,0,0,0,0,0,0,0,0,0,0,NA
50427,Kadu,37,2015,293,Atlético-PR,3,zag,31,0,2.32,11.09,11.09,0,0,0,0,0,0,0,0,0,0,0,0,0,0,0,0,0,0,0,0,NA
50645,Eduardo,37,2015,293,Atlético-PR,2,lat,34,1.4,2.92,8.9,9.58,-0.68,0,1,0,0,0,0,0,0,0,2,3,0,0,0,1,0,0,0,0,NA
53148,Ytalo,37,2015,293,Atlético-PR,5,ata,16,0,1.49,3.81,3.81,0,0,0,0,0,0,0,0,0,0,0,0,0,0,0,0,0,0,0,0,NA
60752,Cristóvão Borges,37,2015,293,Atlético-PR,6,tec,25,3.31,3.53,9.58,10.34,-0.76,0,0,0,0,0,0,0,0,0,0,0,0,0,0,0,0,0,0,0,NA
62128,Walter,37,2015,293,Atlético-PR,5,ata,32,1,2.53,15.969999999999999,16.06,-0.09,1,8,0,0,1,5,0,4,0,1,1,0,0,0,0,0,0,0,0,NA
63082,Rodolfo,37,2015,293,Atlético-PR,1,gol,1,-7,-7,-0.33999999999999997,0.83,-1.17,0,0,0,0,0,0,0,0,0,0,0,0,0,0,0,1,0,5,0,NA
68907,Wellington,37,2015,293,Atlético-PR,3,zag,7,0,3.6,2.06,2.06,0,0,0,0,0,0,0,0,0,0,0,0,0,0,0,0,0,0,0,0,NA
69012,Santos,37,2015,293,Atlético-PR,1,gol,1,0,-4,1.54,1.54,0,0,0,0,0,0,0,0,0,0,0,0,0,0,0,0,0,0,0,0,NA
69018,Deivid,37,2015,293,Atlético-PR,4,mei,13,1.7,2.61,10.62,10.35,0.27,5,1,0,0,0,0,0,0,0,1,1,0,1,0,0,0,0,0,0,NA
69070,Wagner,37,2015,293,Atlético-PR,3,zag,0,0,0,4,4,0,0,0,0,0,0,0,0,0,0,0,0,0,0,0,0,0,0,0,0,NA
69705,Nikão,37,2015,293,Atlético-PR,4,mei,31,0,3.15,12.51,12.51,0,4,2,2,0,0,0,0,0,0,1,2,0,0,0,0,0,0,0,0,NA
71116,Roberto,37,2015,293,Atlético-PR,2,lat,10,1,4.57,2.94,4.67,-1.73,2,6,0,0,0,2,1,0,0,1,5,0,0,0,1,0,0,0,0,NA
71631,Weverton,37,2015,293,Atlético-PR,1,gol,36,0,4.35,21.99,21.99,0,0,0,0,0,0,0,0,0,0,0,0,0,1,0,1,1,0,0,0,NA
73769,Guilherme Batata,37,2015,293,Atlético-PR,4,mei,0,0,0,3,3,0,0,0,0,0,0,0,0,0,0,0,0,0,0,0,0,0,0,0,0,NA
74078,Hernani,37,2015,293,Atlético-PR,4,mei,30,0.3,1.88,4.97,4.89,0.08,0,3,0,0,0,0,0,0,0,1,1,0,0,0,0,0,0,0,0,NA
77579,Dellatorre,37,2015,293,Atlético-PR,5,ata,9,0,-0.44,4.2,4.2,0,0,0,0,0,0,0,0,0,0,0,0,0,0,0,0,0,0,0,0,NA
77773,Vilches,37,2015,293,Atlético-PR,3,zag,21,2.4,2.4,7.18,7.56,-0.38,0,2,0,0,1,0,0,0,0,1,0,0,0,0,1,0,0,0,0,NA
79334,Ricardo Silva,37,2015,293,Atlético-PR,3,zag,4,0,2.25,3.26,3.26,0,0,0,0,0,0,0,0,0,0,0,0,0,0,0,0,0,0,0,0,NA
79432,Giovanni,37,2015,293,Atlético-PR,4,mei,8,0,1.08,2.76,2.76,0,0,0,0,0,0,0,0,0,0,0,0,0,0,0,0,0,0,0,0,NA
79646,Bruno Pereirinha,37,2015,293,Atlético-PR,2,lat,7,4.5,3.7,5.369999999999999,5.27,0.1,2,2,0,0,0,1,0,0,0,2,0,0,0,0,0,0,0,0,0,NA
80129,Jadson,37,2015,293,Atlético-PR,4,mei,10,0,-0.12,2.46,2.46,0,0,0,0,0,0,0,0,0,0,0,0,0,0,0,0,0,0,0,0,NA
80192,Hugo Gumiero,37,2015,293,Atlético-PR,1,gol,0,0,0,2,2,0,0,0,0,0,0,0,0,0,0,0,0,0,0,0,0,0,0,0,0,NA
80281,Cleberson,37,2015,293,Atlético-PR,3,zag,4,11.5,8.22,8.03,9.08,-1.05,0,7,0,0,0,1,3,0,0,2,1,0,0,0,1,0,0,0,0,NA
82397,Núbio Flávio,37,2015,293,Atlético-PR,5,ata,0,0,0,3,3,0,0,0,0,0,0,0,0,0,0,0,0,0,0,0,0,0,0,0,0,NA
82463,Otávio,37,2015,293,Atlético-PR,4,mei,32,5,4.63,11.649999999999999,12.04,-0.39,3,3,0,0,0,2,0,0,0,7,3,0,0,0,0,0,0,0,0,NA
82469,Douglas Coutinho,37,2015,293,Atlético-PR,5,ata,13,0,1.94,6.77,6.77,0,0,0,0,0,0,0,0,0,0,0,0,0,0,0,0,0,0,0,0,NA
82943,Matheus Ribeiro,37,2015,293,Atlético-PR,2,lat,5,0,2.92,1.37,1.37,0,0,0,0,0,0,0,0,0,0,0,0,0,0,0,0,0,0,0,0,NA
83266,Marcos Guilherme,37,2015,293,Atlético-PR,4,mei,26,0,3.13,13.2,13.2,0,0,2,0,0,1,0,0,0,0,0,0,0,0,0,0,0,0,0,0,NA
85984,Barrientos,37,2015,293,Atlético-PR,4,mei,8,0.8,1.19,5.1000000000000005,4.45,0.65,1,3,0,0,0,0,0,0,0,1,1,0,0,0,0,0,0,0,0,NA
86764,Sidcley,37,2015,293,Atlético-PR,2,lat,24,8.8,4,9.49,8.63,0.86,3,6,1,0,0,1,0,0,0,2,1,0,0,0,1,0,0,0,0,NA
86765,Bruno Mota,37,2015,293,Atlético-PR,4,mei,13,1,1.99,4.5200000000000005,4.44,0.08,0,0,0,0,1,0,0,0,0,0,0,0,0,0,0,0,0,0,0,NA
86771,Luiz Paulo,37,2015,293,Atlético-PR,2,lat,0,0,0,2,2,0,0,0,0,0,0,0,0,0,0,0,0,0,0,0,0,0,0,0,0,NA
86842,Ewandro,37,2015,293,Atlético-PR,5,ata,14,0,3.7,3.65,3.65,0,0,0,0,0,0,0,0,0,0,0,0,0,0,0,0,0,0,0,0,NA
88850,Marco Damasceno,37,2015,293,Atlético-PR,5,ata,2,0,0.3,3.74,3.74,0,2,2,0,0,0,0,0,0,0,0,1,0,0,0,0,0,0,0,0,NA
90406,Crysan,37,2015,293,Atlético-PR,5,ata,14,4,1.19,3.55,3.28,0.27,1,1,0,0,0,1,0,1,0,3,3,0,0,0,0,0,0,0,0,NA
91842,Breno,37,2015,293,Atlético-PR,2,lat,0,0,0,1,1,0,0,0,0,0,0,0,0,0,0,0,0,0,0,0,0,0,0,0,0,NA
91866,José Ivaldo,37,2015,293,Atlético-PR,3,zag,0,0,0,1,1,0,0,0,0,0,0,0,0,0,0,0,0,0,0,0,0,0,0,0,0,NA
92150,Daniel Hernández,37,2015,293,Atlético-PR,4,mei,19,0,0.72,4.53,4.53,0,0,2,1,0,1,0,0,0,0,1,1,0,0,0,0,0,0,0,0,NA
92811,Bruno Rodrigues,37,2015,293,Atlético-PR,5,ata,0,0,0,2,2,0,0,0,0,0,0,0,0,0,0,0,0,0,0,0,0,0,0,0,0,NA
37695,Diego,37,2015,314,Avaí,1,gol,5,0,0.4,2.34,2.34,0,0,0,0,0,0,0,0,0,0,0,0,0,0,0,0,0,0,0,0,NA
38150,Marquinhos,37,2015,314,Avaí,4,mei,14,0,1.08,12.04,12.04,0,0,0,0,0,0,0,0,0,0,0,0,0,0,0,0,0,0,0,0,NA
38178,Roberto,37,2015,314,Avaí,5,ata,19,-1.2,0.99,4.44,4.5,-0.06,1,8,0,0,0,0,0,0,0,0,1,0,0,0,0,0,0,0,0,NA
38247,William,37,2015,314,Avaí,5,ata,7,0,1.86,6.76,6.76,0,0,0,0,0,0,0,0,0,0,0,0,0,0,0,0,0,0,0,0,NA
38745,Jéci,37,2015,314,Avaí,3,zag,19,0,-0.3,1.51,1.51,0,0,0,0,0,0,0,0,0,0,0,0,0,0,0,0,0,0,0,0,NA
42474,Eltinho,37,2015,314,Avaí,2,lat,8,0,-0.12,1.2,1.2,0,0,0,0,0,0,0,0,0,0,0,0,0,0,0,0,0,0,0,0,NA
49641,Adriano,37,2015,314,Avaí,4,mei,16,0,2.04,5.56,5.56,0,0,0,0,0,0,0,0,0,0,0,0,0,0,0,0,0,0,0,0,NA
51299,Emerson,37,2015,314,Avaí,3,zag,26,-1.3,2.28,1.9200000000000002,3.49,-1.57,1,4,0,0,0,0,0,0,0,2,2,0,0,0,1,0,0,0,0,NA
53865,Léo Gamalho,37,2015,314,Avaí,5,ata,14,0,4.22,15.41,15.41,0,3,1,0,0,0,1,0,0,0,0,2,0,0,0,0,0,0,0,0,NA
60794,Pablo,37,2015,314,Avaí,2,lat,27,1.2,1.73,6.98,6.9,0.08,1,0,0,0,0,1,0,0,0,0,0,0,0,0,0,0,0,0,0,NA
60797,Eduardo Neto,37,2015,314,Avaí,4,mei,28,0,0.89,3.41,3.41,0,0,2,0,0,0,1,0,0,0,0,0,0,0,0,0,0,0,0,0,NA
60822,Renan Oliveira,37,2015,314,Avaí,4,mei,23,1.7,2.06,7.24,8.76,-1.52,1,10,1,0,3,0,0,0,0,5,3,0,0,0,0,0,0,0,0,NA
62107,Rudnei,37,2015,314,Avaí,4,mei,6,0.6,1.65,2.8000000000000003,2.68,0.12,0,2,0,0,0,0,0,0,0,1,1,0,0,0,0,0,0,0,0,NA
62976,Everton Silva,37,2015,314,Avaí,2,lat,16,-3.4,1.77,0.32000000000000006,2.04,-1.72,4,8,0,0,1,1,0,0,0,2,5,0,2,0,1,0,0,0,0,NA
63020,Tinga,37,2015,314,Avaí,4,mei,19,0,1.87,6.44,6.44,0,6,1,0,0,0,1,0,0,0,0,1,0,0,0,0,0,0,0,0,NA
68808,Nino Paraíba,37,2015,314,Avaí,2,lat,35,10.1,2.39,8.57,7.46,1.11,4,5,1,0,0,1,0,0,0,3,4,0,0,0,1,0,0,0,0,NA
68893,André Lima,37,2015,314,Avaí,5,ata,25,0,4.03,10.63,10.63,0,0,0,0,0,0,0,0,0,0,0,0,0,0,0,0,0,0,0,0,NA
73445,Denner,37,2015,314,Avaí,4,mei,4,0,0.65,2.83,2.83,0,0,0,0,0,0,0,0,0,0,0,0,0,0,0,0,0,0,0,0,NA
73855,Jubal,37,2015,314,Avaí,3,zag,6,0,1.27,3.1,3.1,0,0,0,0,0,0,0,0,0,0,0,0,0,0,0,0,0,0,0,0,NA
73863,Claudinei,37,2015,314,Avaí,4,mei,7,15.9,3.03,8.6,6.31,2.29,3,3,0,0,0,0,1,0,0,7,2,0,0,0,0,0,0,0,0,NA
78151,Vagner,37,2015,314,Avaí,1,gol,33,-0.5,1.1,2.46,3.79,-1.33,1,2,0,0,0,0,0,0,0,0,0,0,1,0,1,2,0,1,0,NA
79400,Néstor Camacho,37,2015,314,Avaí,4,mei,12,0,2.1,4.13,4.13,0,0,0,0,0,0,0,0,0,0,0,0,0,0,0,0,0,0,0,0,NA
79702,Antônio Carlos,37,2015,314,Avaí,3,zag,29,2.6,2.54,1.65,3.73,-2.08,1,2,0,0,0,0,1,0,0,4,3,0,0,0,1,0,0,0,0,NA
80323,Marrone,37,2015,314,Avaí,2,lat,2,0,-0.1,3.09,3.09,0,0,0,0,0,0,0,0,0,0,0,0,0,0,0,0,0,0,0,0,NA
80975,Romário,37,2015,314,Avaí,2,lat,32,2.2,1.47,3.5,3.71,-0.21,3,11,0,0,0,0,0,0,0,3,5,0,0,0,1,0,0,0,0,NA
81094,Vítor,37,2015,314,Avaí,1,gol,0,0,0,1,1,0,0,0,0,0,0,0,0,0,0,0,0,0,0,0,0,0,0,0,0,NA
81772,Tauã,37,2015,314,Avaí,5,ata,5,0,0.26,2.42,2.42,0,0,0,0,0,0,0,0,0,0,0,0,0,0,0,0,0,0,0,0,NA
82791,Toshi,37,2015,314,Avaí,4,mei,0,0,0,1,1,0,0,0,0,0,0,0,0,0,0,0,0,0,0,0,0,0,0,0,0,NA
83335,Anderson Lopes,37,2015,314,Avaí,5,ata,26,1.7,2.33,6.21,5.88,0.33,2,4,0,0,2,0,0,1,0,0,0,0,0,0,0,0,0,0,0,NA
86391,Sander,37,2015,314,Avaí,2,lat,0,0,0,4,4,0,0,0,0,0,0,0,0,0,0,0,0,0,0,0,0,0,0,0,0,NA
87266,Duda,37,2015,314,Avaí,1,gol,0,0,0,1,1,0,0,0,0,0,0,0,0,0,0,0,0,0,0,0,0,0,0,0,0,NA
87268,Philipe Maia,37,2015,314,Avaí,3,zag,0,0,0,1,1,0,0,0,0,0,0,0,0,0,0,0,0,0,0,0,0,0,0,0,0,NA
87613,Raul Cabral,37,2015,314,Avaí,6,tec,4,3.31,3.17,8.03,8.04,-0.01,0,0,0,0,0,0,0,0,0,0,0,0,0,0,0,0,0,0,0,NA
88165,Wilker,37,2015,314,Avaí,5,ata,0,0,0,3,3,0,0,0,0,0,0,0,0,0,0,0,0,0,0,0,0,0,0,0,0,NA
88309,Renato,37,2015,314,Avaí,4,mei,0,0,0,2,2,0,0,0,0,0,0,0,0,0,0,0,0,0,0,0,0,0,0,0,0,NA
89695,Iury,37,2015,314,Avaí,5,ata,1,0,0.5,0.93,0.93,0,0,0,0,0,0,0,0,0,0,0,0,0,0,0,0,0,0,0,0,NA
89696,Rômulo,37,2015,314,Avaí,5,ata,28,1.1,2.54,3.2600000000000002,3.85,-0.59,1,1,0,0,0,2,0,0,0,0,1,0,0,0,0,0,0,0,0,NA
91234,Renan,37,2015,314,Avaí,4,mei,21,5.7,2.24,8.6,7.32,1.28,1,2,0,0,0,0,0,0,0,4,2,0,0,0,0,0,0,0,0,NA
91761,Juninho,37,2015,314,Avaí,4,mei,4,0,0.15,1.5,1.5,0,0,0,0,0,0,0,0,0,0,0,0,0,0,0,0,0,0,0,0,NA
91888,Kevin,37,2015,314,Avaí,2,lat,0,0,0,1,1,0,0,0,0,0,0,0,0,0,0,0,0,0,0,0,0,0,0,0,0,NA
92501,Lucas Lovat,37,2015,314,Avaí,2,lat,1,0,3.4,3.29,3.29,0,0,0,0,0,0,0,0,0,0,0,0,0,0,0,0,0,0,0,0,NA
93283,Rafinha,37,2015,314,Avaí,4,mei,0,0,0,1,1,0,0,0,0,0,0,0,0,0,0,0,0,0,0,0,0,0,0,0,0,NA
37245,Guto Ferreira,37,2015,315,Chapecoense,6,tec,28,1.76,3.61,12.520000000000001,12.38,0.14,0,0,0,0,0,0,0,0,0,0,0,0,0,0,0,0,0,0,0,NA
38032,Cleber Santana,37,2015,315,Chapecoense,4,mei,26,0,2.24,7.32,7.32,0,1,4,1,0,2,1,0,0,0,1,1,0,1,0,0,0,0,0,0,NA
38069,Richarlyson,37,2015,315,Chapecoense,4,mei,0,0,0,10,10,0,0,0,0,0,0,0,0,0,0,0,0,0,0,0,0,0,0,0,0,NA
40130,Silvio,37,2015,315,Chapecoense,1,gol,1,0,-4,0.82,0.82,0,0,0,0,0,0,0,0,0,0,0,0,0,0,0,0,0,0,0,0,NA
50313,Elicarlos,37,2015,315,Chapecoense,4,mei,30,4.3,1.79,11.969999999999999,11.6,0.37,0,1,0,0,0,0,0,0,0,3,1,0,0,0,0,0,0,0,0,NA
50361,Rafael Lima,37,2015,315,Chapecoense,3,zag,24,1.9,2.86,9.479999999999999,9.87,-0.39,1,1,0,0,0,0,0,0,0,1,0,0,0,0,0,0,0,0,0,NA
50393,Thiego,37,2015,315,Chapecoense,3,zag,13,1,3.87,4.12,4.48,-0.36,1,5,0,0,0,0,0,0,0,3,0,0,0,0,0,0,0,0,0,NA
50439,Vilson,37,2015,315,Chapecoense,3,zag,18,0,1.05,2.23,2.23,0,0,3,0,0,0,0,0,0,0,0,3,0,1,0,0,0,0,0,0,NA
51042,Apodi,37,2015,315,Chapecoense,2,lat,34,0,4.08,11.29,11.29,0,2,5,0,0,1,1,0,0,0,0,3,0,1,0,0,0,0,0,0,NA
51168,André Paulino,37,2015,315,Chapecoense,3,zag,0,0,0,4,4,0,0,0,0,0,0,0,0,0,0,0,0,0,0,0,0,0,0,0,0,NA
51293,Wanderson,37,2015,315,Chapecoense,4,mei,6,0,-0.22,3.59,3.61,-0.02,0,0,0,0,0,0,0,0,0,0,0,0,0,0,0,0,0,0,0,NA
51683,Bruno Rangel,37,2015,315,Chapecoense,5,ata,19,-0.3,4.47,5.8,7.18,-1.38,2,1,0,0,1,0,0,0,0,0,4,0,0,0,0,0,0,0,0,NA
51820,Flavinho,37,2015,315,Chapecoense,5,ata,1,0,-1.8,1.22,1.22,0,0,0,0,0,0,0,0,0,0,0,0,0,0,0,0,0,0,0,0,NA
52897,Nivaldo,37,2015,315,Chapecoense,1,gol,5,-1.6,4.06,3.33,2.63,0.7,0,2,0,0,0,0,0,0,0,1,0,0,0,0,0,1,0,6,0,NA
54250,Maylson,37,2015,315,Chapecoense,4,mei,3,1.4,0.93,3.92,4.04,-0.12,0,1,0,0,0,0,0,0,0,1,0,0,0,0,0,0,0,0,0,NA
54797,Túlio De Melo,37,2015,315,Chapecoense,5,ata,13,0,3.34,7.76,7.76,0,1,0,0,0,0,0,1,0,0,0,0,0,0,0,0,0,0,0,0,NA
61135,Ananias,37,2015,315,Chapecoense,5,ata,30,2.2,2.66,12.31,11.92,0.39,0,1,0,0,2,2,0,0,0,0,3,0,0,0,0,0,0,0,0,NA
62009,Camilo,37,2015,315,Chapecoense,4,mei,31,2.6,2.51,12.07,12.32,-0.25,4,3,0,0,1,1,0,0,0,3,3,0,0,0,0,0,0,0,0,NA
62119,Tiago Luis,37,2015,315,Chapecoense,5,ata,27,0,0.72,5.47,5.47,0,0,0,0,0,0,0,0,0,0,0,0,0,0,0,0,0,0,0,0,NA
63014,Gil,37,2015,315,Chapecoense,4,mei,23,0,3.11,9.57,10,-0.43,9,7,0,0,0,0,0,0,0,1,4,0,0,0,0,0,0,0,0,NA
68698,Bruno Silva,37,2015,315,Chapecoense,4,mei,31,0,1.22,8.81,8.81,0,0,0,0,0,0,0,0,0,0,0,0,0,0,0,0,0,0,0,0,NA
69008,Neto,37,2015,315,Chapecoense,3,zag,23,0,3.25,6.54,6.54,0,0,0,0,0,0,0,0,0,0,0,0,0,0,0,0,0,0,0,0,NA
69782,Dener Assunção,37,2015,315,Chapecoense,2,lat,35,0,3.4,10.21,10.21,0,0,6,0,0,0,0,0,0,0,1,1,0,1,0,0,0,0,0,0,NA
71601,João Paulo,37,2015,315,Chapecoense,1,gol,0,0,0,1,1,0,0,0,0,0,0,0,0,0,0,0,0,0,0,0,0,0,0,0,0,NA
71885,Tiago Costa,37,2015,315,Chapecoense,2,lat,2,1.4,0.7,2.57,2.52,0.05,0,1,0,0,0,0,0,0,0,1,0,0,0,0,0,0,0,0,0,NA
72099,Wiliam Barbio,37,2015,315,Chapecoense,5,ata,12,0.7,0.75,5.36,5.23,0.13,1,1,0,0,0,1,0,0,0,0,1,0,0,0,0,0,0,0,0,NA
73513,Maranhão,37,2015,315,Chapecoense,4,mei,24,0,0.8,2.12,2.12,0,1,3,0,0,0,1,0,0,0,0,1,0,1,0,0,0,0,0,0,NA
78458,João Afonso,37,2015,315,Chapecoense,4,mei,3,0,2.77,4.08,4.08,0,0,0,0,0,0,0,0,0,0,0,0,0,0,0,0,0,0,0,0,NA
79892,Nenén,37,2015,315,Chapecoense,4,mei,11,0,0.03,2.52,2.52,0,1,1,0,0,0,0,0,0,0,0,1,0,0,0,0,0,0,0,0,NA
82566,Lucas Machado,37,2015,315,Chapecoense,4,mei,0,0,0,2,2,0,0,0,0,0,0,0,0,0,0,0,0,0,0,0,0,0,0,0,0,NA
82768,Danilo,37,2015,315,Chapecoense,1,gol,33,0,3.19,13.05,13.05,0,0,0,0,0,0,0,0,0,0,0,0,0,0,0,0,0,0,0,0,NA
83760,Caramelo,37,2015,315,Chapecoense,2,lat,4,2.1,3.2,2.7199999999999998,3.15,-0.43,0,1,0,0,0,1,0,0,0,1,0,0,0,0,0,0,0,0,0,NA
85931,Hyoran,37,2015,315,Chapecoense,4,mei,17,3.7,0.95,4.5600000000000005,4.08,0.48,0,0,0,0,2,0,0,0,0,1,0,0,0,0,0,0,0,0,0,NA
87197,Matheus,37,2015,315,Chapecoense,5,ata,0,0,0,2,2,0,0,0,0,0,0,0,0,0,0,0,0,0,0,0,0,0,0,0,0,NA
87201,Igor,37,2015,315,Chapecoense,3,zag,0,0,0,2,2,0,0,0,0,0,0,0,0,0,0,0,0,0,0,0,0,0,0,0,0,NA
89191,Felipe Zang,37,2015,315,Chapecoense,3,zag,0,0,0,2,2,0,0,0,0,0,0,0,0,0,0,0,0,0,0,0,0,0,0,0,0,NA
90290,Jajá,37,2015,315,Chapecoense,4,mei,0,0,0,1,1,0,0,0,0,0,0,0,0,0,0,0,0,0,0,0,0,0,0,0,0,NA
90291,Pedro,37,2015,315,Chapecoense,2,lat,0,0,0,1,1,0,0,0,0,0,0,0,0,0,0,0,0,0,0,0,0,0,0,0,0,NA
90777,Michel,37,2015,315,Chapecoense,2,lat,0,0,0,2,2,0,0,0,0,0,0,0,0,0,0,0,0,0,0,0,0,0,0,0,0,NA
90872,Wagner,37,2015,315,Chapecoense,4,mei,19,0,1.55,3.58,3.58,0,0,0,0,0,0,0,0,0,0,0,0,0,0,0,0,0,0,0,0,NA
90939,Wesley,37,2015,315,Chapecoense,2,lat,0,0,0,1,1,0,0,0,0,0,0,0,0,0,0,0,0,0,0,0,0,0,0,0,0,NA
91099,Willian,37,2015,315,Chapecoense,1,gol,0,0,0,1,1,0,0,0,0,0,0,0,0,0,0,0,0,0,0,0,0,0,0,0,0,NA
36443,Dida,37,2015,285,Internacional,1,gol,0,0,0,5,5,0,0,0,0,0,0,0,0,0,0,0,0,0,0,0,0,0,0,0,0,NA
36540,Juan,37,2015,285,Internacional,3,zag,10,0,1.48,8.52,8.52,0,0,0,0,0,0,0,0,0,0,0,0,0,0,0,0,0,0,0,0,NA
37655,Rafael Moura,37,2015,285,Internacional,5,ata,20,0,1.25,7.95,7.95,0,0,0,0,0,0,0,0,0,0,0,0,0,0,0,0,0,0,0,0,NA
38219,Alex,37,2015,285,Internacional,4,mei,23,-1.1,2.53,10.21,11,-0.79,2,2,0,0,0,0,0,0,0,0,3,0,0,0,0,0,0,0,0,NA
38573,Nilton,37,2015,285,Internacional,4,mei,24,0,1.01,7.69,7.69,0,0,0,0,0,0,0,0,0,0,0,0,0,0,0,0,0,0,0,0,NA
38852,Anderson,37,2015,285,Internacional,4,mei,29,4.2,1.64,9.709999999999999,9.59,0.12,2,8,1,0,0,0,0,0,0,3,2,0,0,0,0,0,0,0,0,NA
49651,Ernando,37,2015,285,Internacional,3,zag,29,4.1,3.86,10.9,10.39,0.51,1,4,0,0,0,0,0,0,0,1,2,0,0,0,1,0,0,0,0,NA
52253,Réver,37,2015,285,Internacional,3,zag,17,0,3.58,9.74,9.74,0,0,0,0,0,0,0,0,0,0,0,0,0,0,0,0,0,0,0,0,NA
62023,D'Alessandro,37,2015,285,Internacional,4,mei,15,0,1.14,18.68,18.68,0,5,1,0,0,1,1,0,0,0,1,0,0,1,0,0,0,0,0,0,NA
62129,Wellington,37,2015,285,Internacional,4,mei,15,0,0.29,4.71,4.71,0,0,0,0,0,0,0,0,0,0,0,0,0,0,0,0,0,0,0,0,NA
63110,Alan Ruschel,37,2015,285,Internacional,2,lat,6,0,2.47,4.52,4.52,0,0,0,0,0,0,0,0,0,0,0,0,0,0,0,0,0,0,0,0,NA
63172,Paulão,37,2015,285,Internacional,3,zag,24,7,3.06,8.14,6.68,1.46,0,10,0,0,1,1,0,1,0,2,2,0,0,0,1,0,0,0,0,NA
63354,Rodrigo Moledo,37,2015,285,Internacional,3,zag,0,0,0,8,8,0,0,0,0,0,0,0,0,0,0,0,0,0,0,0,0,0,0,0,0,NA
69041,Muriel,37,2015,285,Internacional,1,gol,13,0,2.37,5.45,5.45,0,0,0,0,0,0,0,0,0,0,0,0,0,0,0,0,1,0,1,0,NA
69177,Léo,37,2015,285,Internacional,2,lat,8,0,2.56,7.06,7.06,0,0,0,0,0,0,0,0,0,0,0,0,0,0,0,0,0,0,0,0,NA
70360,Eduardo Sasha,37,2015,285,Internacional,5,ata,14,0,3.41,12.4,12.4,0,0,0,0,0,0,0,0,0,0,0,0,0,0,0,0,0,0,0,0,NA
71495,Lisandro López,37,2015,285,Internacional,5,ata,23,7.6,2.52,12.37,11.6,0.77,2,2,1,1,0,1,0,1,0,1,0,0,0,0,0,0,0,0,0,NA
73317,Argel Fucks,37,2015,285,Internacional,6,tec,37,5.93,3.27,10.18,9.5,0.68,0,0,0,0,0,0,0,0,0,0,0,0,0,0,0,0,0,0,0,NA
73750,Nicolás Freitas,37,2015,285,Internacional,4,mei,16,2.8,1.35,6.31,5.14,1.17,1,3,0,0,0,0,0,0,0,2,5,0,1,0,0,0,0,0,0,NA
77567,Zé Mário,37,2015,285,Internacional,4,mei,3,0,0.23,2.1,2.1,0,0,0,0,0,0,0,0,0,0,0,0,0,0,0,0,0,0,0,0,NA
78435,Vitinho,37,2015,285,Internacional,5,ata,32,12.9,3.77,17.38,16.47,0.91,2,7,0,0,1,2,3,0,0,1,4,0,2,0,0,0,0,0,0,NA
78530,Matheus Bertotto,37,2015,285,Internacional,4,mei,5,1.7,-0.08,4.2,3.79,0.41,0,1,0,0,0,0,0,0,0,1,1,0,0,0,0,0,0,0,0,NA
78865,Rodrigo Dourado,37,2015,285,Internacional,4,mei,29,-0.2,3.84,6.3,7.13,-0.83,3,4,0,0,0,2,0,1,0,3,4,0,0,0,0,0,0,0,0,NA
80280,Taiberson,37,2015,285,Internacional,5,ata,12,0,0.99,4.77,4.77,0,0,2,0,0,0,1,0,0,0,0,3,0,0,0,0,0,0,0,0,NA
81091,Jair,37,2015,285,Internacional,4,mei,0,0,0,4,4,0,0,0,0,0,0,0,0,0,0,0,0,0,0,0,0,0,0,0,0,NA
82613,Alan Costa,37,2015,285,Internacional,3,zag,9,0,3.4,7.01,7.01,0,0,0,0,0,0,0,0,0,0,0,0,0,0,0,0,0,0,0,0,NA
82896,Alisson Becker,37,2015,285,Internacional,1,gol,25,8,4.07,8.9,8.46,0.44,0,0,0,0,0,0,0,0,0,0,0,0,0,0,1,1,0,0,0,NA
85423,Valdivia,37,2015,285,Internacional,4,mei,26,0,3.72,10.35,10.35,0,0,0,0,0,0,0,0,0,0,0,0,0,0,0,0,0,0,0,0,NA
85465,Alex Santana,37,2015,285,Internacional,4,mei,1,0,0.1,1.71,1.71,0,0,0,0,0,0,0,0,0,0,0,0,0,0,0,0,0,0,0,0,NA
85591,Artur,37,2015,285,Internacional,2,lat,12,14.8,2.76,8.33,5.35,2.98,2,5,1,0,0,1,0,1,0,4,3,0,1,0,1,0,0,0,0,NA
86509,Ebert,37,2015,285,Internacional,2,lat,0,0,0,1,1,0,0,0,0,0,0,0,0,0,0,0,0,0,0,0,0,0,0,0,0,NA
86512,Bruno Gomes,37,2015,285,Internacional,5,ata,0,0,0,1,1,0,0,0,0,0,0,0,0,0,0,0,0,0,0,0,0,0,0,0,0,NA
86970,Eduardo,37,2015,285,Internacional,3,zag,4,0,5.08,5.13,5.13,0,0,0,0,0,0,0,0,0,0,0,0,0,0,0,0,0,0,0,0,NA
89275,William,37,2015,285,Internacional,2,lat,28,5.2,4.3,8.3,8.13,0.17,3,9,0,0,0,1,0,0,0,3,0,0,0,0,1,0,0,0,0,NA
89815,Gustavo Ferrareis,37,2015,285,Internacional,5,ata,0,0,0,2,2,0,0,0,0,0,0,0,0,0,0,0,0,0,0,0,0,0,0,0,0,NA
89930,Andrigo,37,2015,285,Internacional,4,mei,1,-1.8,-1.8,1.2999999999999998,2.15,-0.85,2,1,0,0,0,0,0,0,0,0,1,0,1,0,0,0,0,0,0,NA
89976,Geferson,37,2015,285,Internacional,2,lat,12,0,2.13,2.75,2.75,0,0,0,0,0,0,0,0,0,0,0,0,0,0,0,0,0,0,0,0,NA
90481,Alisson Farias,37,2015,285,Internacional,4,mei,10,0,0.4,2.43,2.43,0,0,0,0,0,0,0,0,0,0,0,0,0,0,0,0,0,0,0,0,NA
91710,Jacsson,37,2015,285,Internacional,1,gol,0,0,0,1,1,0,0,0,0,0,0,0,0,0,0,0,0,0,0,0,0,0,0,0,0,NA
91916,Silas,37,2015,285,Internacional,4,mei,0,0,0,1,1,0,0,0,0,0,0,0,0,0,0,0,0,0,0,0,0,0,0,0,0,NA
91917,Silva,37,2015,285,Internacional,4,mei,6,0,-0.77,0.83,0.83,0,0,0,0,0,0,0,0,0,0,0,0,0,0,0,0,0,0,0,0,NA
91946,Eriks,37,2015,285,Internacional,3,zag,0,0,0,2,2,0,0,0,0,0,0,0,0,0,0,0,0,0,0,0,0,0,0,0,0,NA
91973,Lucas Marques,37,2015,285,Internacional,4,mei,1,0,0.1,1.66,1.66,0,0,0,0,0,0,0,0,0,0,0,0,0,0,0,0,0,0,0,0,NA
92584,Milla,37,2015,285,Internacional,4,mei,0,0,0,1,1,0,0,0,0,0,0,0,0,0,0,0,0,0,0,0,0,0,0,0,0,NA
92661,Oliveira,37,2015,285,Internacional,2,lat,0,0,0,1,1,0,0,0,0,0,0,0,0,0,0,0,0,0,0,0,0,0,0,0,0,NA
92764,Bruno Baio,37,2015,285,Internacional,5,ata,1,0,2.7,1.44,1.44,0,0,0,0,0,2,1,0,0,0,0,0,0,0,0,0,0,0,0,0,NA
36591,Leonardo,37,2015,277,Santos,3,zag,3,0,2.17,2.59,2.86,-0.27,0,3,0,0,0,0,0,0,0,2,2,0,0,0,0,0,0,0,0,NA
38908,Renato,37,2015,277,Santos,4,mei,25,0,1.89,9.59,9.59,0,0,0,0,0,0,0,0,0,0,0,0,0,0,0,0,0,0,0,0,NA
38910,Ricardo Oliveira,37,2015,277,Santos,5,ata,31,0,5.05,17.71,17.71,0,0,0,0,0,0,0,0,0,0,0,0,0,0,0,0,0,0,0,0,NA
40990,Dorival Júnior,37,2015,277,Santos,6,tec,26,4.93,4.27,15.23,14.51,0.72,0,0,0,0,0,0,0,0,0,0,0,0,0,0,0,0,0,0,0,NA
50317,David Braz,37,2015,277,Santos,3,zag,29,0,3.55,11.65,11.65,0,0,0,0,0,0,0,0,0,0,0,0,0,0,0,0,0,0,0,0,NA
50417,Valencia,37,2015,277,Santos,4,mei,2,0,1.65,6.5,6.5,0,0,0,0,0,0,0,0,0,0,0,0,0,0,0,0,0,0,0,0,NA
62121,Vanderlei,37,2015,277,Santos,1,gol,28,0,3.79,11.56,11.56,0,0,0,0,0,0,0,0,0,0,0,1,0,1,0,0,2,0,1,0,NA
62974,Werley,37,2015,277,Santos,3,zag,22,-0.3,2.53,8.440000000000001,8.48,-0.04,0,3,0,0,0,0,0,0,0,0,0,0,0,0,0,0,0,0,0,NA
68711,Chiquinho,37,2015,277,Santos,2,lat,10,0,1.34,6.14,6.14,0,0,6,0,0,0,0,0,0,0,0,1,0,0,0,0,0,0,0,0,NA
68807,Neto Berola,37,2015,277,Santos,5,ata,19,0,0.84,3,3,0,0,0,0,0,0,0,0,0,0,0,0,0,0,0,0,0,0,0,0,NA
68954,Marquinhos Gabriel,37,2015,277,Santos,4,mei,26,0,3.03,8.33,8.33,0,0,0,0,0,0,0,0,0,0,0,0,0,0,0,0,0,0,0,0,NA
69040,Vladimir,37,2015,277,Santos,1,gol,10,-2,0.9,4.03,4.99,-0.96,0,0,0,0,0,0,0,0,0,0,0,0,0,0,0,0,0,1,0,NA
70018,Nilson,37,2015,277,Santos,5,ata,13,0,1.66,2.49,2.49,0,1,1,0,0,1,0,0,2,0,1,3,0,0,0,0,0,0,0,0,NA
70046,Victor Ferraz,37,2015,277,Santos,2,lat,28,0.2,4.32,13.610000000000001,13.71,-0.1,1,1,0,0,0,0,0,0,0,0,0,0,0,0,0,0,0,0,0,NA
70515,Ledesma,37,2015,277,Santos,4,mei,4,0,-1,5.65,5.65,0,0,5,0,0,0,0,0,0,0,0,0,0,0,0,0,0,0,0,0,NA
70986,Léo Cittadini,37,2015,277,Santos,4,mei,6,0,-0.05,1.26,1.26,0,2,2,0,0,0,1,0,0,0,0,1,0,1,0,0,0,0,0,0,NA
72382,Marquinhos,37,2015,277,Santos,4,mei,5,0,1,2.71,2.71,0,1,3,0,0,0,0,0,0,0,0,0,0,0,0,0,0,0,0,0,NA
73085,Leandro,37,2015,277,Santos,5,ata,16,0,1.94,4.02,4.02,0,3,1,0,0,1,0,0,0,0,1,1,0,0,0,0,0,0,0,0,NA
73896,Geuvânio,37,2015,277,Santos,5,ata,27,21.1,3.6,22.900000000000002,19.17,3.73,2,9,1,0,1,0,2,1,0,1,1,0,0,0,0,0,0,0,0,NA
73974,Alison,37,2015,277,Santos,4,mei,3,0.9,0.2,5.15,4.99,0.16,1,1,0,0,0,1,0,0,0,0,0,0,0,0,0,0,0,0,0,NA
78235,Leandrinho,37,2015,277,Santos,4,mei,5,-0.5,1.38,3.71,4.12,-0.41,3,5,0,0,1,0,0,0,0,1,3,0,0,0,0,0,0,0,0,NA
78248,Gustavo Henrique,37,2015,277,Santos,3,zag,19,0,2.69,1.47,2.27,-0.8,0,0,0,0,0,0,0,0,0,0,0,0,0,0,0,0,0,0,0,NA
78839,Gabriel Gasparotto,37,2015,277,Santos,1,gol,0,0,0,2,2,0,0,0,0,0,0,0,0,0,0,0,0,0,0,0,0,0,0,0,0,NA
80583,Lucas Lima,37,2015,277,Santos,4,mei,30,-1.2,3.33,10.29,10.27,0.02,2,4,0,0,0,0,0,0,0,0,2,0,0,0,0,0,0,0,0,NA
83257,Gabriel,37,2015,277,Santos,5,ata,29,25.6,4.72,18.25,14.13,4.12,1,3,2,0,1,0,2,2,0,0,0,0,0,0,0,0,0,0,0,NA
84896,Lucas Otávio,37,2015,277,Santos,4,mei,13,0,2,4.54,4.54,0,1,0,0,0,0,0,0,0,0,1,1,0,0,0,0,0,0,0,0,NA
85425,João Paulo,37,2015,277,Santos,1,gol,0,0,0,1,1,0,0,0,0,0,0,0,0,0,0,0,0,0,0,0,0,0,0,0,0,NA
87192,Zeca,37,2015,277,Santos,2,lat,22,-1.5,4.91,4.220000000000001,5.62,-1.4,1,0,0,0,0,0,0,0,0,0,4,0,0,0,0,0,0,0,0,NA
87552,Vitor Bueno,37,2015,277,Santos,4,mei,4,13,4.8,7.1,4.76,2.34,2,0,1,0,1,0,1,0,0,0,1,0,0,0,0,0,0,0,0,NA
88002,Serginho,37,2015,277,Santos,4,mei,10,-1.8,-0.06,1.06,1.23,-0.17,0,1,0,0,0,0,0,1,0,0,2,0,0,0,0,0,0,0,0,NA
88224,Paulo Ricardo,37,2015,277,Santos,3,zag,11,0,2.92,2.34,2.34,0,0,0,0,0,0,0,0,0,0,0,0,0,0,0,0,0,0,0,0,NA
88225,Daniel Guedes,37,2015,277,Santos,2,lat,17,0,1.66,3.27,3.27,0,0,4,0,0,0,1,0,0,0,0,0,0,0,0,0,0,0,0,0,NA
89342,Caju,37,2015,277,Santos,2,lat,4,0,0.8,4.32,4.32,0,0,0,0,0,0,0,0,0,0,0,0,0,0,0,0,0,0,0,0,NA
89637,Thiago Maia,37,2015,277,Santos,4,mei,27,0,2.84,4,4,0,0,0,0,0,0,0,0,0,0,0,0,0,0,0,0,0,0,0,0,NA
90566,Rafael Longuine,37,2015,277,Santos,4,mei,11,0,2.62,5.99,5.99,0,0,0,0,0,0,0,0,0,0,0,0,0,0,0,0,0,0,0,0,NA
92094,Diogo Vitor,37,2015,277,Santos,2,lat,0,0,0,2,2,0,0,0,0,0,0,0,0,0,0,0,0,0,0,0,0,0,0,0,0,NA
92841,Fernando Medeiros,37,2015,277,Santos,4,mei,1,0.7,0.7,0.96,0.98,-0.02,0,0,0,0,0,1,0,0,0,0,0,0,0,0,0,0,0,0,0,NA
93368,Lucas Veríssimo,37,2015,277,Santos,3,zag,0,0,0,1,1,0,0,0,0,0,0,0,0,0,0,0,0,0,0,0,0,0,0,0,0,NA
93376,Wesley Souza,37,2015,277,Santos,4,mei,0,0,0,1,1,0,0,0,0,0,0,0,0,0,0,0,0,0,0,0,0,0,0,0,0,NA
37623,Rafael Marques,37,2015,294,Coritiba,3,zag,9,5,2.08,6.34,5.1,1.24,0,0,0,0,0,0,0,0,0,0,0,0,0,0,1,0,0,0,0,NA
37633,Lúcio Flávio,37,2015,294,Coritiba,4,mei,25,0,1.16,3.84,3.84,0,1,1,0,0,0,0,0,0,0,0,0,0,0,0,0,0,0,0,0,NA
37705,Juan,37,2015,294,Coritiba,2,lat,15,3.1,4.24,5.24,6.54,-1.3,0,4,0,0,0,1,1,2,0,0,4,0,0,0,2,0,0,0,0,NA
38482,Marcos Aurélio,37,2015,294,Coritiba,4,mei,14,0,1.96,7.2,7.2,0,0,0,0,0,0,0,0,0,0,0,0,0,0,0,0,0,0,0,0,NA
40179,Kleber,37,2015,294,Coritiba,5,ata,13,-0.3,2.04,4.55,5.34,-0.79,8,5,0,0,1,0,0,1,0,2,5,0,0,0,0,0,0,0,0,NA
50284,Wilson,37,2015,294,Coritiba,1,gol,27,8,4.8,11.85,11.65,0.2,0,2,0,0,0,0,0,0,0,0,0,0,0,0,2,2,0,0,0,NA
50880,Keirrison,37,2015,294,Coritiba,5,ata,1,0,-0.4,7.29,7.29,0,0,0,0,0,0,0,0,0,0,0,0,0,0,0,0,0,0,0,0,NA
56102,João Paulo,37,2015,294,Coritiba,4,mei,32,0,1.08,3.3,3.3,0,4,1,0,0,0,0,0,0,0,1,4,0,1,0,0,0,0,0,0,NA
63194,Carlinhos,37,2015,294,Coritiba,2,lat,20,4.8,5.16,8.11,8.87,-0.76,6,9,0,0,0,0,0,0,0,3,2,0,0,0,2,0,0,0,0,NA
63283,Esquerdinha,37,2015,294,Coritiba,4,mei,15,0,2.45,6.24,6.24,0,0,0,0,0,0,0,0,0,0,0,0,0,0,0,0,0,0,0,0,NA
63418,Leandro Silva,37,2015,294,Coritiba,3,zag,28,2.4,2.47,3.96,4.34,-0.38,2,10,0,0,0,0,0,0,0,1,5,0,0,0,2,0,0,0,0,NA
68773,Henrique,37,2015,294,Coritiba,5,ata,20,-2.5,6.06,8.379999999999999,10.27,-1.89,1,4,0,0,2,1,1,2,0,0,7,0,0,0,0,0,0,0,0,NA
70132,Alan Santos,37,2015,294,Coritiba,4,mei,16,-0.2,0.94,5.45,5.51,-0.06,1,5,0,0,0,0,0,0,0,3,5,0,1,0,0,0,0,0,0,NA
70929,Negueba,37,2015,294,Coritiba,5,ata,24,-1.6,2.25,4.11,4.7,-0.59,2,12,1,0,0,1,0,1,0,2,4,0,2,0,0,0,0,0,0,NA
71844,Thiago Galhardo,37,2015,294,Coritiba,4,mei,25,0,1.7,5.63,5.63,0,0,0,0,0,0,0,0,0,0,0,0,0,0,0,0,0,0,0,0,NA
72133,Ednei,37,2015,294,Coritiba,3,zag,0,0,0,4,4,0,0,0,0,0,0,0,0,0,0,0,0,0,0,0,0,0,0,0,0,NA
72603,William Menezes,37,2015,294,Coritiba,1,gol,0,0,0,1,1,0,0,0,0,0,0,0,0,0,0,0,0,0,0,0,0,0,0,0,0,NA
72943,Luís Cáceres,37,2015,294,Coritiba,4,mei,16,-1.6,1.14,5.23,5.57,-0.34,1,2,0,0,0,0,0,0,0,0,3,0,0,0,0,0,0,0,0,NA
73336,Rafael Martins,37,2015,294,Coritiba,1,gol,0,0,0,1,1,0,0,0,0,0,0,0,0,0,0,0,0,0,0,0,0,0,0,0,0,NA
73465,Luccas Claro,37,2015,294,Coritiba,3,zag,15,0,3.07,7.16,7.16,0,0,0,0,0,0,0,0,0,0,0,0,0,0,0,0,0,0,0,0,NA
73644,Ivan,37,2015,294,Coritiba,2,lat,13,0,0.46,3.82,3.82,0,0,0,0,0,0,0,0,0,0,0,0,0,0,0,0,0,0,0,0,NA
73991,Walisson,37,2015,294,Coritiba,3,zag,16,8.9,5.36,6.29,5.82,0.47,3,5,0,0,0,0,0,1,0,4,1,0,0,0,2,0,0,0,0,NA
74076,Misael,37,2015,294,Coritiba,4,mei,7,0,1.66,2.84,2.84,0,0,0,0,0,0,0,0,0,0,0,0,0,0,0,0,0,0,0,0,NA
77556,Bruno,37,2015,294,Coritiba,1,gol,10,0,0.52,2.86,2.86,0,0,0,0,0,0,0,0,0,0,0,0,0,0,0,0,0,0,0,0,NA
78718,Michel,37,2015,294,Coritiba,5,ata,0,0,0,4,4,0,0,0,0,0,0,0,0,0,0,0,0,0,0,0,0,0,0,0,0,NA
79535,Vaná,37,2015,294,Coritiba,1,gol,1,0,0,4.15,4.15,0,0,0,0,0,0,0,0,0,0,0,0,0,0,0,0,0,0,0,0,NA
82456,Rafhael Lucas,37,2015,294,Coritiba,5,ata,24,0,1.66,15.5,15.5,0,0,0,0,0,0,0,0,0,0,0,0,0,0,0,0,0,0,0,0,NA
82503,Rodolfo,37,2015,294,Coritiba,4,mei,3,0,1.6,4.04,4.04,0,0,0,0,0,0,0,0,0,0,0,0,0,0,0,0,0,0,0,0,NA
82640,Paulinho,37,2015,294,Coritiba,5,ata,10,0,2.22,5.75,5.75,0,0,0,0,0,0,0,0,0,0,0,0,0,0,0,0,0,0,0,0,NA
82749,Eberson,37,2015,294,Coritiba,3,zag,0,0,0,3,3,0,0,0,0,0,0,0,0,0,0,0,0,0,0,0,0,0,0,0,0,NA
82939,Ruy,37,2015,294,Coritiba,4,mei,18,0,0.81,4.59,4.59,0,0,0,0,0,0,0,0,0,0,0,0,0,0,0,0,0,0,0,0,NA
83438,Guilherme Parede,37,2015,294,Coritiba,5,ata,5,0,0.02,1.3,1.3,0,0,0,0,0,0,0,0,0,0,0,0,0,0,0,0,0,0,0,0,NA
84993,Fabrício Baiano,37,2015,294,Coritiba,4,mei,5,0,-0.9,0.91,0.91,0,0,0,0,0,0,0,0,0,0,0,0,0,0,0,0,0,0,0,0,NA
86449,Samuel,37,2015,294,Coritiba,1,gol,0,0,0,1,1,0,0,0,0,0,0,0,0,0,0,0,0,0,0,0,0,0,0,0,0,NA
86588,Ícaro,37,2015,294,Coritiba,4,mei,3,0.5,0,2.1199999999999997,2.05,0.07,1,0,0,0,0,0,0,0,0,0,0,0,0,0,0,0,0,0,0,NA
86783,Henrique,37,2015,294,Coritiba,2,lat,10,0,1.92,2.28,2.28,0,0,0,0,0,0,0,0,0,0,0,0,0,0,0,0,0,0,0,0,NA
88054,Diogo Sodré,37,2015,294,Coritiba,4,mei,0,0,0,4,4,0,0,0,0,0,0,0,0,0,0,0,0,0,0,0,0,0,0,0,0,NA
90890,Paulo Victor,37,2015,294,Coritiba,5,ata,0,0,0,2,2,0,0,0,0,0,0,0,0,0,0,0,0,0,0,0,0,0,0,0,0,NA
91323,Luccas Barreto,37,2015,294,Coritiba,4,mei,0,0,0,3,3,0,0,0,0,0,0,0,0,0,0,0,0,0,0,0,0,0,0,0,0,NA
91388,Rodrigo Ramos,37,2015,294,Coritiba,2,lat,9,0,4.43,4.06,4.06,0,0,0,0,0,0,0,0,0,0,0,0,0,0,0,0,0,0,0,0,NA
91575,Mateus Oliveira,37,2015,294,Coritiba,5,ata,1,0,0,2.37,2.37,0,0,0,0,0,0,0,0,0,0,0,0,0,0,0,0,0,0,0,0,NA
92182,Juninho,37,2015,294,Coritiba,3,zag,19,9.6,4.12,7.5600000000000005,7.04,0.52,3,1,0,0,0,0,0,0,0,4,1,0,0,0,2,0,0,0,0,NA
92192,Evandro,37,2015,294,Coritiba,5,ata,10,0,2.79,7.31,7.31,0,0,0,0,0,0,0,0,0,0,0,0,0,0,0,0,0,0,0,0,NA
92225,Thiago Lopes,37,2015,294,Coritiba,4,mei,7,-1,0.89,-0.020000000000000018,0.83,-0.85,0,1,1,0,0,0,0,0,0,0,3,0,0,0,0,0,0,0,0,NA
93153,Pachequinho,37,2015,294,Coritiba,6,tec,5,3.19,4.3,10.93,11.2,-0.27,0,0,0,0,0,0,0,0,0,0,0,0,0,0,0,0,0,0,0,NA
37652,Carlos Alberto,37,2015,316,Figueirense,4,mei,14,2.3,3.64,7.63,8.67,-1.04,8,4,0,0,0,1,1,0,0,4,7,0,2,0,0,0,0,0,0,NA
37958,Felipe,37,2015,316,Figueirense,1,gol,2,0,-3.1,7.07,7.07,0,0,0,0,0,0,0,0,0,0,0,0,0,0,0,0,0,0,0,0,NA
38394,Thiago Heleno,37,2015,316,Figueirense,3,zag,24,7.8,2.73,12.719999999999999,12.03,0.69,0,6,0,1,0,1,0,0,0,4,1,0,1,0,1,0,0,0,0,NA
38515,Marquinhos,37,2015,316,Figueirense,3,zag,20,0,3.26,10.1,10.1,0,0,0,1,0,0,0,0,0,0,0,2,0,1,0,0,0,0,0,0,NA
51365,Hudson Coutinho,37,2015,316,Figueirense,6,tec,13,6.68,2.8,8.53,7.66,0.87,0,0,0,0,0,0,0,0,0,0,0,0,0,0,0,0,0,0,0,NA
51476,Rafael Bastos,37,2015,316,Figueirense,4,mei,25,0,1.89,5.6,5.6,0,0,0,0,0,1,1,0,0,0,0,1,0,0,0,0,0,0,0,0,NA
62971,Nirley,37,2015,316,Figueirense,3,zag,1,0,-2.1,2.29,2.29,0,0,0,0,0,0,0,0,0,0,0,0,0,0,0,0,0,0,0,0,NA
63096,Maicon Talhetti,37,2015,316,Figueirense,4,mei,0,0,0,3,3,0,0,0,0,0,0,0,0,0,0,0,0,0,0,0,0,0,0,0,0,NA
63119,Juninho,37,2015,316,Figueirense,4,mei,12,0,0.79,7.47,7.47,0,2,5,0,0,0,0,0,0,0,0,0,0,1,0,0,0,0,0,0,NA
63133,Elias,37,2015,316,Figueirense,5,ata,8,0,0.8,3.74,3.74,0,0,0,0,0,0,0,0,0,0,0,0,0,0,0,0,0,0,0,0,NA
68830,Ricardinho,37,2015,316,Figueirense,4,mei,12,0,2.84,7.53,7.53,0,0,0,0,0,0,0,0,0,0,0,0,0,0,0,0,0,0,0,0,NA
68945,Saimon,37,2015,316,Figueirense,3,zag,10,0,1.59,2.94,2.94,0,0,0,0,0,0,0,0,0,0,0,0,0,0,0,0,0,0,0,0,NA
68974,Marcão,37,2015,316,Figueirense,5,ata,25,5.7,1.15,7.84,7.29,0.55,0,0,0,0,0,1,1,0,0,0,2,0,1,0,0,0,0,0,0,NA
68987,João Vitor,37,2015,316,Figueirense,4,mei,22,1.3,1.02,5.92,5.75,0.17,2,4,0,0,0,0,0,0,0,3,3,0,1,0,0,0,0,0,0,NA
69047,Paulo Roberto,37,2015,316,Figueirense,4,mei,24,-0.8,3.12,7.989999999999999,8.36,-0.37,0,2,0,0,0,0,0,0,0,1,2,0,0,0,0,0,0,0,0,NA
69329,Cereceda,37,2015,316,Figueirense,2,lat,12,0,1.35,6.13,6.13,0,0,0,0,0,0,0,0,0,0,0,0,0,0,0,0,0,0,0,0,NA
72023,Sueliton,37,2015,316,Figueirense,2,lat,16,0,2.01,9.01,9.01,0,0,0,0,0,0,0,0,0,0,0,0,0,0,0,0,0,0,0,0,NA
72084,França,37,2015,316,Figueirense,4,mei,1,0,-3.3,6.78,6.78,0,0,0,0,0,0,0,0,0,0,0,0,0,0,0,0,0,0,0,0,NA
73618,Léo Rodrigues,37,2015,316,Figueirense,2,lat,0,0,0,2,2,0,0,0,0,0,0,0,0,0,0,0,0,0,0,0,0,0,0,0,0,NA
73620,Bruno Alves,37,2015,316,Figueirense,3,zag,21,9.9,1.68,4.25,3.5,0.75,2,3,0,0,1,2,0,0,0,2,2,0,0,0,1,0,0,0,0,NA
77529,Leandro Silva,37,2015,316,Figueirense,2,lat,31,10,3.16,10.39,8.74,1.65,3,6,0,0,0,1,0,0,0,4,3,0,0,0,1,0,0,0,0,NA
77911,Jean Deretti,37,2015,316,Figueirense,4,mei,1,0,-1.1,3.88,3.88,0,0,0,0,0,0,0,0,0,0,0,0,0,0,0,0,0,0,0,0,NA
78756,Alemão,37,2015,316,Figueirense,5,ata,4,0,0.65,3.89,3.89,0,0,0,0,0,0,0,0,0,0,0,0,0,0,0,0,0,0,0,0,NA
78967,Dudu,37,2015,316,Figueirense,5,ata,21,1.6,1.75,3.1999999999999997,3.4,-0.2,5,10,1,0,1,1,0,4,0,1,3,0,0,0,0,0,0,0,0,NA
79066,Alex,37,2015,316,Figueirense,1,gol,34,8,3.36,14.629999999999999,13.18,1.45,0,2,0,0,0,0,0,0,0,0,0,0,0,0,1,3,0,3,0,NA
80288,Marcelinho,37,2015,316,Figueirense,4,mei,2,0,-0.35,2.03,2.03,0,0,0,0,0,0,0,0,0,0,0,0,0,0,0,0,0,0,0,0,NA
80393,Fabinho,37,2015,316,Figueirense,4,mei,33,8.2,2.57,8.4,7.23,1.17,3,4,0,0,0,1,0,0,0,7,6,0,0,0,0,0,0,0,0,NA
80552,Marquinhos Pedroso,37,2015,316,Figueirense,2,lat,23,10.2,3.92,10.92,9.86,1.06,3,0,1,0,0,0,0,0,0,1,2,0,1,0,1,0,0,0,0,NA
80553,Guilherme Lazaroni,37,2015,316,Figueirense,2,lat,0,0,0,4,4,0,0,0,0,0,0,0,0,0,0,0,0,0,0,0,0,0,0,0,0,NA
81770,Clayton,37,2015,316,Figueirense,5,ata,28,4.8,2.92,8.23,8.71,-0.48,2,3,0,0,2,1,1,1,0,2,2,0,0,0,0,0,0,0,0,NA
81847,Bruno Dybal,37,2015,316,Figueirense,4,mei,3,0,-0.2,0.82,0.82,0,0,0,0,0,0,0,0,0,0,0,0,0,0,0,0,0,0,0,0,NA
81950,Jefferson,37,2015,316,Figueirense,4,mei,5,0,1.76,5.89,5.89,0,0,0,0,0,0,0,0,0,0,0,0,0,0,0,0,0,0,0,0,NA
82750,Celsinho,37,2015,316,Figueirense,4,mei,7,0,0.3,2.75,2.75,0,0,0,0,0,0,0,0,0,0,0,0,0,0,0,0,0,0,0,0,NA
83688,Luan,37,2015,316,Figueirense,4,mei,0,0,0,4,4,0,0,0,0,0,0,0,0,0,0,0,0,0,0,0,0,0,0,0,0,NA
84887,Dener,37,2015,316,Figueirense,4,mei,14,1.4,0.8,3.02,2.72,0.3,0,1,0,0,0,0,0,0,0,1,0,0,0,0,0,0,0,0,0,NA
85210,Jonatan Ponciano,37,2015,316,Figueirense,5,ata,0,0,0,2,2,0,0,0,0,0,0,0,0,0,0,0,0,0,0,0,0,0,0,0,0,NA
87586,Thiago Santana,37,2015,316,Figueirense,5,ata,24,0,2.07,5.35,5.35,0,0,0,0,0,1,0,0,1,0,0,0,0,0,0,0,0,0,0,0,NA
87747,Yago,37,2015,316,Figueirense,4,mei,27,3.1,1.6,4.67,3.86,0.81,2,9,0,0,0,0,0,0,0,3,4,0,0,0,0,0,0,0,0,NA
88848,Júnior,37,2015,316,Figueirense,1,gol,0,0,0,1,1,0,0,0,0,0,0,0,0,0,0,0,0,0,0,0,0,0,0,0,0,NA
88916,Luan Polli,37,2015,316,Figueirense,1,gol,1,0,1,1.58,1.58,0,0,0,0,0,0,0,0,0,0,0,0,0,0,0,0,0,0,0,0,NA
89977,Bruno Santos,37,2015,316,Figueirense,2,lat,0,0,0,2,2,0,0,0,0,0,0,0,0,0,0,0,0,0,0,0,0,0,0,0,0,NA
90703,Matheuzinho,37,2015,316,Figueirense,4,mei,0,0,0,1,1,0,0,0,0,0,0,0,0,0,0,0,0,0,0,0,0,0,0,0,0,NA
91654,Daniel,37,2015,316,Figueirense,5,ata,0,0,0,2,2,0,0,0,0,0,0,0,0,0,0,0,0,0,0,0,0,0,0,0,0,NA
91920,Henrique,37,2015,316,Figueirense,3,zag,1,0,1.5,1.98,1.98,0,0,0,0,0,0,0,0,0,0,0,0,0,0,0,0,0,0,0,0,NA
91921,Jatobá,37,2015,316,Figueirense,3,zag,0,0,0,1,1,0,0,0,0,0,0,0,0,0,0,0,0,0,0,0,0,0,0,0,0,NA
92145,Hyago,37,2015,316,Figueirense,4,mei,0,0,0,2,2,0,0,0,0,0,0,0,0,0,0,0,0,0,0,0,0,0,0,0,0,NA
37187,Pc Gusmão,37,2015,317,Joinville,6,tec,23,0.48,2.82,10.3,10.4,-0.1,0,0,0,0,0,0,0,0,0,0,0,0,0,0,0,0,0,0,0,NA
37781,Marcelo Costa,37,2015,317,Joinville,4,mei,12,0.7,0.42,5.34,5.64,-0.3,0,0,0,0,0,1,0,0,0,0,0,0,0,0,0,0,0,0,0,NA
41859,Marcelinho Paraíba,37,2015,317,Joinville,4,mei,29,0,2.41,8.29,8.29,0,0,3,0,0,0,1,0,0,0,0,0,0,0,0,0,0,0,0,0,NA
42225,Eusébio,37,2015,317,Joinville,2,lat,0,0,0,3,3,0,0,0,0,0,0,0,0,0,0,0,0,0,0,0,0,0,0,0,0,NA
51869,Edson Ratinho,37,2015,317,Joinville,2,lat,14,-3,1.38,4.449999999999999,5.01,-0.56,3,9,0,0,0,0,0,0,0,0,1,0,1,0,0,0,0,0,0,NA
62004,Bruno Aguiar,37,2015,317,Joinville,3,zag,18,0,3.09,7.7,7.7,0,0,0,0,0,0,0,0,0,0,0,0,0,0,0,0,0,0,0,0,NA
62056,Kempes,37,2015,317,Joinville,5,ata,30,0,2.01,4.79,4.79,0,3,0,0,0,1,1,0,0,0,0,2,0,1,0,0,0,0,0,0,NA
62120,Trípodi,37,2015,317,Joinville,5,ata,3,1.6,2.93,3.4699999999999998,3.23,0.24,0,0,0,0,0,1,0,2,0,2,3,0,0,0,0,0,0,0,0,NA
62131,Yuri,37,2015,317,Joinville,4,mei,4,0,0.15,1.38,1.38,0,0,1,0,0,0,0,0,0,0,0,0,0,0,0,0,0,0,0,0,NA
68910,Anselmo,37,2015,317,Joinville,4,mei,29,-0.6,3.08,7.7,8.16,-0.46,0,1,0,0,0,1,0,0,0,0,2,0,0,0,0,0,0,0,0,NA
68922,Fabrício,37,2015,317,Joinville,4,mei,9,0,-1.31,1.09,1.09,0,0,0,0,0,0,0,0,0,0,0,0,0,0,0,0,0,0,0,0,NA
69015,Heracles,37,2015,317,Joinville,2,lat,3,0,1.8,3.92,3.92,0,0,0,0,0,0,0,0,0,0,0,0,0,0,0,0,0,0,0,0,NA
69141,Ricardo Bueno,37,2015,317,Joinville,5,ata,5,0,0.72,3.7,3.7,0,0,0,0,0,0,0,0,0,0,0,0,0,0,0,0,0,0,0,0,NA
70928,William Henrique,37,2015,317,Joinville,5,ata,3,0,0.3,4.59,4.59,0,0,0,0,0,0,0,0,0,0,0,0,0,0,0,0,0,0,0,0,NA
71724,Agenor,37,2015,317,Joinville,1,gol,32,-4,3.76,4.220000000000001,5.4,-1.18,0,2,0,0,0,0,0,0,0,0,0,0,0,0,0,3,0,5,0,NA
71799,Silvinho,37,2015,317,Joinville,5,ata,9,0,0.89,5.2,5.2,0,0,0,0,0,0,0,0,0,0,0,0,0,0,0,0,0,0,0,0,NA
72731,Oliveira,37,2015,317,Joinville,1,gol,6,0,3.55,15.92,15.92,0,0,0,0,0,0,0,0,0,0,0,0,0,0,0,0,0,0,0,0,NA
73528,Guti,37,2015,317,Joinville,3,zag,34,0,2.06,8.52,8.52,0,0,2,0,0,0,0,0,0,0,1,3,0,1,0,0,0,0,0,0,NA
73879,Rogério,37,2015,317,Joinville,2,lat,9,0,1.03,3.76,3.76,0,0,0,0,0,0,0,0,0,0,0,0,0,0,0,0,0,0,0,0,NA
74271,Edigar Junio,37,2015,317,Joinville,5,ata,25,1.2,3.1,7.11,7.03,0.08,2,0,0,0,0,1,0,0,0,0,0,0,0,0,0,0,0,0,0,NA
78414,Rafael Donato,37,2015,317,Joinville,3,zag,9,-0.7,5.27,1.73,3.76,-2.03,1,2,0,0,0,1,0,0,0,1,2,0,1,0,0,0,0,0,0,NA
78497,Arnaldo,37,2015,317,Joinville,2,lat,4,0,3.52,5.65,5.65,0,0,0,0,0,0,0,0,0,0,0,0,0,0,0,0,0,0,0,0,NA
78648,Dráusio,37,2015,317,Joinville,3,zag,0,0,0,5,5,0,0,0,0,0,0,0,0,0,0,0,0,0,0,0,0,0,0,0,0,NA
78897,Naldo,37,2015,317,Joinville,4,mei,24,0,1.66,2.77,2.77,0,0,0,0,0,0,0,0,0,0,0,0,0,0,0,0,0,0,0,0,NA
79228,Bruno Furlan,37,2015,317,Joinville,5,ata,0,0,0,5,5,0,0,0,0,0,0,0,0,0,0,0,0,0,0,0,0,0,0,0,0,NA
79339,Dankler,37,2015,317,Joinville,3,zag,9,0,0.94,2.3,2.3,0,0,0,0,0,0,0,0,0,0,0,0,0,0,0,0,0,0,0,0,NA
79947,Marion,37,2015,317,Joinville,5,ata,14,0,1.75,5.33,5.33,0,0,0,0,0,0,0,0,0,0,0,0,0,0,0,0,0,0,0,0,NA
80328,Jhonatan,37,2015,317,Joinville,1,gol,0,0,0,1,1,0,0,0,0,0,0,0,0,0,0,0,0,0,0,0,0,0,0,0,0,NA
80335,Vitor,37,2015,317,Joinville,1,gol,0,0,0,1,1,0,0,0,0,0,0,0,0,0,0,0,0,0,0,0,0,0,0,0,0,NA
80576,Renato,37,2015,317,Joinville,4,mei,2,0,1.15,4.36,4.36,0,0,0,0,0,0,0,0,0,0,0,0,0,0,0,0,0,0,0,0,NA
81612,Fernando Viana,37,2015,317,Joinville,5,ata,11,0,1.26,2.5999999999999996,3.36,-0.76,0,2,0,0,0,0,0,0,0,3,0,0,0,0,0,0,0,0,0,NA
82306,Douglas Silva,37,2015,317,Joinville,3,zag,8,0,3.97,7.23,7.23,0,0,0,0,0,0,0,0,0,0,0,0,0,0,0,0,0,0,0,0,NA
82337,Geandro,37,2015,317,Joinville,4,mei,0,0,0,6,6,0,0,0,0,0,0,0,0,0,0,0,0,0,0,0,0,0,0,0,0,NA
82341,Luiz Gustavo,37,2015,317,Joinville,3,zag,7,0,2.08,5.14,5.14,0,0,2,0,0,0,0,0,0,0,1,1,0,0,0,0,0,0,0,0,NA
82461,Danrlei,37,2015,317,Joinville,3,zag,10,4.1,1.99,3.67,2.84,0.83,6,2,0,0,1,1,0,0,0,2,4,0,1,0,0,0,0,0,0,NA
83101,Alef,37,2015,317,Joinville,3,zag,3,1.7,1.37,3.6,3.44,0.16,0,0,0,0,0,0,0,0,0,1,0,0,0,0,0,0,0,0,0,NA
84314,Ítalo,37,2015,317,Joinville,4,mei,7,4.7,0.93,3.3,2.36,0.94,2,3,0,1,1,0,0,1,0,0,0,0,0,0,0,0,0,0,0,NA
86763,Jonathan,37,2015,317,Joinville,4,mei,0,0,0,1,1,0,0,0,0,0,0,0,0,0,0,0,0,0,0,0,0,0,0,0,0,NA
86890,William Popp,37,2015,317,Joinville,5,ata,25,0,2.02,5.09,5.09,0,0,0,0,0,0,0,0,0,0,0,0,0,0,0,0,0,0,0,0,NA
87399,Mário Sérgio,37,2015,317,Joinville,2,lat,22,1.1,3.1,6.96,6.83,0.13,1,4,0,0,0,0,0,0,0,2,3,0,0,0,0,0,0,0,0,NA
87754,Diego,37,2015,317,Joinville,2,lat,25,-1.9,2.92,3.27,3.61,-0.34,2,3,0,0,0,0,0,0,0,1,4,0,1,0,0,0,0,0,0,NA
88597,Lucas Crispim,37,2015,317,Joinville,4,mei,20,0,1.07,2.37,2.37,0,0,0,0,0,0,0,0,0,0,0,0,0,0,0,0,0,0,0,0,NA
90317,Matheus,37,2015,317,Joinville,1,gol,0,0,0,1,1,0,0,0,0,0,0,0,0,0,0,0,0,0,0,0,0,0,0,0,0,NA
90318,Joãozinho,37,2015,317,Joinville,2,lat,0,0,0,2,2,0,0,0,0,0,0,0,0,0,0,0,0,0,0,0,0,0,0,0,0,NA
90319,André Baumer,37,2015,317,Joinville,3,zag,0,0,0,1,1,0,0,0,0,0,0,0,0,0,0,0,0,0,0,0,0,0,0,0,0,NA
90321,Kadu,37,2015,317,Joinville,4,mei,20,0.4,0.83,2.49,2.72,-0.23,1,5,0,0,0,1,0,0,0,2,2,0,0,0,0,0,0,0,0,NA
91391,Juninho,37,2015,317,Joinville,4,mei,2,0,-1.95,0.88,0.88,0,0,0,0,0,0,0,0,0,0,0,0,0,0,0,0,0,0,0,0,NA
91468,Mateus Silva,37,2015,317,Joinville,5,ata,1,0,-0.3,1.59,1.59,0,0,0,0,0,0,0,0,0,0,0,0,0,0,0,0,0,0,0,0,NA
91740,Zé Arthur,37,2015,317,Joinville,5,ata,0,0,0,1,1,0,0,0,0,0,0,0,0,0,0,0,0,0,0,0,0,0,0,0,0,NA
91741,Luiz Meneses,37,2015,317,Joinville,4,mei,3,0,0.7,0.92,0.92,0,0,0,0,0,0,0,0,0,0,0,0,0,0,0,0,0,0,0,0,NA
93281,Adriano,37,2015,317,Joinville,5,ata,0,0,0,1,1,0,0,0,0,0,0,0,0,0,0,0,0,0,0,0,0,0,0,0,0,NA
36790,Josué,37,2015,282,Atlético-MG,4,mei,12,0,1.14,8.3,8.3,0,0,0,0,0,0,0,0,0,0,0,0,0,0,0,0,0,0,0,0,NA
38061,Edcarlos,37,2015,282,Atlético-MG,3,zag,8,0,0.74,3.57,3.57,0,0,0,0,0,0,0,0,0,0,0,0,0,0,0,0,0,0,0,0,NA
51318,Leandro Donizete,37,2015,282,Atlético-MG,4,mei,30,0,2.38,9.91,9.91,0,0,0,0,0,0,0,0,0,0,4,1,0,1,0,0,0,0,0,0,NA
51779,Pedro Botelho,37,2015,282,Atlético-MG,2,lat,7,0,1.57,1.22,1.22,0,0,0,0,0,0,0,0,0,0,0,0,0,0,0,0,0,0,0,0,NA
52950,Victor,37,2015,282,Atlético-MG,1,gol,36,10.7,2.48,17.83,15.84,1.99,0,1,0,0,0,0,0,0,0,0,0,0,0,0,1,3,0,2,0,NA
60784,Rafael Carioca,37,2015,282,Atlético-MG,4,mei,34,-0.3,2.27,6.98,6.78,0.2,3,1,0,0,0,0,0,0,0,0,3,0,1,0,0,0,0,0,0,NA
60969,Patric,37,2015,282,Atlético-MG,2,lat,23,12.3,4.58,16.919999999999998,15.61,1.31,1,5,0,0,1,1,1,1,0,3,2,0,0,0,1,0,0,0,0,NA
61211,Carlos Cesar,37,2015,282,Atlético-MG,2,lat,6,0,2.58,4.23,4.23,0,0,0,0,0,0,0,0,0,0,0,0,0,0,0,0,0,0,0,0,NA
63013,Marcos Rocha,37,2015,282,Atlético-MG,2,lat,21,10.1,4,16.3,15.5,0.8,1,2,1,0,0,1,0,0,0,0,1,0,0,0,1,0,0,0,0,NA
63219,Luan,37,2015,282,Atlético-MG,5,ata,26,6.6,4.5,24.12,23.87,0.25,2,7,0,0,2,2,0,0,0,7,2,0,1,0,0,0,0,0,0,NA
68925,Leonardo Silva,37,2015,282,Atlético-MG,3,zag,30,14.2,4.06,17.96,15.81,2.15,3,3,0,0,1,2,1,0,0,1,3,0,0,0,1,0,0,0,0,NA
68929,Thiago Ribeiro,37,2015,282,Atlético-MG,5,ata,31,7.5,3.13,14.4,13.1,1.3,0,5,0,0,1,0,1,0,0,0,0,0,0,0,0,0,0,0,0,NA
68938,Giovanni Augusto,37,2015,282,Atlético-MG,4,mei,33,12.3,3.74,12.24,10.39,1.85,1,6,2,0,2,0,0,1,0,3,2,0,0,0,0,0,0,0,0,NA
68979,Giovanni,37,2015,282,Atlético-MG,1,gol,0,0,0,3,3,0,0,0,0,0,0,0,0,0,0,0,0,0,0,0,0,0,0,0,0,NA
69240,Dátolo,37,2015,282,Atlético-MG,4,mei,25,0,3.33,15.59,15.59,0,3,1,0,0,0,0,0,0,0,0,1,0,1,0,0,0,0,0,0,NA
72871,Cárdenas,37,2015,282,Atlético-MG,4,mei,16,0,0.46,3.02,3.05,-0.03,0,0,0,0,0,0,0,0,0,0,0,0,0,0,0,0,0,0,0,NA
73649,Lucas Pratto,37,2015,282,Atlético-MG,5,ata,34,0.9,4.99,20.419999999999998,21.86,-1.44,1,5,0,0,0,2,1,0,0,1,1,0,0,0,0,0,0,0,0,NA
77895,Emerson Conceição,37,2015,282,Atlético-MG,2,lat,0,0,0,2,2,0,0,0,0,0,0,0,0,0,0,0,0,0,0,0,0,0,0,0,0,NA
78994,Eduardo,37,2015,282,Atlético-MG,4,mei,2,0.4,2.65,3.3699999999999997,4.02,-0.65,0,1,0,0,0,1,0,0,0,0,0,0,0,0,0,0,0,0,0,NA
79042,Tiago,37,2015,282,Atlético-MG,3,zag,3,0,5.43,3.5,3.5,0,0,0,0,0,0,0,0,0,0,0,0,0,0,0,0,0,0,0,0,NA
79553,Mansur,37,2015,282,Atlético-MG,2,lat,1,0,-0.3,3.15,3.15,0,0,0,0,0,0,0,0,0,0,0,0,0,0,0,0,0,0,0,0,NA
79826,Douglas Santos,37,2015,282,Atlético-MG,2,lat,29,0,2.6,7.5,7.5,0,0,3,0,0,0,1,0,0,0,2,0,0,0,0,0,0,0,0,0,NA
84263,Jemerson,37,2015,282,Atlético-MG,3,zag,33,8.9,3.83,20.03,18.36,1.67,1,2,0,0,0,1,0,0,0,3,2,0,1,0,1,0,0,0,0,NA
84851,Lucas Cândido,37,2015,282,Atlético-MG,4,mei,1,6.4,6.4,4.3,3.65,0.65,0,3,0,0,1,0,0,0,0,4,1,0,0,0,0,0,0,0,0,NA
84927,Dodô,37,2015,282,Atlético-MG,4,mei,12,0,0.72,3.43,3.43,0,0,0,0,0,0,0,0,0,0,0,0,0,0,0,0,0,0,0,0,NA
85027,Carlos,37,2015,282,Atlético-MG,5,ata,20,-0.5,1.35,8.78,8.95,-0.17,0,0,0,0,0,0,0,0,0,0,1,0,0,0,0,0,0,0,0,NA
85418,Uilson,37,2015,282,Atlético-MG,1,gol,0,0,0,1,1,0,0,0,0,0,0,0,0,0,0,0,0,0,0,0,0,0,0,0,0,NA
87229,Donato,37,2015,282,Atlético-MG,3,zag,0,0,0,1,1,0,0,0,0,0,0,0,0,0,0,0,0,0,0,0,0,0,0,0,0,NA
87291,Danilo Pires,37,2015,282,Atlético-MG,4,mei,2,0,-0.65,0.82,0.82,0,0,0,0,0,0,0,0,0,0,0,0,0,0,0,0,0,0,0,0,NA
87393,Gabriel,37,2015,282,Atlético-MG,3,zag,0,0,0,1,1,0,0,0,0,0,0,0,0,0,0,0,0,0,0,0,0,0,0,0,0,NA
89975,Rodolfo,37,2015,282,Atlético-MG,1,gol,0,0,0,2,2,0,0,0,0,0,0,0,0,0,0,0,0,0,0,0,0,0,0,0,0,NA
91156,Jesiel,37,2015,282,Atlético-MG,3,zag,0,0,0,1,1,0,0,0,0,0,0,0,0,0,0,0,0,0,0,0,0,0,0,0,0,NA
93317,Diogo Giacomini,37,2015,282,Atlético-MG,6,tec,2,8.14,5.17,17.46,15.6,1.86,0,0,0,0,0,0,0,0,0,0,0,0,0,0,0,0,0,0,0,NA
37608,Cristian,37,2015,264,Corinthians,4,mei,13,0,1.6,8.42,8.42,0,0,2,0,0,0,1,0,0,0,1,2,0,0,0,0,0,0,0,0,NA
37657,Edu Dracena,37,2015,264,Corinthians,3,zag,16,0,3.93,10.78,10.78,0,0,1,0,0,0,1,0,0,0,1,1,0,0,0,0,0,0,0,0,NA
38067,Danilo,37,2015,264,Corinthians,4,mei,29,-0.1,0.37,5.83,5.9,-0.07,1,2,0,0,1,0,0,0,0,0,2,0,0,0,0,0,0,0,0,NA
38315,Jadson,37,2015,264,Corinthians,4,mei,33,0,5.19,17.84,17.84,0,2,3,0,0,0,0,0,0,0,0,3,0,1,0,0,0,0,0,0,NA
38398,Renato Augusto,37,2015,264,Corinthians,4,mei,29,0,3.68,12.53,12.53,0,0,0,0,0,0,0,0,0,0,0,0,0,0,0,0,0,0,0,0,NA
38523,Edílson,37,2015,264,Corinthians,2,lat,17,0,2.38,11.61,11.61,0,0,0,0,0,0,0,0,0,0,0,0,0,0,0,0,0,0,0,0,NA
38959,Vagner Love,37,2015,264,Corinthians,5,ata,30,6,5.44,12.98,12.57,0.41,4,5,0,0,1,2,1,0,0,1,2,0,1,0,0,0,0,0,0,NA
42234,Cássio,37,2015,264,Corinthians,1,gol,35,0.7,4.89,18.22,20.47,-2.25,0,1,0,0,0,0,0,0,0,0,0,0,0,0,0,1,0,1,0,NA
42500,Fagner,37,2015,264,Corinthians,2,lat,25,-1.5,4.34,10.76,11.51,-0.75,2,7,0,0,0,0,0,2,0,2,1,0,0,0,0,0,0,0,0,NA
45125,Tite,37,2015,264,Corinthians,6,tec,37,1.94,4.56,17.369999999999997,17.24,0.13,0,0,0,0,0,0,0,0,0,0,0,0,0,0,0,0,0,0,0,NA
51413,Walter,37,2015,264,Corinthians,1,gol,3,0,8.7,6.9,6.9,0,0,0,0,0,0,0,0,0,0,0,0,0,0,0,0,1,0,2,0,NA
52190,Ralf,37,2015,264,Corinthians,4,mei,30,-0.5,2.83,10.51,11.26,-0.75,2,4,0,0,0,1,0,0,0,0,2,0,0,0,0,0,0,0,0,NA
54395,Elias,37,2015,264,Corinthians,4,mei,23,-0.8,3.89,11.120000000000001,11.39,-0.27,1,4,0,0,0,1,0,0,0,1,1,0,1,0,0,0,0,0,0,NA
60852,Uendel,37,2015,264,Corinthians,2,lat,18,4,5.7,13.270000000000001,12.71,0.56,1,3,0,0,0,1,0,1,0,3,1,0,0,0,0,0,0,0,0,NA
61033,Rodriguinho,37,2015,264,Corinthians,4,mei,12,6.6,3.12,5.71,4.59,1.12,1,5,0,0,0,2,0,0,0,6,3,0,1,0,0,0,0,0,0,NA
61149,Lucca,37,2015,264,Corinthians,5,ata,10,0.6,3.39,4.4,6.25,-1.85,1,3,0,0,2,0,0,0,0,0,2,0,0,0,0,0,0,0,0,NA
68787,Lincom,37,2015,264,Corinthians,5,ata,3,0,-0.5,3.49,3.49,0,0,0,0,0,0,0,0,0,0,0,1,0,0,0,0,0,0,0,0,NA
68923,Gil,37,2015,264,Corinthians,3,zag,33,0.7,3.33,18.189999999999998,17.86,0.33,0,1,0,0,0,0,0,0,0,1,2,0,1,0,0,0,0,0,0,NA
70944,Bruno Henrique,37,2015,264,Corinthians,4,mei,21,-0.4,2.16,4.640000000000001,4.7,-0.06,3,5,0,0,0,1,0,0,0,0,3,0,0,0,0,0,0,0,0,NA
73375,Felipe,37,2015,264,Corinthians,3,zag,25,3.1,3.63,9.56,9.24,0.32,0,1,0,0,0,0,0,0,0,2,0,0,0,0,0,0,0,0,0,NA
73635,Rildo,37,2015,264,Corinthians,5,ata,14,0,1.13,13.38,13.38,0,0,0,0,0,0,0,0,0,0,0,0,0,0,0,0,0,0,0,0,NA
77500,Yago,37,2015,264,Corinthians,3,zag,8,0,2.34,5.06,5.06,0,0,0,0,0,0,0,0,0,0,0,0,0,0,0,0,0,0,0,0,NA
80286,Matheus Vidotto,37,2015,264,Corinthians,1,gol,0,0,0,1,1,0,0,0,0,0,0,0,0,0,0,0,0,0,0,0,0,0,0,0,0,NA
80287,Luciano,37,2015,264,Corinthians,5,ata,5,0,10.64,10.26,10.26,0,0,0,0,0,0,0,0,0,0,0,0,0,0,0,0,0,0,0,0,NA
87225,Pedro Henrique,37,2015,264,Corinthians,3,zag,0,0,0,3,3,0,0,0,0,0,0,0,0,0,0,0,0,0,0,0,0,0,0,0,0,NA
87228,Guilherme Arana,37,2015,264,Corinthians,2,lat,15,0,4.51,5.93,5.93,0,0,0,0,0,0,0,0,0,0,0,0,0,0,0,0,0,0,0,0,NA
87929,Matheus Vargas,37,2015,264,Corinthians,4,mei,0,0,0,1,1,0,0,0,0,0,0,0,0,0,0,0,0,0,0,0,0,0,0,0,0,NA
88056,Malcom,37,2015,264,Corinthians,5,ata,30,2.2,3.46,9.209999999999999,8.92,0.29,3,6,0,0,2,0,0,1,0,1,1,0,0,0,0,0,0,0,0,NA
88140,Isaac,37,2015,264,Corinthians,5,ata,0,0,0,3,3,0,0,0,0,0,0,0,0,0,0,0,0,0,0,0,0,0,0,0,0,NA
88323,Ángel Romero,37,2015,264,Corinthians,5,ata,12,0.7,2.95,7.04,7.47,-0.43,4,4,0,0,1,1,0,0,0,1,1,0,0,0,0,0,0,0,0,NA
89479,Gustavo Tocantins,37,2015,264,Corinthians,5,ata,0,0,0,3,3,0,0,0,0,0,0,0,0,0,0,0,0,0,0,0,0,0,0,0,0,NA
90297,Guilherme,37,2015,264,Corinthians,1,gol,0,0,0,2,2,0,0,0,0,0,0,0,0,0,0,0,0,0,0,0,0,0,0,0,0,NA
90370,Matheus Pereira,37,2015,264,Corinthians,4,mei,1,0,0,0.82,0.82,0,0,0,0,0,0,0,0,0,0,0,0,0,0,0,0,0,0,0,0,NA
91509,Rodrigo Sam,37,2015,264,Corinthians,3,zag,0,0,0,1,1,0,0,0,0,0,0,0,0,0,0,0,0,0,0,0,0,0,0,0,0,NA
91714,Marciel,37,2015,264,Corinthians,4,mei,4,0,6.2,3.98,3.98,0,0,0,0,0,0,0,0,0,0,0,0,0,0,0,0,0,0,0,0,NA
91715,Matheus Cassini,37,2015,264,Corinthians,4,mei,0,0,0,2,2,0,0,0,0,0,0,0,0,0,0,0,0,0,0,0,0,0,0,0,0,NA
91808,Caique,37,2015,264,Corinthians,1,gol,0,0,0,1,1,0,0,0,0,0,0,0,0,0,0,0,0,0,0,0,0,0,0,0,0,NA
92170,Gabriel Vasconcelos,37,2015,264,Corinthians,5,ata,0,0,0,4,4,0,0,0,0,0,0,0,0,0,0,0,0,0,0,0,0,0,0,0,0,NA
92189,Samuel,37,2015,264,Corinthians,2,lat,0,0,0,1,1,0,0,0,0,0,0,0,0,0,0,0,0,0,0,0,0,0,0,0,0,NA
92190,Gustavo Viera,37,2015,264,Corinthians,4,mei,0,0,0,2,2,0,0,0,0,0,0,0,0,0,0,0,0,0,0,0,0,0,0,0,0,NA
92630,Claudinho,37,2015,264,Corinthians,5,ata,0,0,0,2,2,0,0,0,0,0,0,0,0,0,0,0,0,0,0,0,0,0,0,0,0,NA
37993,Almir,37,2015,262,Flamengo,4,mei,7,0,0.84,4.64,4.64,0,0,0,0,0,0,0,0,0,0,0,0,0,0,0,0,0,0,0,0,NA
38311,Márcio Araújo,37,2015,262,Flamengo,4,mei,33,6.7,2.38,9.03,8.44,0.59,4,9,0,0,0,1,0,0,0,6,0,0,0,0,0,0,0,0,0,NA
50301,Everton,37,2015,262,Flamengo,4,mei,33,2.9,2.54,20.54,19.58,0.96,3,5,0,0,2,0,0,0,0,1,5,0,1,0,0,0,0,0,0,NA
50402,Kayke,37,2015,262,Flamengo,5,ata,16,-1.1,3.32,6.36,6.9,-0.54,2,6,0,0,1,1,0,1,0,0,0,0,0,0,0,0,0,0,0,NA
50453,Anderson Pico,37,2015,262,Flamengo,2,lat,4,0,1.2,6.53,6.53,0,0,0,0,0,0,0,0,0,0,0,0,0,0,0,0,0,0,0,0,NA
62086,Pará,37,2015,262,Flamengo,2,lat,29,7.3,1.25,7.39,6.59,0.8,4,4,0,0,2,0,1,0,0,0,1,0,0,0,0,0,0,0,0,NA
68685,Alan Patrick,37,2015,262,Flamengo,4,mei,28,-2.5,3.73,6.550000000000001,7.07,-0.52,5,9,0,0,0,0,0,0,0,1,4,0,1,0,0,0,0,0,0,NA
68693,Armero,37,2015,262,Flamengo,2,lat,4,0,2.32,8.48,8.48,0,0,0,0,0,0,0,0,0,0,0,0,0,0,0,0,0,0,0,0,NA
68744,Emerson,37,2015,262,Flamengo,5,ata,25,1.4,3.32,10.58,10.61,-0.03,0,1,0,0,0,0,0,0,0,1,0,0,0,0,0,0,0,0,0,NA
68873,Paulo Victor,37,2015,262,Flamengo,1,gol,24,0,1.49,3.86,3.86,0,0,3,0,0,0,0,0,0,0,0,0,0,0,0,0,3,0,3,0,NA
68958,Wallace,37,2015,262,Flamengo,3,zag,28,1.6,4.41,14.78,14.78,0,3,6,0,0,0,0,0,0,0,2,1,0,0,0,0,0,0,0,0,NA
69022,Marcelo Cirino,37,2015,262,Flamengo,5,ata,21,1.5,1.35,8.17,7.84,0.33,1,1,0,0,1,0,0,0,0,0,1,0,0,0,0,0,0,0,0,NA
70173,Ederson,37,2015,262,Flamengo,4,mei,8,0,3.8,11.5,11.5,0,0,0,0,0,0,0,0,0,0,0,0,0,0,0,0,0,0,0,0,NA
72334,Ayrton,37,2015,262,Flamengo,2,lat,16,0,3.08,5.83,5.83,0,0,0,0,0,0,0,0,0,0,0,0,0,0,0,0,0,0,0,0,NA
73515,Gabriel,37,2015,262,Flamengo,4,mei,24,8.6,2.82,10.059999999999999,8.61,1.45,2,4,0,0,0,3,0,0,0,5,3,0,0,0,0,0,0,0,0,NA
73918,Canteros,37,2015,262,Flamengo,4,mei,34,0,2.3,8.99,8.99,0,0,7,0,0,0,0,0,0,0,0,1,0,0,0,0,0,0,0,0,NA
74060,Luiz Antonio,37,2015,262,Flamengo,4,mei,14,1.3,0.72,4.16,3.77,0.39,1,4,0,0,0,1,0,0,0,1,3,0,0,0,0,0,0,0,0,NA
75295,Paolo Guerrero,37,2015,262,Flamengo,5,ata,17,0,3.46,20.8,20.8,0,0,0,0,0,0,0,0,0,0,0,0,0,0,0,0,0,0,0,0,NA
78086,César,37,2015,262,Flamengo,1,gol,14,4.3,1.16,4.03,4.15,-0.12,1,4,0,0,0,0,0,0,0,0,0,0,0,0,0,3,0,2,0,NA
78578,Paulinho,37,2015,262,Flamengo,5,ata,25,0,1.34,7.33,7.33,0,1,1,0,0,0,1,0,0,0,1,4,0,1,0,0,0,0,0,0,NA
78895,Marcelo,37,2015,262,Flamengo,3,zag,11,-2.1,0.57,1.94,1.69,0.25,0,2,0,0,0,0,0,0,0,0,3,0,0,0,0,0,0,0,0,NA
79019,Jayme De Almeida,37,2015,262,Flamengo,6,tec,2,3.18,1.74,9.370000000000001,8.91,0.46,0,0,0,0,0,0,0,0,0,0,0,0,0,0,0,0,0,0,0,NA
80913,Nixon,37,2015,262,Flamengo,5,ata,0,0,0,6,6,0,0,0,0,0,0,0,0,0,0,0,0,0,0,0,0,0,0,0,0,NA
82403,César Martins,37,2015,262,Flamengo,3,zag,20,0,2.53,6.34,6.34,0,1,1,0,0,0,0,0,0,0,1,0,0,0,0,0,0,0,0,0,NA
84318,Samir,37,2015,262,Flamengo,3,zag,20,0,3.09,9.43,9.43,0,0,0,0,0,0,0,0,0,0,0,0,0,0,0,0,0,0,0,0,NA
85586,Jonas,37,2015,262,Flamengo,4,mei,19,0,1.93,9.77,9.77,0,0,0,0,0,0,0,0,0,0,0,0,0,0,0,0,0,0,0,0,NA
88065,Jorge,37,2015,262,Flamengo,2,lat,22,7.2,4.3,7.23,6.33,0.9,1,1,0,0,0,1,0,0,0,4,1,0,0,0,0,0,0,0,0,NA
88072,Douglas Baggio,37,2015,262,Flamengo,5,ata,0,0,0,1,1,0,0,0,0,0,0,0,0,0,0,0,0,0,0,0,0,0,0,0,0,NA
89258,Daniel,37,2015,262,Flamengo,1,gol,0,0,0,1,1,0,0,0,0,0,0,0,0,0,0,0,0,0,0,0,0,0,0,0,0,NA
91194,Thiago,37,2015,262,Flamengo,1,gol,0,0,0,1,1,0,0,0,0,0,0,0,0,0,0,0,0,0,0,0,0,0,0,0,0,NA
91263,Jajá,37,2015,262,Flamengo,4,mei,5,-2.1,0.74,0.82,0.83,-0.01,0,2,0,0,0,0,0,0,0,0,4,0,0,0,0,0,0,0,0,NA
91264,Matheus Sávio,37,2015,262,Flamengo,5,ata,1,0,0.2,2.53,2.53,0,0,0,0,0,0,0,0,0,0,0,0,0,0,0,0,0,0,0,0,NA
92500,Rafael Dumas,37,2015,262,Flamengo,3,zag,0,0,0,1,1,0,0,0,0,0,0,0,0,0,0,0,0,0,0,0,0,0,0,0,0,NA
92631,Trindade,37,2015,262,Flamengo,4,mei,0,0,0,2,2,0,0,0,0,0,0,0,0,0,0,0,0,0,0,0,0,0,0,0,0,NA
92981,Ronaldo,37,2015,262,Flamengo,4,mei,1,0,0.2,0.89,0.89,0,0,0,0,0,0,0,0,0,0,0,0,0,0,0,0,0,0,0,0,NA
93151,Thiago Santos,37,2015,262,Flamengo,5,ata,1,0,-0.5,0.83,0.83,0,0,0,0,0,0,0,0,0,0,0,0,0,0,0,0,0,0,0,0,NA
37837,Cristian,37,2015,303,Ponte Preta,4,mei,13,-2.9,1.29,4.73,5.21,-0.48,1,8,0,0,1,0,0,0,0,0,3,0,1,0,0,0,0,0,0,NA
37941,Borges,37,2015,303,Ponte Preta,5,ata,28,0,1.69,10.9,10.9,0,0,0,0,0,0,0,0,0,0,0,0,0,0,0,0,0,0,0,0,NA
38186,Adrianinho,37,2015,303,Ponte Preta,4,mei,4,0.4,1.65,4.74,4.91,-0.17,0,1,0,0,0,1,0,0,0,0,0,0,0,0,0,0,0,0,0,NA
38425,Fábio Ferreira,37,2015,303,Ponte Preta,3,zag,5,0.2,2.14,4.12,5.09,-0.97,0,0,0,0,0,1,0,0,0,0,1,0,0,0,0,0,0,0,0,NA
42213,Fernando Bob,37,2015,303,Ponte Preta,4,mei,34,0,3.18,15.72,15.72,0,3,2,0,0,0,0,0,0,0,5,4,0,0,0,0,0,0,0,0,NA
51495,Tiago Alves,37,2015,303,Ponte Preta,3,zag,12,-0.6,2.45,2.64,3.81,-1.17,0,2,0,0,0,0,0,0,0,0,0,0,0,0,0,0,0,0,0,NA
52674,Gilson,37,2015,303,Ponte Preta,2,lat,32,-0.6,2.55,12.89,12.4,0.49,0,4,0,0,0,0,0,0,0,1,3,0,2,0,0,0,0,0,0,NA
53189,Alexandro,37,2015,303,Ponte Preta,5,ata,12,-1.6,2.34,4.92,5.89,-0.97,11,6,0,0,0,1,0,2,0,2,6,0,1,0,0,0,0,0,0,NA
60825,Felipe Azevedo,37,2015,303,Ponte Preta,5,ata,31,0,2.33,6.76,6.76,0,0,0,0,0,0,0,0,0,0,0,0,0,0,0,0,0,0,0,0,NA
68827,Renato Chaves,37,2015,303,Ponte Preta,3,zag,29,0,3.89,8.02,8.02,0,0,5,0,0,0,1,0,0,0,0,1,0,0,0,0,0,0,0,0,NA
68872,Marcelo Lomba,37,2015,303,Ponte Preta,1,gol,37,0,5.5,20.32,20.32,0,0,0,0,0,0,0,0,0,0,0,0,0,0,0,0,1,0,1,0,NA
68951,Josimar,37,2015,303,Ponte Preta,4,mei,19,1.4,1.27,6.66,6.4,0.26,1,4,0,0,0,1,0,0,0,2,4,0,0,0,0,0,0,0,0,NA
69010,João Carlos,37,2015,303,Ponte Preta,1,gol,1,-2.3,-2.3,0.6599999999999999,0.83,-0.17,0,1,0,0,0,0,0,0,0,0,0,0,0,0,0,0,0,1,0,NA
69143,Diego Ivo,37,2015,303,Ponte Preta,3,zag,2,0,2.65,3.72,3.72,0,0,0,0,0,0,0,0,0,0,0,0,0,0,0,0,0,0,0,0,NA
71113,Felipe,37,2015,303,Ponte Preta,4,mei,11,0,1.86,7.710000000000001,8.47,-0.76,0,0,0,0,0,0,0,0,0,0,0,0,0,0,0,0,0,0,0,NA
71581,Léo Costa,37,2015,303,Ponte Preta,4,mei,2,0,0.3,0.88,0.88,0,0,0,0,0,0,0,0,0,0,0,0,0,0,0,0,0,0,0,0,NA
71719,Elton,37,2015,303,Ponte Preta,4,mei,20,0,2.27,4.46,4.46,0,0,7,0,0,0,0,0,0,0,1,5,0,0,1,0,0,0,0,0,NA
71778,Bady,37,2015,303,Ponte Preta,4,mei,13,0,1.25,3.94,3.94,0,0,0,0,0,0,0,0,0,0,0,0,0,0,0,0,0,0,0,0,NA
72039,Ferron,37,2015,303,Ponte Preta,3,zag,15,0,1.51,6.01,6.01,0,0,3,0,0,0,0,0,0,0,1,1,0,0,0,0,0,0,0,0,NA
72204,Diego Oliveira,37,2015,303,Ponte Preta,5,ata,31,0,1.91,10.6,10.6,0,2,2,0,0,0,2,0,1,0,1,2,0,0,0,0,0,0,0,0,NA
73992,Rodinei,37,2015,303,Ponte Preta,2,lat,35,0,4.2,21.44,21.44,0,3,4,0,0,0,0,0,0,0,2,3,0,0,0,0,0,0,0,0,NA
80381,Cesinha,37,2015,303,Ponte Preta,5,ata,17,0,0.66,2.69,2.69,0,0,0,0,0,0,0,0,0,0,0,0,0,0,0,0,0,0,0,0,NA
80394,Matheus Inácio,37,2015,303,Ponte Preta,1,gol,0,0,0,5,5,0,0,0,0,0,0,0,0,0,0,0,0,0,0,0,0,0,0,0,0,NA
80949,Biro Biro,37,2015,303,Ponte Preta,5,ata,29,0,4.64,13.6,13.6,0,0,0,0,0,0,0,0,0,0,0,0,0,0,0,0,0,0,0,0,NA
82381,Juninho,37,2015,303,Ponte Preta,4,mei,22,0,1.32,3.17,3.17,0,0,0,0,0,0,0,0,0,0,0,1,0,0,0,0,0,0,0,0,NA
82636,Jefferson Recife,37,2015,303,Ponte Preta,2,lat,1,0,2.4,3,3,0,0,0,0,0,0,0,0,0,0,0,0,0,0,0,0,0,0,0,0,NA
82680,Nathan Índio,37,2015,303,Ponte Preta,4,mei,0,0,0,2,2,0,0,0,0,0,0,0,0,0,0,0,0,0,0,0,0,0,0,0,0,NA
83817,Clayson,37,2015,303,Ponte Preta,4,mei,12,1.4,2.06,4.489999999999999,4.52,-0.03,4,6,0,0,1,1,0,1,0,3,7,0,0,0,0,0,0,0,0,NA
84917,Jeferson,37,2015,303,Ponte Preta,2,lat,4,-1.7,1.35,0.61,0.83,-0.22,0,4,0,0,0,0,0,0,0,0,1,0,0,0,0,0,0,0,0,NA
86148,Ian,37,2015,303,Ponte Preta,4,mei,0,0,0,2,2,0,0,0,0,0,0,0,0,0,0,0,0,0,0,0,0,0,0,0,0,NA
86485,Keno,37,2015,303,Ponte Preta,5,ata,12,2.4,0.84,1.9500000000000002,1.6,0.35,1,0,0,0,0,1,0,0,0,1,0,0,0,0,0,0,0,0,0,NA
86615,Malcoon,37,2015,303,Ponte Preta,2,lat,0,0,0,1,1,0,0,0,0,0,0,0,0,0,0,0,0,0,0,0,0,0,0,0,0,NA
86618,Vitor Xavier,37,2015,303,Ponte Preta,5,ata,2,0,0.55,1.16,1.16,0,0,0,0,0,0,0,0,0,0,0,0,0,0,0,0,0,0,0,0,NA
87214,Citta Júnior,37,2015,303,Ponte Preta,4,mei,0,0,0,2,2,0,0,0,0,0,0,0,0,0,0,0,0,0,0,0,0,0,0,0,0,NA
88136,Ivan,37,2015,303,Ponte Preta,1,gol,0,0,0,2,2,0,0,0,0,0,0,0,0,0,0,0,0,0,0,0,0,0,0,0,0,NA
88307,Marcos Serrato,37,2015,303,Ponte Preta,4,mei,1,-2.5,-2.5,0.3799999999999999,1.19,-0.81,1,4,0,0,0,0,0,0,0,1,3,0,1,0,0,0,0,0,0,NA
91702,Leandro,37,2015,303,Ponte Preta,5,ata,8,3.5,0.38,4.59,3.92,0.67,0,2,0,0,1,1,0,1,0,2,1,0,0,0,0,0,0,0,0,NA
91901,Kauê,37,2015,303,Ponte Preta,4,mei,0,0,0,1,1,0,0,0,0,0,0,0,0,0,0,0,0,0,0,0,0,0,0,0,0,NA
92085,Giovanny,37,2015,303,Ponte Preta,4,mei,0,0,0,1,1,0,0,0,0,0,0,0,0,0,0,0,0,0,0,0,0,0,0,0,0,NA
92193,Ravanelli,37,2015,303,Ponte Preta,5,ata,0,0,0,2,2,0,0,0,0,0,0,0,0,0,0,0,0,0,0,0,0,0,0,0,0,NA
92901,Felipe Moreira,37,2015,303,Ponte Preta,6,tec,9,-0.26,2.66,10.83,11.18,-0.35,0,0,0,0,0,0,0,0,0,0,0,0,0,0,0,0,0,0,0,NA
37899,Renan,37,2015,290,Goiás,1,gol,35,1,3.05,18.25,18.34,-0.09,0,1,0,0,0,0,0,0,0,0,0,0,0,0,0,2,0,2,0,NA
38074,Ygor,37,2015,290,Goiás,4,mei,12,0,-1.29,0.83,0.83,0,0,3,0,0,0,1,0,0,0,1,3,0,1,0,0,0,0,0,0,NA
38278,William Kozlowski,37,2015,290,Goiás,4,mei,11,-1.1,0.1,0.7999999999999999,0.83,-0.03,2,3,0,0,0,1,0,0,0,0,4,0,0,0,0,0,0,0,0,NA
38695,David,37,2015,290,Goiás,4,mei,26,-1.6,0.72,7.04,7,0.04,1,1,0,0,0,0,0,0,0,1,3,0,1,0,0,0,0,0,0,NA
38960,Zé Eduardo,37,2015,290,Goiás,5,ata,15,0,3.15,9.39,9.39,0,0,0,0,0,0,0,0,0,0,0,0,0,0,0,0,0,0,0,0,NA
50295,Felipe Menezes,37,2015,290,Goiás,4,mei,25,0,3.78,11.91,11.91,0,0,0,0,0,0,0,0,0,0,0,0,0,0,0,0,0,0,0,0,NA
63031,Valmir Lucas,37,2015,290,Goiás,3,zag,3,0,3.93,5.92,5.92,0,0,0,0,0,0,0,0,0,0,0,0,0,0,0,0,0,0,0,0,NA
70916,Diogo Goiano,37,2015,290,Goiás,2,lat,26,0,3.16,6.84,6.84,0,0,0,0,0,0,0,0,0,0,0,0,0,0,0,0,0,0,0,0,NA
70992,Juliano,37,2015,290,Goiás,4,mei,8,0,0.35,2.86,2.86,0,0,1,0,0,0,0,0,0,0,1,1,0,0,0,0,0,0,0,0,NA
71037,Clayton Sales,37,2015,290,Goiás,2,lat,7,0,1.8,3.17,3.17,0,0,0,0,0,0,0,0,0,0,0,0,0,0,0,0,0,0,0,0,NA
71121,Wesley,37,2015,290,Goiás,5,ata,12,0,0.88,1.4,1.4,0,0,0,0,0,0,0,0,0,0,0,0,0,0,0,0,0,0,0,0,NA
71381,Ruan,37,2015,290,Goiás,5,ata,7,1.4,0.65,5.300000000000001,5.19,0.11,0,1,0,0,0,0,0,0,0,1,0,0,0,0,0,0,0,0,0,NA
72490,Fred,37,2015,290,Goiás,3,zag,33,2.8,4.55,5.94,7.9,-1.96,0,7,0,0,2,0,2,0,0,1,0,0,0,0,0,0,0,0,0,NA
72724,Juba,37,2015,290,Goiás,5,ata,1,0,-0.6,2.98,2.98,0,0,0,0,0,0,0,0,0,0,0,0,0,0,0,0,0,0,0,0,NA
73889,Wallace,37,2015,290,Goiás,1,gol,0,0,0,1,1,0,0,0,0,0,0,0,0,0,0,0,0,0,0,0,0,0,0,0,0,NA
73890,Mário Sérgio,37,2015,290,Goiás,2,lat,0,0,0,3,3,0,0,0,0,0,0,0,0,0,0,0,0,0,0,0,0,0,0,0,0,NA
80036,Alex Alves,37,2015,290,Goiás,3,zag,17,0.2,1.92,7.890000000000001,7.91,-0.02,1,2,0,0,0,1,0,0,0,0,1,0,0,0,0,0,0,0,0,NA
82632,Lucas Coelho,37,2015,290,Goiás,5,ata,9,0,0.27,4.13,4.13,0,0,0,0,0,0,0,0,0,0,0,0,0,0,0,0,0,0,0,0,NA
82764,Rafael Forster,37,2015,290,Goiás,2,lat,18,1.8,2.64,5.930000000000001,6.61,-0.68,3,7,0,0,1,2,0,0,0,4,2,0,0,0,0,0,0,0,0,NA
83433,Patrick,37,2015,290,Goiás,4,mei,31,5.4,3.6,12.57,11.4,1.17,3,4,0,0,0,0,0,0,0,7,9,0,2,0,0,0,0,0,0,NA
84848,Erik,37,2015,290,Goiás,5,ata,26,0.2,4.59,10.850000000000001,12.14,-1.29,2,1,0,0,0,0,1,2,0,0,0,0,0,0,0,0,0,0,0,NA
84997,Paulo,37,2015,290,Goiás,5,ata,1,0,0,2.37,2.37,0,0,0,0,0,0,0,0,0,0,0,0,0,0,0,0,0,0,0,0,NA
85399,Felipe Macedo,37,2015,290,Goiás,3,zag,29,0,2.28,9.87,9.87,0,0,0,0,0,0,0,0,0,0,0,0,0,0,0,0,0,0,0,0,NA
86934,Túlio,37,2015,290,Goiás,4,mei,0,0,0,1,1,0,0,0,0,0,0,0,0,0,0,0,0,0,0,0,0,0,0,0,0,NA
86935,Rodrigo,37,2015,290,Goiás,4,mei,30,0,3.44,10.16,10.16,0,0,0,0,0,0,0,0,0,0,0,0,0,0,0,0,0,0,0,0,NA
86943,Liniker,37,2015,290,Goiás,4,mei,19,-1.6,2.8,3.4299999999999997,3.63,-0.2,7,6,0,0,0,2,0,0,0,0,3,0,2,0,0,0,0,0,0,NA
87482,Gimenez,37,2015,290,Goiás,2,lat,23,2.3,3.08,3.62,4.32,-0.7,4,3,0,0,0,0,0,0,0,5,1,0,0,0,0,0,0,0,0,NA
88147,Paulo Henrique,37,2015,290,Goiás,1,gol,3,0,0.27,1.11,1.11,0,0,0,0,0,0,0,0,0,0,0,0,0,0,0,0,0,0,0,0,NA
88917,Murilo Henrique,37,2015,290,Goiás,4,mei,18,0,1.2,5.54,5.54,0,0,0,0,0,0,0,0,0,0,0,0,0,0,0,0,0,0,0,0,NA
89606,Felipe Saturnino,37,2015,290,Goiás,2,lat,0,0,0,4,4,0,0,0,0,0,0,0,0,0,0,0,0,0,0,0,0,0,0,0,0,NA
89816,Baiano,37,2015,290,Goiás,3,zag,0,0,0,2,2,0,0,0,0,0,0,0,0,0,0,0,0,0,0,0,0,0,0,0,0,NA
90285,Bruno Henrique,37,2015,290,Goiás,5,ata,33,2,4.55,14.36,14.34,0.02,11,8,0,0,1,1,0,1,0,0,2,0,0,0,0,0,0,0,0,NA
90916,Everton,37,2015,290,Goiás,2,lat,9,0,1.61,5.69,5.69,0,0,0,0,0,0,0,0,0,0,0,0,0,0,0,0,0,0,0,0,NA
90917,Carlos,37,2015,290,Goiás,5,ata,16,2.7,2.47,3.9000000000000004,3.64,0.26,0,0,0,0,1,0,0,0,0,1,0,0,0,0,0,0,0,0,0,NA
91228,Arthur,37,2015,290,Goiás,4,mei,12,-3.1,-0.39,0.43999999999999995,1.18,-0.74,0,2,0,0,0,0,0,0,0,0,1,0,1,0,0,0,0,0,0,NA
91711,Péricles,37,2015,290,Goiás,4,mei,6,0,0.35,1.73,1.73,0,0,0,0,0,0,0,0,0,0,0,0,0,0,0,0,0,0,0,0,NA
91712,Matheus Alves,37,2015,290,Goiás,1,gol,0,0,0,1,1,0,0,0,0,0,0,0,0,0,0,0,0,0,0,0,0,0,0,0,0,NA
91772,Deivid Duarte,37,2015,290,Goiás,3,zag,2,0,0.35,1.65,1.65,0,0,0,0,0,0,1,0,0,0,0,0,0,0,0,0,0,0,0,0,NA
91947,Gelson,37,2015,290,Goiás,4,mei,1,0,-0.6,1.55,1.55,0,0,2,0,0,0,0,0,0,0,0,0,0,0,0,0,0,0,0,0,NA
93028,Danny Sergio,37,2015,290,Goiás,6,tec,7,1.13,2.38,9.41,9.82,-0.41,0,0,0,0,0,0,0,0,0,0,0,0,0,0,0,0,0,0,0,NA
