clube_id,clube,status_id,status,posicao_id,posicao,apelido,atleta_id,rodada_id,pontos_num,media_num,jogos_num,preco_num,variacao_num,preco_num_anterior,CA,FC,FS,G,PE,RB,FD,FF,I,DD,GS,SG,A,FT,DP,PP,CV,GC,ano
282,Atlético-MG,6,Nulo,2,lat,Patric,60969,3,0,0,0,5,0,5,NA,NA,NA,NA,NA,NA,NA,NA,NA,NA,NA,NA,NA,NA,NA,NA,NA,NA,2019
282,Atlético-MG,6,Nulo,5,ata,Papagaio,102302,3,0,0,1,1.45,-0.55,2,NA,NA,NA,NA,NA,NA,NA,NA,NA,NA,NA,NA,NA,NA,NA,NA,NA,NA,2019
284,Grêmio,7,Provável,3,zag,Kannemann,87342,3,3.7,2.05,2,14.12,-3.5,17.619999999999997,2,7,3,1,3,2,NA,NA,NA,NA,NA,NA,NA,NA,NA,NA,NA,NA,2019
262,Flamengo,6,Nulo,5,ata,Gabriel,83257,3,0,6.45,2,16.91,0,16.91,1,1,4,1,6,2,3,2,2,NA,NA,NA,NA,NA,NA,NA,NA,NA,2019
282,Atlético-MG,6,Nulo,4,mei,Terans,102878,3,0,0,0,5,0,5,NA,NA,NA,NA,NA,NA,NA,NA,NA,NA,NA,NA,NA,NA,NA,NA,NA,NA,2019
282,Atlético-MG,6,Nulo,2,lat,Hulk,102700,3,0,0,0,3,0,3,NA,NA,NA,NA,NA,NA,NA,NA,NA,NA,NA,NA,NA,NA,NA,NA,NA,NA,2019
262,Flamengo,6,Nulo,5,ata,Bruno Henrique,90285,3,-0.5,6.17,3,18.85,-1.92,20.770000000000003,1,3,3,2,2,NA,2,4,1,NA,NA,NA,NA,NA,NA,NA,NA,NA,2019
262,Flamengo,6,Nulo,2,lat,Renê,78445,3,0,-0.25,2,6.02,0,6.02,1,2,2,NA,5,2,NA,NA,NA,NA,NA,NA,NA,NA,NA,NA,NA,NA,2019
282,Atlético-MG,6,Nulo,5,ata,Alerrandro,101715,3,0,0,0,5,0,5,NA,NA,NA,NA,NA,NA,NA,NA,NA,NA,NA,NA,NA,NA,NA,NA,NA,NA,2019
262,Flamengo,5,Contundido,1,gol,Diego Alves,38509,3,0,0,0,5,0,5,NA,NA,NA,NA,NA,NA,NA,NA,NA,NA,NA,NA,NA,NA,NA,NA,NA,NA,2019
284,Grêmio,7,Provável,5,ata,Everton,86757,3,10.9,7.07,3,16.99,2.21,14.779999999999998,NA,NA,2,2,5,3,1,NA,NA,NA,NA,NA,NA,NA,NA,NA,NA,NA,2019
284,Grêmio,7,Provável,3,zag,Pedro Geromel,80853,3,0,4.3,2,11.61,0,11.61,1,1,2,NA,4,7,NA,1,NA,NA,NA,NA,NA,NA,NA,NA,NA,NA,2019
264,Corinthians,7,Provável,1,gol,Cássio,42234,3,0.7,0.4,3,3.9,-0.73,4.63,1,NA,1,NA,1,NA,NA,NA,NA,2,4,1,NA,NA,NA,NA,NA,NA,2019
282,Atlético-MG,7,Provável,2,lat,Guga,101319,3,16.7,7.83,3,9.89,4.64,5.250000000000001,NA,2,1,NA,11,8,NA,1,1,NA,NA,NA,3,NA,NA,NA,NA,NA,2019
282,Atlético-MG,6,Nulo,3,zag,Matheus Stockl,104088,3,0,0,0,1,0,1,NA,NA,NA,NA,NA,NA,NA,NA,NA,NA,NA,NA,NA,NA,NA,NA,NA,NA,2019
282,Atlético-MG,6,Nulo,3,zag,Martín Rea,103093,3,0,0,0,4,0,4,NA,NA,NA,NA,NA,NA,NA,NA,NA,NA,NA,NA,NA,NA,NA,NA,NA,NA,2019
282,Atlético-MG,7,Provável,4,mei,Elias,54395,3,-0.6,5.5,3,11.62,-2.21,13.829999999999998,NA,5,3,1,10,5,1,1,NA,NA,NA,NA,NA,1,NA,NA,NA,NA,2019
282,Atlético-MG,6,Nulo,5,ata,Felipe Sousa,101861,3,0,0,0,1,0,1,NA,NA,NA,NA,NA,NA,NA,NA,NA,NA,NA,NA,NA,NA,NA,NA,NA,NA,2019
264,Corinthians,7,Provável,2,lat,Fagner,42500,3,0,8.75,2,11.32,0,11.32,1,1,6,NA,4,8,1,NA,NA,NA,NA,1,NA,NA,NA,NA,NA,NA,2019
283,Cruzeiro,7,Provável,1,gol,Fábio,37656,3,1,6.33,3,11.59,-2.18,13.77,NA,NA,NA,NA,NA,NA,NA,NA,NA,5,4,1,NA,NA,1,NA,NA,NA,2019
282,Atlético-MG,6,Nulo,4,mei,Igor Reis,104408,3,0,0,0,1,0,1,NA,NA,NA,NA,NA,NA,NA,NA,NA,NA,NA,NA,NA,NA,NA,NA,NA,NA,2019
283,Cruzeiro,7,Provável,3,zag,Dedé,60819,3,8.7,6.57,3,15.63,0.68,14.950000000000001,NA,1,2,1,7,5,NA,1,NA,NA,NA,1,NA,NA,NA,NA,NA,NA,2019
282,Atlético-MG,6,Nulo,4,mei,Bruninho,101716,3,0,0,0,2,0,2,NA,NA,NA,NA,NA,NA,NA,NA,NA,NA,NA,NA,NA,NA,NA,NA,NA,NA,2019
285,Internacional,7,Provável,5,ata,Nico López,84709,3,3.2,4.5,2,16.88,-1.55,18.43,1,1,1,NA,2,2,2,4,NA,NA,NA,NA,NA,1,NA,NA,NA,NA,2019
282,Atlético-MG,6,Nulo,4,mei,Gabriel,104404,3,0,0,0,1,0,1,NA,NA,NA,NA,NA,NA,NA,NA,NA,NA,NA,NA,NA,NA,NA,NA,NA,NA,2019
285,Internacional,7,Provável,2,lat,Iago,97868,3,3.9,1.95,2,8.82,0.14,8.68,NA,1,1,NA,6,3,1,NA,NA,NA,NA,NA,NA,NA,NA,NA,NA,NA,2019
285,Internacional,7,Provável,3,zag,Rodrigo Moledo,63354,3,6,2.97,3,5.22,1.45,3.7699999999999996,NA,1,1,NA,2,5,1,1,NA,NA,NA,NA,NA,NA,NA,NA,NA,NA,2019
285,Internacional,7,Provável,3,zag,Víctor Cuesta,79113,3,5,4.85,2,12.72,-0.17,12.89,1,2,2,NA,1,8,NA,NA,NA,NA,NA,NA,NA,NA,NA,NA,NA,NA,2019
282,Atlético-MG,5,Contundido,4,mei,Cazares,81682,3,0,0,0,11,0,11,NA,NA,NA,NA,NA,NA,NA,NA,NA,NA,NA,NA,NA,NA,NA,NA,NA,NA,2019
282,Atlético-MG,7,Provável,3,zag,Réver,52253,3,1.8,1.65,2,11.14,-1.09,12.23,NA,NA,NA,NA,4,3,NA,NA,NA,NA,NA,NA,NA,NA,NA,NA,NA,NA,2019
282,Atlético-MG,7,Provável,1,gol,Victor,52950,3,3.7,1.7,3,5.75,0.34,5.41,NA,NA,NA,NA,3,NA,NA,NA,NA,4,3,NA,NA,NA,NA,NA,NA,NA,2019
265,Bahia,7,Provável,2,lat,Nino Paraíba,68808,3,7.4,3.93,3,12.66,0.96,11.7,2,4,4,NA,10,4,1,2,NA,NA,NA,1,1,NA,NA,NA,NA,NA,2019
283,Cruzeiro,7,Provável,4,mei,Rodriguinho,61033,3,6.8,4.4,2,6.22,1.36,4.859999999999999,1,2,2,1,3,2,1,NA,1,NA,NA,NA,NA,NA,NA,NA,NA,NA,2019
263,Botafogo,7,Provável,1,gol,Gatito Fernández,74061,3,8.5,0.1,3,5.46,2.57,2.89,1,NA,1,NA,4,NA,NA,NA,NA,2,4,1,NA,NA,NA,NA,NA,NA,2019
266,Fluminense,7,Provável,2,lat,Gilberto ,80313,3,2.7,0.4,3,6.46,0.09,6.37,NA,1,1,NA,10,2,1,NA,NA,NA,NA,NA,NA,NA,NA,NA,NA,NA,2019
282,Atlético-MG,6,Nulo,2,lat,Hélio Júnior,104622,3,0,0,0,1,0,1,NA,NA,NA,NA,NA,NA,NA,NA,NA,NA,NA,NA,NA,NA,NA,NA,NA,NA,2019
266,Fluminense,2,Dúvida,4,mei,Ganso,62977,3,0,0,0,11,0,11,NA,NA,NA,NA,NA,NA,NA,NA,NA,NA,NA,NA,NA,NA,NA,NA,NA,NA,2019
282,Atlético-MG,6,Nulo,5,ata,Raphael Lopes,105198,3,0,0,0,1,0,1,NA,NA,NA,NA,NA,NA,NA,NA,NA,NA,NA,NA,NA,NA,NA,NA,NA,NA,2019
277,Santos,7,Provável,1,gol,Vanderlei,62121,3,10.7,9.03,3,22.74,1.48,21.259999999999998,NA,NA,NA,NA,3,NA,NA,NA,NA,9,2,1,NA,NA,NA,NA,NA,NA,2019
277,Santos,2,Dúvida,4,mei,Jean Mota,78548,3,1.2,1.67,3,8.4,-0.63,9.030000000000001,NA,4,1,NA,4,3,2,1,NA,NA,NA,NA,NA,NA,NA,NA,NA,NA,2019
314,Avaí,5,Contundido,4,mei,Douglas,38738,3,0,0,0,8,0,8,NA,NA,NA,NA,NA,NA,NA,NA,NA,NA,NA,NA,NA,NA,NA,NA,NA,NA,2019
314,Avaí,7,Provável,3,zag,Marquinhos Silva,38515,3,0.7,3.53,3,7.48,-0.82,8.3,1,2,4,NA,7,7,NA,4,NA,NA,NA,NA,NA,NA,NA,NA,NA,NA,2019
276,São Paulo,6,Nulo,4,mei,Hernanes,38648,3,6.3,4.43,3,14.77,0.48,14.29,NA,NA,2,NA,1,NA,5,2,NA,NA,NA,NA,1,NA,NA,NA,NA,NA,2019
314,Avaí,7,Provável,3,zag,Betão,37646,3,5,0.57,3,2.56,1.52,1.04,2,3,3,NA,6,5,NA,NA,NA,NA,NA,NA,NA,NA,NA,NA,NA,NA,2019
276,São Paulo,7,Provável,2,lat,Reinaldo,78850,3,-1.1,2.5,3,9.97,-1.68,11.65,1,5,2,NA,5,5,NA,NA,NA,NA,NA,1,NA,NA,NA,NA,NA,NA,2019
267,Vasco,7,Provável,4,mei,Yago Pikachu,80196,3,3.2,2.2,3,9.11,-0.11,9.219999999999999,NA,1,5,NA,3,1,2,2,NA,NA,NA,NA,NA,NA,NA,NA,NA,NA,2019
276,São Paulo,5,Contundido,5,ata,Pablo,69138,3,0,0,0,17,0,17,NA,NA,NA,NA,NA,NA,NA,NA,NA,NA,NA,NA,NA,NA,NA,NA,NA,NA,2019
267,Vasco,6,Nulo,3,zag,Leandro Castan,38505,3,0,0,0,11,0,11,NA,NA,NA,NA,NA,NA,NA,NA,NA,NA,NA,NA,NA,NA,NA,NA,NA,NA,2019
314,Avaí,6,Nulo,4,mei,André Moritz,42208,3,0,2,2,4.56,0,4.56,NA,NA,2,NA,7,1,1,3,NA,NA,NA,NA,NA,NA,NA,NA,NA,NA,2019
282,Atlético-MG,7,Provável,2,lat,Fábio Santos,38229,3,2.8,3.67,3,11.32,-0.12,11.44,NA,2,4,1,6,2,NA,1,NA,NA,NA,NA,NA,NA,NA,NA,NA,NA,2019
282,Atlético-MG,7,Provável,5,ata,Ricardo Oliveira,38910,3,1.6,5.23,3,16.69,-1.35,18.040000000000003,NA,1,1,1,4,1,1,4,NA,NA,NA,NA,NA,1,NA,NA,NA,NA,2019
314,Avaí,7,Provável,1,gol,Vladimir,69040,3,16.5,3.5,3,4.94,4.22,0.7200000000000006,NA,NA,1,NA,NA,NA,NA,NA,NA,6,4,NA,NA,NA,NA,NA,NA,NA,2019
282,Atlético-MG,7,Provável,4,mei,Adilson,50307,3,0,4.9,1,7.56,0,7.56,NA,NA,2,NA,2,3,NA,NA,NA,NA,NA,NA,NA,NA,NA,NA,NA,NA,2019
282,Atlético-MG,6,Nulo,2,lat,Renan Guedes,104127,3,0,0,0,1,0,1,NA,NA,NA,NA,NA,NA,NA,NA,NA,NA,NA,NA,NA,NA,NA,NA,NA,NA,2019
314,Avaí,6,Nulo,1,gol,Glédson,73533,3,0,0,0,3,0,3,NA,NA,NA,NA,NA,NA,NA,NA,NA,NA,NA,NA,NA,NA,NA,NA,NA,NA,2019
314,Avaí,6,Nulo,4,mei,Julinho,73501,3,0,0,0,2,0,2,NA,NA,NA,NA,NA,NA,NA,NA,NA,NA,NA,NA,NA,NA,NA,NA,NA,NA,2019
314,Avaí,6,Nulo,5,ata,Jones Carioca,70161,3,0,1.15,2,3.04,0,3.04,NA,NA,NA,NA,NA,1,NA,1,NA,NA,NA,NA,NA,NA,NA,NA,NA,NA,2019
314,Avaí,7,Provável,5,ata,Daniel Amorim,82880,3,3.5,3.5,1,6.27,-0.73,7,NA,2,4,NA,1,NA,1,2,NA,NA,NA,NA,NA,NA,NA,NA,NA,NA,2019
314,Avaí,6,Nulo,4,mei,Matheus Barbosa,74069,3,0,3.3,2,4.51,0,4.51,NA,1,NA,NA,4,5,NA,1,NA,NA,NA,NA,NA,NA,NA,NA,NA,NA,2019
314,Avaí,7,Provável,2,lat,Igor Fernandes,82635,3,0,0,0,2,0,2,NA,NA,NA,NA,NA,NA,NA,NA,NA,NA,NA,NA,NA,NA,NA,NA,NA,NA,2019
265,Bahia,6,Nulo,3,zag,Jaques,104128,3,0,0,0,1,0,1,NA,NA,NA,NA,NA,NA,NA,NA,NA,NA,NA,NA,NA,NA,NA,NA,NA,NA,2019
314,Avaí,7,Provável,5,ata,Getúlio,90573,3,1.9,3.77,3,7.18,-0.41,7.59,NA,3,5,NA,3,4,2,1,2,NA,NA,NA,NA,1,NA,NA,NA,NA,2019
314,Avaí,5,Contundido,2,lat,Alex Silva,84861,3,0,1.7,1,4.35,0,4.35,1,2,3,NA,1,1,1,1,NA,NA,NA,NA,NA,NA,NA,NA,NA,NA,2019
314,Avaí,6,Nulo,1,gol,Lucas Frigeri,84854,3,0,0,0,5,0,5,NA,NA,NA,NA,NA,NA,NA,NA,NA,NA,NA,NA,NA,NA,NA,NA,NA,NA,2019
314,Avaí,7,Provável,4,mei,Pedro Castro,78840,3,0.5,0.8,3,2.46,-0.27,2.73,NA,6,5,NA,8,3,NA,1,NA,NA,NA,NA,NA,NA,NA,NA,NA,NA,2019
265,Bahia,7,Provável,4,mei,Ramires,103295,3,0.5,3.67,3,12.32,-1.22,13.540000000000001,NA,NA,2,NA,1,2,1,2,1,NA,NA,NA,1,NA,NA,NA,NA,NA,2019
314,Avaí,7,Provável,4,mei,João Paulo,86770,3,0.8,1.57,3,4.42,-0.35,4.77,NA,5,9,NA,11,4,NA,NA,NA,NA,NA,NA,NA,NA,NA,NA,NA,NA,2019
265,Bahia,6,Nulo,2,lat,Douglas Borel,104634,3,0,0,0,1,0,1,NA,NA,NA,NA,NA,NA,NA,NA,NA,NA,NA,NA,NA,NA,NA,NA,NA,NA,2019
314,Avaí,6,Nulo,4,mei,Gegê,82474,3,0,-0.3,1,1.87,0,1.87,NA,4,1,NA,1,1,NA,NA,NA,NA,NA,NA,NA,NA,NA,NA,NA,NA,2019
282,Atlético-MG,6,Nulo,4,mei,Neto,103706,3,0,0,0,1,0,1,NA,NA,NA,NA,NA,NA,NA,NA,NA,NA,NA,NA,NA,NA,NA,NA,NA,NA,2019
265,Bahia,6,Nulo,2,lat,Matheus Silva,101035,3,0,0,0,3,0,3,NA,NA,NA,NA,NA,NA,NA,NA,NA,NA,NA,NA,NA,NA,NA,NA,NA,NA,2019
265,Bahia,6,Nulo,1,gol,Fernando Castro,102609,3,0,0,0,2,0,2,NA,NA,NA,NA,NA,NA,NA,NA,NA,NA,NA,NA,NA,NA,NA,NA,NA,NA,2019
265,Bahia,6,Nulo,3,zag,Xandão,101626,3,0,0,0,2,0,2,NA,NA,NA,NA,NA,NA,NA,NA,NA,NA,NA,NA,NA,NA,NA,NA,NA,NA,2019
314,Avaí,6,Nulo,4,mei,Mosquera,86116,3,0,1,1,3.47,0,3.47,NA,NA,1,NA,1,NA,NA,1,NA,NA,NA,NA,NA,NA,NA,NA,NA,NA,2019
314,Avaí,6,Nulo,3,zag,Kunde,95476,3,0.1,-1,2,0.73,0.01,0.72,1,3,NA,NA,5,2,NA,NA,NA,NA,NA,NA,NA,NA,NA,NA,NA,NA,2019
265,Bahia,6,Nulo,5,ata,Caíque,104591,3,0,0,0,2,0,2,NA,NA,NA,NA,NA,NA,NA,NA,NA,NA,NA,NA,NA,NA,NA,NA,NA,NA,2019
263,Botafogo,6,Nulo,1,gol,Diego Cavalieri,38431,3,0,0,0,6,0,6,NA,NA,NA,NA,NA,NA,NA,NA,NA,NA,NA,NA,NA,NA,NA,NA,NA,NA,2019
265,Bahia,6,Nulo,3,zag,Ignácio,103523,3,0,0,0,2,0,2,NA,NA,NA,NA,NA,NA,NA,NA,NA,NA,NA,NA,NA,NA,NA,NA,NA,NA,2019
314,Avaí,6,Nulo,5,ata,Gabriel Lima,98400,3,0,0,0,3,0,3,NA,NA,NA,NA,NA,NA,NA,NA,NA,NA,NA,NA,NA,NA,NA,NA,NA,NA,2019
354,Ceará,6,Nulo,5,ata,Romário Rodrigues,79336,3,0,0,0,2,0,2,NA,NA,NA,NA,NA,NA,NA,NA,NA,NA,NA,NA,NA,NA,NA,NA,NA,NA,2019
314,Avaí,7,Provável,2,lat,Iury,101846,3,-2.9,2.15,2,5.55,-1.53,7.08,1,3,2,NA,9,3,NA,NA,NA,NA,NA,NA,1,NA,NA,NA,NA,NA,2019
314,Avaí,6,Nulo,3,zag,Ricardo,101491,3,0,0,0,4,0,4,NA,NA,NA,NA,NA,NA,NA,NA,NA,NA,NA,NA,NA,NA,NA,NA,NA,NA,2019
263,Botafogo,7,Provável,4,mei,Cícero,37688,3,4.9,8.63,3,13.54,-0.66,14.2,NA,NA,11,1,7,5,1,1,NA,NA,NA,NA,1,NA,NA,NA,NA,NA,2019
263,Botafogo,6,Nulo,4,mei,Luiz Fernando ,90715,3,0,0.35,2,4.17,0,4.17,NA,NA,2,NA,1,NA,NA,NA,NA,NA,NA,NA,NA,NA,NA,NA,NA,NA,2019
263,Botafogo,6,Nulo,4,mei,Jean,89150,3,0,0,0,5,0,5,NA,NA,NA,NA,NA,NA,NA,NA,NA,NA,NA,NA,NA,NA,NA,NA,NA,NA,2019
314,Avaí,6,Nulo,1,gol,Cláudio Vitor,98888,3,0,0,0,1,0,1,NA,NA,NA,NA,NA,NA,NA,NA,NA,NA,NA,NA,NA,NA,NA,NA,NA,NA,2019
314,Avaí,6,Nulo,5,ata,Caio Paulista,102318,3,0,0,0,2,0,2,NA,NA,NA,NA,NA,NA,NA,NA,NA,NA,NA,NA,NA,NA,NA,NA,NA,NA,2019
314,Avaí,6,Nulo,4,mei,Marcinho,102380,3,0,0,0,1,0,1,NA,NA,NA,NA,NA,NA,NA,NA,NA,NA,NA,NA,NA,NA,NA,NA,NA,NA,2019
263,Botafogo,6,Nulo,2,lat,Gilson,52674,3,7.2,1.75,2,5.52,2.06,3.4599999999999995,1,2,3,NA,5,1,NA,NA,NA,NA,NA,1,NA,NA,NA,NA,NA,NA,2019
314,Avaí,6,Nulo,3,zag,Maurício,96464,3,0,0,0,3,0,3,NA,NA,NA,NA,NA,NA,NA,NA,NA,NA,NA,NA,NA,NA,NA,NA,NA,NA,2019
314,Avaí,6,Nulo,1,gol,Léo Lopes,96965,3,0,0,0,1,0,1,NA,NA,NA,NA,NA,NA,NA,NA,NA,NA,NA,NA,NA,NA,NA,NA,NA,NA,2019
263,Botafogo,6,Nulo,4,mei,Leonardo Valencia,91508,3,0,0.65,2,5.76,0,5.76,NA,NA,NA,NA,1,NA,NA,2,NA,NA,NA,NA,NA,NA,NA,NA,NA,NA,2019
314,Avaí,6,Nulo,5,ata,Lourenço,99032,3,0,0,0,2,0,2,NA,NA,NA,NA,NA,NA,NA,NA,NA,NA,NA,NA,NA,NA,NA,NA,NA,NA,2019
314,Avaí,6,Nulo,4,mei,Falcão,104104,3,0,0,0,2,0,2,NA,NA,NA,NA,NA,NA,NA,NA,NA,NA,NA,NA,NA,NA,NA,NA,NA,NA,2019
263,Botafogo,6,Nulo,4,mei,Gustavo Ferrareis,89815,3,0,0.2,1,3.61,0,3.61,NA,NA,1,NA,1,NA,NA,NA,NA,NA,NA,NA,NA,NA,NA,NA,NA,NA,2019
354,Ceará,7,Provável,4,mei,Fabinho,80393,3,1.5,2.2,3,5.95,-0.16,6.11,NA,3,NA,NA,3,6,NA,NA,NA,NA,NA,NA,NA,NA,NA,NA,NA,NA,2019
314,Avaí,6,Nulo,3,zag,Nuno,104326,3,0,0,0,2,0,2,NA,NA,NA,NA,NA,NA,NA,NA,NA,NA,NA,NA,NA,NA,NA,NA,NA,NA,2019
263,Botafogo,7,Provável,3,zag,Joel Carli,93414,3,6,3.57,3,8.12,1.06,7.059999999999999,1,1,2,NA,11,7,NA,NA,NA,NA,NA,1,NA,NA,NA,NA,NA,NA,2019
263,Botafogo,6,Nulo,2,lat,Marcinho,93797,3,5,2.2,3,6.08,1.23,4.85,NA,2,NA,NA,4,2,NA,1,NA,NA,NA,1,NA,NA,NA,NA,NA,NA,2019
356,Fortaleza,6,Nulo,5,ata,Kieza,68930,3,0,1.5,2,4.6,0,4.6,NA,1,3,NA,NA,NA,1,1,NA,NA,NA,NA,NA,NA,NA,NA,NA,NA,2019
263,Botafogo,7,Provável,4,mei,João Paulo,72168,3,3.1,5.47,3,9.5,-0.58,10.08,1,3,5,1,12,6,2,2,NA,NA,NA,NA,NA,NA,NA,NA,NA,NA,2019
263,Botafogo,6,Nulo,4,mei,Alan Santos,70132,3,0,0,0,4,0,4,NA,NA,NA,NA,NA,NA,NA,NA,NA,NA,NA,NA,NA,NA,NA,NA,NA,NA,2019
314,Avaí,6,Nulo,4,mei,Dudu,104327,3,0,0,0,1,0,1,NA,NA,NA,NA,NA,NA,NA,NA,NA,NA,NA,NA,NA,NA,NA,NA,NA,NA,2019
314,Avaí,6,Nulo,1,gol,Rodrigo,104328,3,0,0,0,1,0,1,NA,NA,NA,NA,NA,NA,NA,NA,NA,NA,NA,NA,NA,NA,NA,NA,NA,NA,2019
314,Avaí,7,Provável,6,tec,Geninho,36886,3,2.85,2.43,3,5.03,0.37,4.66,NA,NA,NA,NA,NA,NA,NA,NA,NA,NA,NA,NA,NA,NA,NA,NA,NA,NA,2019
263,Botafogo,6,Nulo,3,zag,Marcelo Benevenuto,95638,3,0,0,0,6,0,6,NA,NA,NA,NA,NA,NA,NA,NA,NA,NA,NA,NA,NA,NA,NA,NA,NA,NA,2019
263,Botafogo,7,Provável,4,mei,Gustavo Bochecha,95798,3,0.2,2.53,3,7.3,-0.64,7.9399999999999995,NA,3,5,NA,8,6,NA,NA,NA,NA,NA,NA,NA,NA,NA,NA,NA,NA,2019
314,Avaí,6,Nulo,4,mei,Wesley,99462,3,0,0,0,2,0,2,NA,NA,NA,NA,NA,NA,NA,NA,NA,NA,NA,NA,NA,NA,NA,NA,NA,NA,2019
263,Botafogo,6,Nulo,4,mei,Alex Santana,85465,3,9.7,4.7,2,9.43,2.33,7.1,NA,1,2,1,2,1,NA,NA,NA,NA,NA,NA,NA,NA,NA,NA,NA,NA,2019
314,Avaí,6,Nulo,5,ata,Brizuela,104819,3,0.5,3.3,3,7.33,-0.65,7.98,NA,2,2,1,2,2,NA,NA,1,NA,NA,NA,NA,NA,NA,NA,NA,NA,2019
314,Avaí,6,Nulo,1,gol,João Vitor,104329,3,0,0,0,1,0,1,NA,NA,NA,NA,NA,NA,NA,NA,NA,NA,NA,NA,NA,NA,NA,NA,NA,NA,2019
263,Botafogo,6,Nulo,1,gol,Diego,99430,3,0,0,0,1,0,1,NA,NA,NA,NA,NA,NA,NA,NA,NA,NA,NA,NA,NA,NA,NA,NA,NA,NA,2019
263,Botafogo,7,Provável,3,zag,Gabriel,87393,3,12.2,5.07,3,8.57,3.43,5.140000000000001,NA,NA,3,NA,6,7,NA,NA,NA,NA,NA,1,NA,NA,NA,NA,NA,NA,2019
293,Athlético-PR,2,Dúvida,3,zag,Paulo André,37604,3,-3.3,-3.3,1,3.24,-2.76,6,1,2,NA,NA,1,NA,NA,NA,NA,NA,NA,NA,NA,NA,NA,NA,NA,NA,2019
293,Athlético-PR,7,Provável,4,mei,Wellington,62129,3,1.6,-0.3,3,1.6,0.39,1.21,NA,3,NA,NA,8,2,NA,NA,NA,NA,NA,NA,NA,NA,NA,NA,NA,NA,2019
263,Botafogo,7,Provável,2,lat,Fernando,99550,3,7.2,7.2,1,3.16,2.16,1,NA,3,2,NA,1,2,NA,NA,NA,NA,NA,1,NA,NA,NA,NA,NA,NA,2019
314,Avaí,7,Provável,4,mei,Luan Pereira,99900,3,0,0.85,2,2.47,-0.44,2.91,1,2,1,NA,1,3,NA,NA,NA,NA,NA,NA,NA,NA,NA,NA,NA,NA,2019
263,Botafogo,7,Provável,5,ata,Rodrigo Pimpão,68901,3,0.5,0.3,3,1.87,-0.24,2.1100000000000003,2,6,NA,NA,7,1,2,2,1,NA,NA,NA,1,NA,NA,NA,NA,NA,2019
293,Athlético-PR,5,Contundido,4,mei,Camacho,68770,3,0,1.2,1,4.3,0,4.3,NA,1,1,NA,1,1,NA,NA,NA,NA,NA,NA,NA,NA,NA,NA,NA,NA,2019
354,Ceará,6,Nulo,5,ata,Bergson,68696,3,0.8,1.6,3,4.89,-0.43,5.319999999999999,NA,1,NA,NA,1,NA,4,1,NA,NA,NA,NA,NA,NA,NA,NA,NA,NA,2019
314,Avaí,6,Nulo,3,zag,Gustavo,101316,3,0,0,0,3,0,3,NA,NA,NA,NA,NA,NA,NA,NA,NA,NA,NA,NA,NA,NA,NA,NA,NA,NA,2019
265,Bahia,6,Nulo,4,mei,Felipinho,94981,3,0,0,0,2,0,2,NA,NA,NA,NA,NA,NA,NA,NA,NA,NA,NA,NA,NA,NA,NA,NA,NA,NA,2019
263,Botafogo,6,Nulo,3,zag,Helerson,101073,3,0,0,0,2,0,2,NA,NA,NA,NA,NA,NA,NA,NA,NA,NA,NA,NA,NA,NA,NA,NA,NA,NA,2019
263,Botafogo,6,Nulo,2,lat,Lucas Barros,104650,3,0,0,0,1,0,1,NA,NA,NA,NA,NA,NA,NA,NA,NA,NA,NA,NA,NA,NA,NA,NA,NA,NA,2019
293,Athlético-PR,7,Provável,2,lat,Jonathan,37662,3,0,0.8,2,4.71,0,4.71,1,3,NA,NA,2,3,1,NA,NA,NA,NA,NA,NA,NA,NA,NA,NA,NA,2019
263,Botafogo,6,Nulo,5,ata,Igor Cássio,99661,3,0,0,0,2,0,2,NA,NA,NA,NA,NA,NA,NA,NA,NA,NA,NA,NA,NA,NA,NA,NA,NA,NA,2019
263,Botafogo,6,Nulo,4,mei,Rickson,100002,3,0,0,0,2,0,2,NA,NA,NA,NA,NA,NA,NA,NA,NA,NA,NA,NA,NA,NA,NA,NA,NA,NA,2019
263,Botafogo,6,Nulo,4,mei,Wenderson,99474,3,0,2.9,1,3.4,0,3.4,NA,NA,4,NA,2,1,NA,NA,NA,NA,NA,NA,NA,NA,NA,NA,NA,NA,2019
263,Botafogo,6,Nulo,1,gol,Andrew,103183,3,0,0,0,2,0,2,NA,NA,NA,NA,NA,NA,NA,NA,NA,NA,NA,NA,NA,NA,NA,NA,NA,NA,2019
263,Botafogo,6,Nulo,5,ata,Rhuan,102958,3,0,0,0,1,0,1,NA,NA,NA,NA,NA,NA,NA,NA,NA,NA,NA,NA,NA,NA,NA,NA,NA,NA,2019
293,Athlético-PR,6,Nulo,5,ata,Marcelo Cirino,69022,3,4.3,1.73,3,5.4,0.85,4.550000000000001,NA,1,5,NA,3,1,1,3,2,NA,NA,NA,NA,NA,NA,NA,NA,NA,2019
263,Botafogo,7,Provável,2,lat,Jonathan,102597,3,0,-2.5,1,1.04,0,1.04,1,1,NA,NA,NA,NA,NA,NA,NA,NA,NA,NA,NA,NA,NA,NA,NA,NA,2019
293,Athlético-PR,6,Nulo,2,lat,Márcio Azevedo,42491,3,8.4,4.2,2,5.36,1.89,3.4700000000000006,NA,2,1,NA,2,3,NA,NA,NA,NA,NA,NA,1,NA,NA,NA,NA,NA,2019
263,Botafogo,6,Nulo,1,gol,André,104080,3,0,0,0,1,0,1,NA,NA,NA,NA,NA,NA,NA,NA,NA,NA,NA,NA,NA,NA,NA,NA,NA,NA,2019
293,Athlético-PR,7,Provável,1,gol,Santos,69012,3,3.7,1.2,3,5.03,0.74,4.29,NA,NA,1,NA,3,NA,NA,NA,NA,4,4,NA,NA,NA,NA,NA,NA,NA,2019
263,Botafogo,6,Nulo,4,mei,Alessandro,104081,3,0,0,0,1,0,1,NA,NA,NA,NA,NA,NA,NA,NA,NA,NA,NA,NA,NA,NA,NA,NA,NA,NA,2019
265,Bahia,6,Nulo,1,gol,Anderson,38001,3,0,-1,1,2.08,0,2.08,NA,NA,NA,NA,NA,NA,NA,NA,NA,1,2,NA,NA,NA,NA,NA,NA,NA,2019
263,Botafogo,6,Nulo,1,gol,Lucas Alves,104651,3,0,0,0,1,0,1,NA,NA,NA,NA,NA,NA,NA,NA,NA,NA,NA,NA,NA,NA,NA,NA,NA,NA,2019
341,CSA,6,Nulo,4,mei,Nilton,38573,3,0,1.3,1,5.06,0,5.06,NA,NA,1,NA,NA,NA,NA,1,NA,NA,NA,NA,NA,NA,NA,NA,NA,NA,2019
266,Fluminense,2,Dúvida,4,mei,Guilherme,50294,3,-3.9,-3.9,1,3.76,-3.24,7,1,2,NA,NA,3,NA,NA,NA,NA,NA,NA,NA,NA,NA,NA,NA,NA,NA,2019
265,Bahia,7,Provável,3,zag,Ernando,49651,3,6,6,3,9.93,0.79,9.14,NA,1,2,1,NA,3,NA,NA,NA,NA,NA,1,NA,NA,NA,NA,NA,NA,2019
293,Athlético-PR,7,Provável,4,mei,Nikão,69705,3,0,8.2,3,19.71,-2.2,21.91,NA,3,4,1,NA,5,1,3,NA,NA,NA,NA,1,NA,NA,NA,NA,NA,2019
263,Botafogo,6,Nulo,3,zag,Glauber,104610,3,0,0,0,2,0,2,NA,NA,NA,NA,NA,NA,NA,NA,NA,NA,NA,NA,NA,NA,NA,NA,NA,NA,2019
354,Ceará,6,Nulo,1,gol,Fernando Henrique,37717,3,0,0,0,4,0,4,NA,NA,NA,NA,NA,NA,NA,NA,NA,NA,NA,NA,NA,NA,NA,NA,NA,NA,2019
314,Avaí,6,Nulo,4,mei,Julian,104333,3,0,0,0,2,0,2,NA,NA,NA,NA,NA,NA,NA,NA,NA,NA,NA,NA,NA,NA,NA,NA,NA,NA,2019
265,Bahia,2,Dúvida,5,ata,Fernandão,62033,3,0,1.35,2,6.12,0,6.12,NA,1,1,NA,1,1,1,1,1,NA,NA,NA,NA,NA,NA,NA,NA,NA,2019
354,Ceará,7,Provável,4,mei,Edinho,37792,3,-0.8,-0.8,1,2.63,-1.37,4,NA,NA,2,NA,6,NA,NA,NA,NA,NA,NA,NA,NA,NA,NA,NA,NA,NA,2019
354,Ceará,6,Nulo,5,ata,Roger,38287,3,0,3,1,5.64,0,5.64,NA,NA,NA,NA,NA,NA,NA,NA,NA,NA,NA,NA,NA,1,NA,NA,NA,NA,2019
265,Bahia,2,Dúvida,5,ata,Gilberto,61188,3,2.6,4.3,3,13.27,-0.66,13.93,NA,4,1,NA,4,2,3,5,NA,NA,NA,NA,1,NA,NA,NA,NA,NA,2019
354,Ceará,7,Provável,6,tec,Enderson Moreira,62137,3,1.58,4.01,3,10.17,-0.53,10.7,NA,NA,NA,NA,NA,NA,NA,NA,NA,NA,NA,NA,NA,NA,NA,NA,NA,NA,2019
265,Bahia,2,Dúvida,5,ata,Rogério,73540,3,0.1,3.63,3,9.8,-1.15,10.950000000000001,NA,6,4,1,5,1,3,1,1,NA,NA,NA,NA,NA,NA,NA,NA,NA,2019
354,Ceará,7,Provável,2,lat,Thiago Carleto,51700,3,1,2.1,3,7.73,-0.52,8.25,NA,3,1,NA,9,2,1,1,NA,NA,NA,1,NA,NA,NA,NA,NA,NA,2019
265,Bahia,6,Nulo,4,mei,Elton,71719,3,0.5,2.2,3,5.26,-0.72,5.9799999999999995,NA,10,NA,NA,4,8,NA,1,NA,NA,NA,NA,NA,NA,NA,NA,NA,NA,2019
354,Ceará,6,Nulo,4,mei,Pedro Ken,50877,3,1,1,1,3.24,-0.76,4,NA,NA,2,NA,NA,NA,NA,NA,NA,NA,NA,NA,NA,NA,NA,NA,NA,NA,2019
265,Bahia,6,Nulo,4,mei,Élber,74140,3,0,0,0,6,0,6,NA,NA,NA,NA,NA,NA,NA,NA,NA,NA,NA,NA,NA,NA,NA,NA,NA,NA,2019
354,Ceará,7,Provável,5,ata,Ricardo Bueno,69141,3,9.6,9.13,3,19.89,2.05,17.84,NA,7,1,3,3,2,2,3,3,NA,NA,NA,1,NA,NA,1,NA,NA,2019
265,Bahia,7,Provável,3,zag,Lucas Fonseca,80189,3,5.3,1.47,3,4.4,1.38,3.0200000000000005,NA,1,1,NA,6,NA,1,NA,NA,NA,NA,1,NA,NA,NA,NA,NA,NA,2019
354,Ceará,5,Contundido,4,mei,Wescley,70925,3,0,0,0,5,0,5,NA,NA,NA,NA,NA,NA,NA,NA,NA,NA,NA,NA,NA,NA,NA,NA,NA,NA,2019
265,Bahia,7,Provável,1,gol,Douglas Friedrich,78584,3,8,2.5,2,7.28,2.07,5.210000000000001,NA,NA,NA,NA,NA,NA,NA,NA,NA,2,3,1,NA,NA,NA,NA,NA,NA,2019
263,Botafogo,7,Provável,5,ata,Erik,84848,3,8.6,7.83,3,13.03,0.93,12.1,NA,3,8,1,8,4,3,1,NA,NA,NA,NA,1,NA,NA,NA,NA,NA,2019
265,Bahia,6,Nulo,3,zag,Jackson,70934,3,0,0,0,6,0,6,NA,NA,NA,NA,NA,NA,NA,NA,NA,NA,NA,NA,NA,NA,NA,NA,NA,NA,2019
354,Ceará,5,Contundido,4,mei,Felipe Baxola,71113,3,0,0,0,6,0,6,NA,NA,NA,NA,NA,NA,NA,NA,NA,NA,NA,NA,NA,NA,NA,NA,NA,NA,2019
354,Ceará,5,Contundido,4,mei,Juninho Quixadá,71787,3,0,0,0,5,0,5,NA,NA,NA,NA,NA,NA,NA,NA,NA,NA,NA,NA,NA,NA,NA,NA,NA,NA,2019
265,Bahia,6,Nulo,5,ata,Clayton,81770,3,0,0,0,5,0,5,NA,NA,NA,NA,NA,NA,NA,NA,NA,NA,NA,NA,NA,NA,NA,NA,NA,NA,2019
354,Ceará,7,Provável,3,zag,Tiago Alves,51495,3,2,2.97,3,6.82,-0.04,6.86,NA,2,1,NA,3,3,NA,1,NA,NA,NA,1,NA,NA,NA,NA,NA,NA,2019
265,Bahia,6,Nulo,4,mei,Yuri,83263,3,0,0,0,1,0,1,NA,NA,NA,NA,NA,NA,NA,NA,NA,NA,NA,NA,NA,NA,NA,NA,NA,NA,2019
265,Bahia,6,Nulo,4,mei,Flávio,91102,3,0,0,0,3,0,3,NA,NA,NA,NA,NA,NA,NA,NA,NA,NA,NA,NA,NA,NA,NA,NA,NA,NA,2019
265,Bahia,2,Dúvida,5,ata,Arthur Caíke,80337,3,0.4,5.33,3,11.64,-1.54,13.18,NA,4,NA,2,5,NA,2,2,1,NA,NA,NA,NA,NA,NA,NA,NA,NA,2019
356,Fortaleza,7,Provável,4,mei,Juninho,71937,3,-0.3,-0.3,1,4.25,-1.75,6,1,3,1,NA,1,2,NA,NA,NA,NA,NA,NA,NA,NA,NA,NA,NA,NA,2019
265,Bahia,6,Nulo,3,zag,Everson,91929,3,0,0,0,3,0,3,NA,NA,NA,NA,NA,NA,NA,NA,NA,NA,NA,NA,NA,NA,NA,NA,NA,NA,2019
265,Bahia,2,Dúvida,2,lat,Moisés,90444,3,0,7.7,2,13.63,0,13.63,NA,3,NA,NA,2,7,1,1,NA,NA,NA,NA,1,NA,NA,NA,NA,NA,2019
354,Ceará,7,Provável,3,zag,Luiz Otávio,72359,3,0.9,4.33,3,11.17,-0.95,12.12,NA,2,2,NA,5,3,NA,NA,NA,NA,NA,1,1,NA,NA,NA,NA,NA,2019
265,Bahia,6,Nulo,5,ata,Fernandinho,91130,3,0,0,0,2,0,2,NA,NA,NA,NA,NA,NA,NA,NA,NA,NA,NA,NA,NA,NA,NA,NA,NA,NA,2019
354,Ceará,7,Provável,2,lat,Samuel Xavier,73384,3,4.7,5.83,3,13.02,0.2,12.82,NA,1,3,NA,6,2,NA,1,1,NA,NA,1,2,NA,NA,NA,NA,NA,2019
354,Ceará,7,Provável,1,gol,Diogo Silva,71882,3,-1,3.57,3,8.12,-1.32,9.44,NA,NA,NA,NA,1,NA,NA,NA,NA,4,3,1,NA,NA,NA,NA,NA,NA,2019
265,Bahia,2,Dúvida,2,lat,Paulinho,91626,3,5.5,5.5,1,4.77,0.77,3.9999999999999996,NA,2,NA,NA,NA,1,NA,NA,NA,NA,NA,1,NA,NA,NA,NA,NA,NA,2019
354,Ceará,7,Provável,4,mei,Ricardinho,78577,3,-0.2,-0.07,3,2.65,-0.47,3.12,NA,3,1,NA,4,NA,1,1,NA,NA,NA,NA,NA,NA,NA,NA,NA,NA,2019
354,Ceará,6,Nulo,3,zag,Eduardo Brock,78654,3,0,0,0,4,0,4,NA,NA,NA,NA,NA,NA,NA,NA,NA,NA,NA,NA,NA,NA,NA,NA,NA,NA,2019
354,Ceará,7,Provável,4,mei,Auremir,77570,3,0,2.1,2,4.43,0,4.43,NA,5,2,NA,6,5,NA,NA,NA,NA,NA,NA,NA,NA,NA,NA,NA,NA,2019
354,Ceará,6,Nulo,1,gol,Richard,78851,3,0,0,0,6,0,6,NA,NA,NA,NA,NA,NA,NA,NA,NA,NA,NA,NA,NA,NA,NA,NA,NA,NA,2019
265,Bahia,6,Nulo,5,ata,Iago,90894,3,0,0,0,2,0,2,NA,NA,NA,NA,NA,NA,NA,NA,NA,NA,NA,NA,NA,NA,NA,NA,NA,NA,2019
265,Bahia,7,Provável,4,mei,Douglas,92497,3,2.2,2.2,1,5.1,-0.9,6,NA,6,4,NA,1,1,1,1,NA,NA,NA,NA,NA,NA,NA,NA,NA,NA,2019
354,Ceará,6,Nulo,5,ata,Alex Amado,78475,3,0,0,0,2,0,2,NA,NA,NA,NA,NA,NA,NA,NA,NA,NA,NA,NA,NA,NA,NA,NA,NA,NA,2019
265,Bahia,6,Nulo,4,mei,Fernando Medeiros,92841,3,0,0,0,2,0,2,NA,NA,NA,NA,NA,NA,NA,NA,NA,NA,NA,NA,NA,NA,NA,NA,NA,NA,2019
265,Bahia,6,Nulo,4,mei,Marco Antônio,94975,3,0,0,0,3,0,3,NA,NA,NA,NA,NA,NA,NA,NA,NA,NA,NA,NA,NA,NA,NA,NA,NA,NA,2019
290,Goiás,6,Nulo,3,zag,Alan,105395,3,0,0,0,1,0,1,NA,NA,NA,NA,NA,NA,NA,NA,NA,NA,NA,NA,NA,NA,NA,NA,NA,NA,2019
265,Bahia,6,Nulo,4,mei,Luís Fernando,94971,3,0,0,0,1,0,1,NA,NA,NA,NA,NA,NA,NA,NA,NA,NA,NA,NA,NA,NA,NA,NA,NA,NA,2019
354,Ceará,6,Nulo,5,ata,Vitor Feijão,93005,3,0,0,0,3,0,3,NA,NA,NA,NA,NA,NA,NA,NA,NA,NA,NA,NA,NA,NA,NA,NA,NA,NA,2019
265,Bahia,6,Nulo,5,ata,Geovane Itinga,94980,3,0,0,0,2,0,2,NA,NA,NA,NA,NA,NA,NA,NA,NA,NA,NA,NA,NA,NA,NA,NA,NA,NA,2019
284,Grêmio,6,Nulo,5,ata,Pepê,91201,3,0,0,0,5,0,5,NA,NA,NA,NA,NA,NA,NA,NA,NA,NA,NA,NA,NA,NA,NA,NA,NA,NA,2019
284,Grêmio,7,Provável,2,lat,Juninho Capixaba,94968,3,0,6.9,1,6.61,0,6.61,NA,3,6,NA,2,4,NA,NA,NA,NA,NA,NA,NA,NA,NA,NA,NA,NA,2019
285,Internacional,6,Nulo,1,gol,Danilo Fernandes,69051,3,0,0,0,7,0,7,NA,NA,NA,NA,NA,NA,NA,NA,NA,NA,NA,NA,NA,NA,NA,NA,NA,NA,2019
284,Grêmio,6,Nulo,5,ata,Felipe Vizeu,94138,3,0,-0.1,3,2.38,-0.39,2.77,NA,2,1,NA,2,NA,NA,1,NA,NA,NA,NA,NA,NA,NA,NA,NA,NA,2019
284,Grêmio,6,Nulo,3,zag,Rodrigues,91251,3,0,0,0,2,0,2,NA,NA,NA,NA,NA,NA,NA,NA,NA,NA,NA,NA,NA,NA,NA,NA,NA,NA,2019
284,Grêmio,6,Nulo,2,lat,Guilherme Guedes,100741,3,0,0,0,3,0,3,NA,NA,NA,NA,NA,NA,NA,NA,NA,NA,NA,NA,NA,NA,NA,NA,NA,NA,2019
284,Grêmio,6,Nulo,3,zag,Antonini,103069,3,0,0,0,1,0,1,NA,NA,NA,NA,NA,NA,NA,NA,NA,NA,NA,NA,NA,NA,NA,NA,NA,NA,2019
284,Grêmio,7,Provável,4,mei,Matheus Henrique,100742,3,-2.9,0.43,3,3.47,-1.62,5.09,2,3,6,NA,10,4,NA,1,NA,NA,NA,NA,NA,NA,NA,NA,NA,NA,2019
284,Grêmio,6,Nulo,4,mei,Jean Pyerre,98832,3,8.9,6.8,2,9.31,1.89,7.420000000000001,NA,1,1,1,3,3,1,1,NA,NA,NA,NA,NA,NA,NA,NA,NA,NA,2019
284,Grêmio,6,Nulo,1,gol,Brenno,100830,3,0,0,0,2,0,2,NA,NA,NA,NA,NA,NA,NA,NA,NA,NA,NA,NA,NA,NA,NA,NA,NA,NA,2019
284,Grêmio,6,Nulo,5,ata,Vico,95622,3,0,0,0,1,0,1,NA,NA,NA,NA,NA,NA,NA,NA,NA,NA,NA,NA,NA,NA,NA,NA,NA,NA,2019
285,Internacional,6,Nulo,2,lat,Bruno,42499,3,0,2.4,1,5.13,0,5.13,NA,2,1,NA,3,2,NA,1,NA,NA,NA,NA,NA,NA,NA,NA,NA,NA,2019
284,Grêmio,6,Nulo,3,zag,Emanuel,100840,3,0,0,0,2,0,2,NA,NA,NA,NA,NA,NA,NA,NA,NA,NA,NA,NA,NA,NA,NA,NA,NA,NA,2019
293,Athlético-PR,6,Nulo,4,mei,Thonny Anderson,101484,3,0,0,0,4,0,4,NA,NA,NA,NA,NA,NA,NA,NA,NA,NA,NA,NA,NA,NA,NA,NA,NA,NA,2019
285,Internacional,6,Nulo,2,lat,Uendel,60852,3,0,-1.4,1,1.8,0,1.8,NA,3,NA,NA,2,NA,1,NA,1,NA,NA,NA,NA,NA,NA,NA,NA,NA,2019
285,Internacional,6,Nulo,4,mei,Camilo,62009,3,0,3.7,1,6.73,0,6.73,NA,NA,1,NA,1,1,1,1,NA,NA,NA,NA,NA,NA,NA,NA,NA,NA,2019
285,Internacional,2,Dúvida,4,mei,D'Alessandro,62023,3,-0.9,3.2,2,8.51,-1.89,10.4,NA,NA,1,NA,6,1,1,NA,NA,NA,NA,NA,1,NA,NA,NA,NA,NA,2019
315,Chapecoense,6,Nulo,5,ata,Bruno Silva,101422,3,-0.3,-0.3,1,2.8,-1.2,4,NA,NA,NA,NA,1,NA,NA,NA,NA,NA,NA,NA,NA,NA,NA,NA,NA,NA,2019
285,Internacional,6,Nulo,4,mei,Rithely,68834,3,0,0,0,6,0,6,NA,NA,NA,NA,NA,NA,NA,NA,NA,NA,NA,NA,NA,NA,NA,NA,NA,NA,2019
285,Internacional,6,Nulo,5,ata,Rafael Sobis,37798,3,0,1.3,2,6.35,-1.7,8.049999999999999,NA,2,1,NA,NA,1,NA,2,NA,NA,NA,NA,NA,NA,NA,NA,NA,NA,2019
285,Internacional,7,Provável,4,mei,Edenílson,63289,3,-2.7,0.45,2,7.23,-2.29,9.52,1,4,1,NA,7,1,NA,NA,NA,NA,NA,NA,1,NA,NA,NA,NA,NA,2019
315,Chapecoense,5,Contundido,4,mei,Yann Rolim,102892,3,0,0,0,4,0,4,NA,NA,NA,NA,NA,NA,NA,NA,NA,NA,NA,NA,NA,NA,NA,NA,NA,NA,2019
265,Bahia,6,Nulo,4,mei,Lepu,97522,3,0,0,0,2,0,2,NA,NA,NA,NA,NA,NA,NA,NA,NA,NA,NA,NA,NA,NA,NA,NA,NA,NA,2019
285,Internacional,7,Provável,1,gol,Marcelo Lomba,68872,3,4.5,2.5,3,8.11,0.57,7.539999999999999,NA,NA,1,NA,NA,NA,NA,NA,NA,5,4,NA,NA,NA,NA,NA,NA,NA,2019
285,Internacional,7,Provável,5,ata,Paolo Guerrero,75295,3,-2.6,4.7,2,11.46,-3.15,14.610000000000001,1,2,3,1,3,1,1,2,1,NA,NA,NA,NA,NA,NA,NA,NA,NA,2019
285,Internacional,6,Nulo,4,mei,Rodrigo Lindoso,72362,3,3.3,3.1,2,6.66,-0.21,6.87,NA,1,1,NA,1,3,1,1,NA,NA,NA,NA,NA,NA,NA,NA,NA,NA,2019
285,Internacional,6,Nulo,5,ata,Wellington Silva,68895,3,0,0,0,6,0,6,NA,NA,NA,NA,NA,NA,NA,NA,NA,NA,NA,NA,NA,NA,NA,NA,NA,NA,2019
265,Bahia,6,Nulo,5,ata,Rodrigo Alves,98184,3,0,0,0,2,0,2,NA,NA,NA,NA,NA,NA,NA,NA,NA,NA,NA,NA,NA,NA,NA,NA,NA,NA,2019
285,Internacional,6,Nulo,5,ata,William Pottker,77809,3,0,2.3,1,8.53,0,8.53,NA,NA,1,NA,3,1,1,NA,NA,NA,NA,NA,NA,NA,NA,NA,NA,NA,2019
315,Chapecoense,6,Nulo,4,mei,Vini Locatelli,102998,3,0,0,0,1,0,1,NA,NA,NA,NA,NA,NA,NA,NA,NA,NA,NA,NA,NA,NA,NA,NA,NA,NA,2019
315,Chapecoense,6,Nulo,4,mei,Tharlis,102997,3,0,2.9,1,3.43,0,3.43,NA,2,NA,NA,2,3,NA,NA,NA,NA,NA,NA,NA,NA,NA,NA,NA,NA,2019
354,Ceará,6,Nulo,4,mei,William Oliveira,94297,3,0,0,0,3,0,3,NA,NA,NA,NA,NA,NA,NA,NA,NA,NA,NA,NA,NA,NA,NA,NA,NA,NA,2019
283,Cruzeiro,6,Nulo,2,lat,Egídio,42145,3,7.8,7.8,1,9.17,0.17,9,NA,NA,1,NA,4,1,1,1,NA,NA,NA,NA,1,NA,NA,NA,NA,NA,2019
285,Internacional,7,Provável,4,mei,Rodrigo Dourado,78865,3,0,1.4,1,7.12,0,7.12,1,2,1,NA,2,3,NA,NA,NA,NA,NA,NA,NA,NA,NA,NA,NA,NA,2019
315,Chapecoense,7,Provável,4,mei,Régis,102999,3,0.7,1.9,3,4.01,-0.24,4.25,NA,4,1,NA,4,4,NA,3,NA,NA,NA,NA,NA,NA,NA,NA,NA,NA,2019
285,Internacional,5,Contundido,4,mei,Matheus Galdezani,82634,3,0,0,0,5,0,5,NA,NA,NA,NA,NA,NA,NA,NA,NA,NA,NA,NA,NA,NA,NA,NA,NA,NA,2019
264,Corinthians,6,Nulo,5,ata,Vagner Love,38959,3,0.2,-1.13,3,3.27,-0.4,3.67,1,3,1,NA,4,NA,NA,1,NA,NA,NA,NA,NA,NA,NA,NA,NA,NA,2019
264,Corinthians,6,Nulo,4,mei,Jadson,38315,3,-2.7,-1.35,2,4.12,-2.82,6.9399999999999995,1,2,1,NA,6,NA,NA,2,NA,NA,NA,NA,NA,NA,NA,NA,NA,NA,2019
264,Corinthians,7,Provável,3,zag,Henrique,50856,3,0,0,0,8,0,8,NA,NA,NA,NA,NA,NA,NA,NA,NA,NA,NA,NA,NA,NA,NA,NA,NA,NA,2019
285,Internacional,6,Nulo,5,ata,Guilherme Parede,83438,3,1.3,2.65,2,4.35,-0.28,4.63,NA,1,3,NA,1,2,NA,2,NA,NA,NA,NA,NA,NA,NA,NA,NA,NA,2019
285,Internacional,6,Nulo,5,ata,Neilton,83772,3,0,5.3,1,7.84,0,7.84,NA,1,4,NA,4,2,1,1,NA,NA,NA,NA,NA,NA,NA,NA,NA,NA,2019
285,Internacional,5,Contundido,3,zag,Emerson Santos,86972,3,0,-1,1,2.78,0,2.78,1,2,1,NA,4,1,1,NA,NA,NA,NA,NA,NA,NA,NA,NA,NA,NA,2019
264,Corinthians,6,Nulo,1,gol,Walter,51413,3,0,0,0,7,0,7,NA,NA,NA,NA,NA,NA,NA,NA,NA,NA,NA,NA,NA,NA,NA,NA,NA,NA,2019
264,Corinthians,7,Provável,4,mei,Ralf,52190,3,3.3,5.2,3,10.89,-0.32,11.21,NA,1,6,NA,4,9,NA,1,NA,NA,NA,NA,NA,NA,NA,NA,NA,NA,2019
264,Corinthians,5,Contundido,5,ata,Gustavo,86932,3,0,0,0,5,0,5,NA,NA,NA,NA,NA,NA,NA,NA,NA,NA,NA,NA,NA,NA,NA,NA,NA,NA,2019
264,Corinthians,7,Provável,6,tec,Fábio Carille,70696,3,3.03,3.87,3,9.97,-0.27,10.24,NA,NA,NA,NA,NA,NA,NA,NA,NA,NA,NA,NA,NA,NA,NA,NA,NA,NA,2019
264,Corinthians,7,Provável,3,zag,Manoel,69014,3,0,5.1,2,10.27,0,10.27,1,1,NA,NA,2,5,NA,1,NA,NA,NA,1,NA,NA,NA,NA,NA,NA,2019
264,Corinthians,7,Provável,2,lat,Danilo Avelar,72142,3,0,0,0,6,0,6,NA,NA,NA,NA,NA,NA,NA,NA,NA,NA,NA,NA,NA,NA,NA,NA,NA,NA,2019
264,Corinthians,6,Nulo,4,mei,Júnior Urso,71829,3,0,0,0,9,0,9,NA,NA,NA,NA,NA,NA,NA,NA,NA,NA,NA,NA,NA,NA,NA,NA,NA,NA,2019
264,Corinthians,6,Nulo,4,mei,Renê Júnior,73281,3,0,0,0,7,0,7,NA,NA,NA,NA,NA,NA,NA,NA,NA,NA,NA,NA,NA,NA,NA,NA,NA,NA,2019
264,Corinthians,5,Contundido,4,mei,Gabriel,78605,3,0,0,0,7,0,7,NA,NA,NA,NA,NA,NA,NA,NA,NA,NA,NA,NA,NA,NA,NA,NA,NA,NA,2019
264,Corinthians,6,Nulo,3,zag,Marllon,70666,3,6.7,6.7,1,5.9,0.9,5,NA,NA,4,NA,2,3,NA,1,NA,NA,NA,NA,NA,NA,NA,NA,NA,NA,2019
264,Corinthians,7,Provável,5,ata,Boselli,69161,3,0,-0.9,2,3.1,0,3.1,1,NA,2,NA,1,NA,NA,NA,1,NA,NA,NA,NA,NA,NA,NA,NA,NA,2019
285,Internacional,6,Nulo,5,ata,Tréllez,87679,3,0,0,0,6,0,6,NA,NA,NA,NA,NA,NA,NA,NA,NA,NA,NA,NA,NA,NA,NA,NA,NA,NA,2019
264,Corinthians,7,Provável,4,mei,Ramiro,78715,3,0,4.87,3,14.09,-1.41,15.5,NA,4,3,NA,3,6,1,1,NA,NA,NA,NA,1,NA,NA,NA,NA,NA,2019
285,Internacional,6,Nulo,3,zag,Klaus,90846,3,0,0,0,4,0,4,NA,NA,NA,NA,NA,NA,NA,NA,NA,NA,NA,NA,NA,NA,NA,NA,NA,NA,2019
264,Corinthians,6,Nulo,2,lat,Michel,80664,3,0.9,0.9,1,2.48,-0.52,3,NA,1,1,NA,2,1,NA,NA,NA,NA,NA,NA,NA,NA,NA,NA,NA,NA,2019
285,Internacional,7,Provável,6,tec,Odair Hellmann,92273,3,2.62,3.48,3,8.11,-0.24,8.35,NA,NA,NA,NA,NA,NA,NA,NA,NA,NA,NA,NA,NA,NA,NA,NA,NA,NA,2019
264,Corinthians,6,Nulo,3,zag,Pedro Henrique,87225,3,4.5,4.43,3,8.82,0.49,8.33,NA,NA,3,NA,5,5,NA,1,NA,NA,NA,1,NA,NA,NA,NA,NA,NA,2019
264,Corinthians,6,Nulo,4,mei,Régis,82647,3,0,0,0,5,0,5,NA,NA,NA,NA,NA,NA,NA,NA,NA,NA,NA,NA,NA,NA,NA,NA,NA,NA,2019
264,Corinthians,7,Provável,5,ata,Clayson,83817,3,0.2,4.07,3,11.17,-1.16,12.33,NA,4,3,1,9,2,3,1,NA,NA,NA,NA,NA,NA,NA,NA,NA,NA,2019
264,Corinthians,6,Nulo,4,mei,Richard,86711,3,4.2,4.2,1,5.05,0.05,5,NA,2,2,NA,1,3,NA,NA,NA,NA,NA,NA,NA,NA,NA,NA,NA,NA,2019
285,Internacional,7,Provável,2,lat,Zeca,87192,3,2.9,2.8,2,5.68,0.17,5.51,2,4,1,NA,3,8,NA,NA,NA,NA,NA,NA,NA,NA,NA,NA,NA,NA,2019
264,Corinthians,6,Nulo,5,ata,Ángel Romero,88323,3,0,0,0,6,0,6,NA,NA,NA,NA,NA,NA,NA,NA,NA,NA,NA,NA,NA,NA,NA,NA,NA,NA,2019
264,Corinthians,6,Nulo,1,gol,Caíque França,91808,3,0,0,0,3,0,3,NA,NA,NA,NA,NA,NA,NA,NA,NA,NA,NA,NA,NA,NA,NA,NA,NA,NA,2019
264,Corinthians,7,Provável,4,mei,Mateus Vital,93108,3,12.4,4.2,3,7.06,3.78,3.28,NA,NA,3,1,4,1,1,2,NA,NA,NA,NA,NA,NA,NA,NA,NA,NA,2019
356,Fortaleza,6,Nulo,5,ata,André Luís,92146,3,2.9,2.9,1,3.88,-0.12,4,NA,NA,4,NA,2,1,NA,NA,NA,NA,NA,NA,NA,NA,NA,NA,NA,NA,2019
285,Internacional,6,Nulo,1,gol,Keiller,93834,3,0,0,0,2,0,2,NA,NA,NA,NA,NA,NA,NA,NA,NA,NA,NA,NA,NA,NA,NA,NA,NA,NA,2019
285,Internacional,6,Nulo,1,gol,Daniel,96468,3,0,0,0,3,0,3,NA,NA,NA,NA,NA,NA,NA,NA,NA,NA,NA,NA,NA,NA,NA,NA,NA,NA,2019
285,Internacional,6,Nulo,2,lat,Dudu,97133,3,0,0,0,3,0,3,NA,NA,NA,NA,NA,NA,NA,NA,NA,NA,NA,NA,NA,NA,NA,NA,NA,NA,2019
264,Corinthians,6,Nulo,4,mei,Pedrinho,98706,3,0.2,2.97,3,9.6,-1.01,10.61,NA,1,4,1,7,1,NA,NA,NA,NA,NA,NA,NA,NA,NA,NA,NA,NA,2019
285,Internacional,6,Nulo,1,gol,Carlos Miguel,104084,3,0,0,0,1,0,1,NA,NA,NA,NA,NA,NA,NA,NA,NA,NA,NA,NA,NA,NA,NA,NA,NA,NA,2019
285,Internacional,7,Provável,4,mei,Nonato,100987,3,0,1.7,2,4.38,0,4.38,NA,2,NA,NA,3,3,NA,1,NA,NA,NA,NA,NA,NA,NA,NA,NA,NA,2019
264,Corinthians,6,Nulo,4,mei,Fessin,97994,3,0,0,0,2,0,2,NA,NA,NA,NA,NA,NA,NA,NA,NA,NA,NA,NA,NA,NA,NA,NA,NA,NA,2019
285,Internacional,2,Dúvida,4,mei,Sarrafiore,101315,3,-2.7,1.27,3,3.27,-1.81,5.08,1,4,1,1,9,NA,1,1,NA,NA,NA,NA,NA,NA,NA,NA,NA,NA,2019
264,Corinthians,6,Nulo,5,ata,Sergio Díaz,94010,3,0,0,0,2,0,2,NA,NA,NA,NA,NA,NA,NA,NA,NA,NA,NA,NA,NA,NA,NA,NA,NA,NA,2019
264,Corinthians,6,Nulo,1,gol,Filipe,100712,3,0,0,0,2,0,2,NA,NA,NA,NA,NA,NA,NA,NA,NA,NA,NA,NA,NA,NA,NA,NA,NA,NA,2019
264,Corinthians,6,Nulo,2,lat,Carlos Augusto,101803,3,-0.2,4.23,3,5.59,-1.45,7.04,1,3,NA,1,7,3,NA,1,NA,NA,NA,1,NA,NA,NA,NA,NA,NA,2019
264,Corinthians,6,Nulo,4,mei,Marquinhos,102292,3,0,0,0,1,0,1,NA,NA,NA,NA,NA,NA,NA,NA,NA,NA,NA,NA,NA,NA,NA,NA,NA,NA,2019
285,Internacional,6,Nulo,5,ata,Jonatan Álvez,92377,3,0,3.9,1,6.17,0,6.17,NA,NA,NA,NA,NA,NA,1,4,1,NA,NA,NA,NA,NA,NA,NA,NA,NA,2019
264,Corinthians,6,Nulo,3,zag,João Victor,104250,3,0,0,0,2,0,2,NA,NA,NA,NA,NA,NA,NA,NA,NA,NA,NA,NA,NA,NA,NA,NA,NA,NA,2019
285,Internacional,6,Nulo,3,zag,Roberto,104086,3,0,3.3,1,2.98,0,2.98,NA,NA,3,NA,4,2,NA,NA,NA,NA,NA,NA,NA,NA,NA,NA,NA,NA,2019
285,Internacional,6,Nulo,3,zag,Bruno Fuchs,104085,3,0,0,0,2,0,2,NA,NA,NA,NA,NA,NA,NA,NA,NA,NA,NA,NA,NA,NA,NA,NA,NA,NA,2019
264,Corinthians,6,Nulo,4,mei,Thiaguinho,102599,3,0,0,0,3,0,3,NA,NA,NA,NA,NA,NA,NA,NA,NA,NA,NA,NA,NA,NA,NA,NA,NA,NA,2019
264,Corinthians,6,Nulo,4,mei,Araos,102352,3,0,0,0,4,0,4,NA,NA,NA,NA,NA,NA,NA,NA,NA,NA,NA,NA,NA,NA,NA,NA,NA,NA,2019
264,Corinthians,6,Nulo,4,mei,Fabrício Oya,105046,3,0,0,0,2,0,2,NA,NA,NA,NA,NA,NA,NA,NA,NA,NA,NA,NA,NA,NA,NA,NA,NA,NA,2019
283,Cruzeiro,7,Provável,6,tec,Mano Menezes,37281,3,4.11,3.81,3,9.4,-0.02,9.42,NA,NA,NA,NA,NA,NA,NA,NA,NA,NA,NA,NA,NA,NA,NA,NA,NA,NA,2019
277,Santos,6,Nulo,1,gol,Éverson,72294,3,0,0,0,8,0,8,NA,NA,NA,NA,NA,NA,NA,NA,NA,NA,NA,NA,NA,NA,NA,NA,NA,NA,2019
277,Santos,7,Provável,2,lat,Victor Ferraz,70046,3,11.5,5.03,3,9.63,3.02,6.610000000000001,NA,1,4,NA,9,7,NA,1,NA,NA,NA,1,NA,NA,NA,NA,NA,NA,2019
277,Santos,2,Dúvida,4,mei,Alison,73974,3,0,3,1,5.55,0,5.55,1,3,1,NA,NA,4,NA,NA,NA,NA,NA,NA,NA,NA,NA,NA,NA,NA,2019
283,Cruzeiro,7,Provável,2,lat,Edílson,38523,3,0,4.5,2,7.6,0,7.6,1,3,3,NA,5,3,NA,NA,NA,NA,NA,1,NA,1,NA,NA,NA,NA,2019
277,Santos,7,Provável,5,ata,Eduardo Sasha,70360,3,0.9,9.13,3,16.89,-1.91,18.8,NA,5,2,2,4,7,1,3,NA,NA,NA,NA,NA,NA,NA,NA,NA,NA,2019
277,Santos,6,Nulo,4,mei,Bryan Ruíz,71019,3,0,0,0,4,0,4,NA,NA,NA,NA,NA,NA,NA,NA,NA,NA,NA,NA,NA,NA,NA,NA,NA,NA,2019
283,Cruzeiro,7,Provável,5,ata,Fred,38162,3,2.8,1.87,3,7.26,0.1,7.16,1,4,5,NA,6,NA,1,4,1,NA,NA,NA,1,NA,NA,NA,NA,NA,2019
283,Cruzeiro,6,Nulo,4,mei,Rafinha,38421,3,0,2.7,1,6.73,0,6.73,NA,NA,NA,NA,1,2,NA,NA,NA,NA,NA,NA,NA,NA,NA,NA,NA,NA,2019
285,Internacional,6,Nulo,5,ata,Pedro Lucas,104087,3,0,0,0,4,0,4,NA,NA,NA,NA,NA,NA,NA,NA,NA,NA,NA,NA,NA,NA,NA,NA,NA,NA,2019
277,Santos,2,Dúvida,5,ata,Derlis González,75372,3,-1.3,-5.15,2,0.73,0.04,0.69,2,5,NA,NA,NA,NA,1,NA,NA,NA,NA,NA,NA,NA,NA,NA,1,NA,2019
283,Cruzeiro,7,Provável,3,zag,Léo,50459,3,0.5,3.25,2,7.28,-1.11,8.39,NA,2,2,NA,NA,1,NA,NA,NA,NA,NA,1,NA,NA,NA,NA,NA,NA,2019
277,Santos,7,Provável,6,tec,Jorge Sampaoli,70800,3,4.68,4.55,3,10.31,0.33,9.98,NA,NA,NA,NA,NA,NA,NA,NA,NA,NA,NA,NA,NA,NA,NA,NA,NA,NA,2019
293,Athlético-PR,6,Nulo,1,gol,Leo,71043,3,0,0,0,3,0,3,NA,NA,NA,NA,NA,NA,NA,NA,NA,NA,NA,NA,NA,NA,NA,NA,NA,NA,2019
283,Cruzeiro,7,Provável,4,mei,Robinho,62104,3,0.5,2.35,2,7.27,-1.06,8.33,NA,4,3,NA,12,4,1,2,NA,NA,NA,NA,NA,NA,NA,NA,NA,NA,2019
277,Santos,6,Nulo,5,ata,Copete,77959,3,0,0,0,6,0,6,NA,NA,NA,NA,NA,NA,NA,NA,NA,NA,NA,NA,NA,NA,NA,NA,NA,NA,2019
283,Cruzeiro,7,Provável,2,lat,Dodô,68727,3,0,2.45,2,6.87,0,6.87,NA,4,1,NA,8,2,NA,1,NA,NA,NA,1,NA,NA,NA,NA,NA,NA,2019
283,Cruzeiro,7,Provável,4,mei,Henrique,37694,3,1.4,1.45,2,6.56,-1.42,7.9799999999999995,NA,4,2,NA,2,3,NA,NA,NA,NA,NA,NA,NA,NA,NA,NA,NA,NA,2019
264,Corinthians,6,Nulo,2,lat,Caetano,103575,3,0,0,0,1,0,1,NA,NA,NA,NA,NA,NA,NA,NA,NA,NA,NA,NA,NA,NA,NA,NA,NA,NA,2019
293,Athlético-PR,6,Nulo,4,mei,Léo Cittadini,70986,3,6,6,1,5.66,0.66,5,NA,3,1,NA,1,3,1,2,NA,NA,NA,NA,NA,NA,NA,NA,NA,NA,2019
277,Santos,7,Provável,3,zag,Gustavo Henrique,78248,3,5.2,2.1,3,5.12,1.09,4.03,1,3,NA,NA,2,2,2,NA,NA,NA,NA,1,NA,NA,NA,NA,NA,NA,2019
277,Santos,2,Dúvida,4,mei,Carlos Sánchez,81677,3,0,4.6,2,12.42,0,12.42,NA,2,1,1,7,2,NA,1,NA,NA,NA,NA,NA,NA,NA,NA,NA,NA,2019
283,Cruzeiro,6,Nulo,5,ata,David,90309,3,1.3,2.65,2,5.6,-0.48,6.08,NA,4,3,NA,1,2,1,3,1,NA,NA,NA,NA,NA,NA,NA,NA,NA,2019
277,Santos,6,Nulo,3,zag,Luiz Felipe,79035,3,0,0,0,7,0,7,NA,NA,NA,NA,NA,NA,NA,NA,NA,NA,NA,NA,NA,NA,NA,NA,NA,NA,2019
314,Avaí,6,Nulo,5,ata,Matheus Matias,100430,3,0,0,1,2.18,-0.82,3,NA,1,1,NA,NA,NA,NA,NA,NA,NA,NA,NA,NA,NA,NA,NA,NA,NA,2019
283,Cruzeiro,6,Nulo,1,gol,Rafael,68928,3,0,0,0,6,0,6,NA,NA,NA,NA,NA,NA,NA,NA,NA,NA,NA,NA,NA,NA,NA,NA,NA,NA,2019
283,Cruzeiro,5,Contundido,4,mei,Marquinhos Gabriel,68954,3,0,0.6,2,4.46,0,4.46,NA,1,1,NA,1,1,NA,NA,NA,NA,NA,NA,NA,NA,NA,NA,NA,NA,2019
283,Cruzeiro,6,Nulo,5,ata,Sassá,79578,3,0,0,0,8,0,8,NA,NA,NA,NA,NA,NA,NA,NA,NA,NA,NA,NA,NA,NA,NA,NA,NA,NA,2019
293,Athlético-PR,7,Provável,5,ata,Marco Ruben,73741,3,0,9.45,2,18.83,0,18.83,NA,3,NA,1,2,2,1,1,NA,NA,NA,NA,1,1,NA,NA,NA,NA,2019
283,Cruzeiro,6,Nulo,4,mei,Lucas Silva,79701,3,5.6,1.7,3,5,1.38,3.62,NA,1,1,NA,1,2,2,NA,NA,NA,NA,NA,NA,NA,NA,NA,NA,NA,2019
283,Cruzeiro,6,Nulo,4,mei,Jadson,80129,3,0,0,2,3.75,-0.59,4.34,NA,NA,NA,NA,NA,NA,NA,NA,NA,NA,NA,NA,NA,NA,NA,NA,NA,NA,2019
293,Athlético-PR,6,Nulo,4,mei,Lucho González,71479,3,0.7,0.7,1,5.32,-1.68,7,NA,1,NA,NA,NA,NA,1,NA,NA,NA,NA,NA,NA,NA,NA,NA,NA,NA,2019
293,Athlético-PR,7,Provável,3,zag,Léo Pereira,83528,3,1.7,4.83,3,9.1,-0.9,10,1,3,2,1,9,6,2,1,1,NA,NA,NA,NA,NA,NA,NA,NA,NA,2019
293,Athlético-PR,5,Contundido,2,lat,Madson,78077,3,0,0,0,4,0,4,NA,NA,NA,NA,NA,NA,NA,NA,NA,NA,NA,NA,NA,NA,NA,NA,NA,NA,2019
293,Athlético-PR,6,Nulo,4,mei,Matheus Rossetto,86766,3,0,0,0,4,0,4,NA,NA,NA,NA,NA,NA,NA,NA,NA,NA,NA,NA,NA,NA,NA,NA,NA,NA,2019
293,Athlético-PR,6,Nulo,4,mei,Bruno Nazário,81776,3,0,0,0,3,0,3,NA,NA,NA,NA,NA,NA,NA,NA,NA,NA,NA,NA,NA,NA,NA,NA,NA,NA,2019
293,Athlético-PR,7,Provável,5,ata,Rony,91607,3,7.7,6.3,3,12.19,1.46,10.73,1,4,8,1,2,2,2,2,1,NA,NA,NA,1,NA,NA,NA,NA,NA,2019
293,Athlético-PR,6,Nulo,3,zag,Zé Ivaldo,91866,3,0,0,0,4,0,4,NA,NA,NA,NA,NA,NA,NA,NA,NA,NA,NA,NA,NA,NA,NA,NA,NA,NA,2019
293,Athlético-PR,7,Provável,2,lat,Renan Lodi,96591,3,0,1.55,2,7.9,0,7.9,NA,5,4,NA,4,NA,4,NA,NA,NA,NA,NA,NA,NA,NA,NA,NA,NA,2019
293,Athlético-PR,6,Nulo,5,ata,Bill,95131,3,0,0,0,2,0,2,NA,NA,NA,NA,NA,NA,NA,NA,NA,NA,NA,NA,NA,NA,NA,NA,NA,NA,2019
283,Cruzeiro,6,Nulo,4,mei,Ariel Cabral,80363,3,0,-0.9,1,3.23,0,3.23,NA,NA,NA,NA,3,NA,NA,NA,NA,NA,NA,NA,NA,NA,NA,NA,NA,NA,2019
283,Cruzeiro,7,Provável,4,mei,Lucas Romero,84558,3,0,-0.25,2,1.43,0,1.43,2,5,NA,NA,5,5,NA,NA,NA,NA,NA,NA,NA,NA,NA,NA,NA,NA,2019
283,Cruzeiro,5,Contundido,5,ata,Raniel,86797,3,0,0,0,8,0,8,NA,NA,NA,NA,NA,NA,NA,NA,NA,NA,NA,NA,NA,NA,NA,NA,NA,NA,2019
293,Athlético-PR,7,Provável,4,mei,Tomás Andrade,97619,3,0,1.25,2,5.24,0,5.24,NA,NA,3,NA,6,NA,1,2,NA,NA,NA,NA,NA,NA,NA,NA,NA,NA,2019
293,Athlético-PR,6,Nulo,4,mei,Erick,98022,3,2.4,2.4,1,1.54,0.54,1,NA,3,NA,NA,NA,1,2,NA,NA,NA,NA,NA,NA,NA,NA,NA,NA,NA,2019
277,Santos,2,Dúvida,4,mei,Cueva,82411,3,0,0.5,2,7.23,-1.16,8.39,NA,2,1,NA,5,2,NA,NA,NA,NA,NA,NA,NA,NA,NA,NA,NA,NA,2019
277,Santos,6,Nulo,1,gol,João Paulo,85425,3,0,0,0,2,0,2,NA,NA,NA,NA,NA,NA,NA,NA,NA,NA,NA,NA,NA,NA,NA,NA,NA,NA,2019
277,Santos,6,Nulo,2,lat,Matheus Ribeiro,82943,3,0,0,0,3,0,3,NA,NA,NA,NA,NA,NA,NA,NA,NA,NA,NA,NA,NA,NA,NA,NA,NA,NA,2019
283,Cruzeiro,6,Nulo,3,zag,Fabrício Bruno,90768,3,0,0,0,5,0,5,NA,NA,NA,NA,NA,NA,NA,NA,NA,NA,NA,NA,NA,NA,NA,NA,NA,NA,2019
293,Athlético-PR,6,Nulo,5,ata,Plata,98841,3,0,0,0,3,0,3,NA,NA,NA,NA,NA,NA,NA,NA,NA,NA,NA,NA,NA,NA,NA,NA,NA,NA,2019
293,Athlético-PR,6,Nulo,4,mei,Jaderson,98224,3,0,0,0,1,0,1,NA,NA,NA,NA,NA,NA,NA,NA,NA,NA,NA,NA,NA,NA,NA,NA,NA,NA,2019
277,Santos,7,Provável,2,lat,Jorge,88065,3,5.6,6,2,10.4,0.39,10.01,1,3,5,NA,2,1,5,2,1,NA,NA,1,NA,NA,NA,NA,NA,NA,2019
293,Athlético-PR,7,Provável,6,tec,Tiago Nunes,98057,3,3.16,3.55,3,8.77,0.11,8.66,NA,NA,NA,NA,NA,NA,NA,NA,NA,NA,NA,NA,NA,NA,NA,NA,NA,NA,2019
293,Athlético-PR,7,Provável,4,mei,Bruno Guimarães,98352,3,0,6.35,2,13.46,0,13.46,NA,6,6,1,2,1,NA,1,NA,NA,NA,NA,NA,1,NA,NA,NA,NA,2019
277,Santos,2,Dúvida,4,mei,Soteldo,87258,3,-1.8,-0.03,3,3.52,-1.2,4.72,2,4,3,NA,6,1,3,2,1,NA,NA,NA,NA,NA,NA,NA,NA,NA,2019
266,Fluminense,2,Dúvida,4,mei,Yuri Lima,90569,3,0,0,0,3,0,3,NA,NA,NA,NA,NA,NA,NA,NA,NA,NA,NA,NA,NA,NA,NA,NA,NA,NA,2019
293,Athlético-PR,6,Nulo,4,mei,Alex Nagib,98933,3,0,0,0,1,0,1,NA,NA,NA,NA,NA,NA,NA,NA,NA,NA,NA,NA,NA,NA,NA,NA,NA,NA,2019
262,Flamengo,7,Provável,4,mei,Diego,38909,3,-1.1,0.17,3,5.52,-1.41,6.93,2,4,4,NA,3,2,2,NA,NA,NA,NA,NA,NA,NA,NA,NA,NA,NA,2019
293,Athlético-PR,6,Nulo,1,gol,Caio,99460,3,0,0,0,1,0,1,NA,NA,NA,NA,NA,NA,NA,NA,NA,NA,NA,NA,NA,NA,NA,NA,NA,NA,2019
293,Athlético-PR,6,Nulo,3,zag,Robson Bambu,101579,3,0.6,0.6,1,4.56,-1.44,6,NA,3,NA,NA,2,1,1,NA,NA,NA,NA,NA,NA,NA,NA,NA,NA,NA,2019
277,Santos,7,Provável,3,zag,Aguilar,95494,3,4,1.73,3,4.45,0.85,3.6,NA,5,NA,NA,1,2,NA,NA,NA,NA,NA,1,NA,NA,NA,NA,NA,NA,2019
277,Santos,2,Dúvida,4,mei,Diego Pituca,94156,3,0.6,-0.9,3,1.2,-0.06,1.26,2,7,6,NA,14,2,NA,NA,NA,NA,NA,NA,NA,1,NA,NA,NA,NA,2019
277,Santos,7,Provável,3,zag,Lucas Veríssimo,93368,3,2,2.6,3,6.77,-0.12,6.89,1,6,1,NA,9,7,NA,NA,1,NA,NA,1,NA,NA,NA,NA,NA,NA,2019
277,Santos,6,Nulo,2,lat,Orinho,95542,3,0,0,0,3,0,3,NA,NA,NA,NA,NA,NA,NA,NA,NA,NA,NA,NA,NA,NA,NA,NA,NA,NA,2019
293,Athlético-PR,5,Contundido,3,zag,Weverton Almeida,100459,3,0,0,0,2,0,2,NA,NA,NA,NA,NA,NA,NA,NA,NA,NA,NA,NA,NA,NA,NA,NA,NA,NA,2019
315,Chapecoense,6,Nulo,5,ata,Arthur Gomes,96966,3,0,0,0,4,0,4,NA,NA,NA,NA,NA,NA,NA,NA,NA,NA,NA,NA,NA,NA,NA,NA,NA,NA,2019
293,Athlético-PR,6,Nulo,5,ata,Braian Romero,101997,3,-0.8,-0.65,2,2.06,-0.62,2.68,1,3,1,NA,2,1,NA,1,NA,NA,NA,NA,NA,NA,NA,NA,NA,NA,2019
277,Santos,2,Dúvida,4,mei,Jean Lucas,98517,3,3.8,6.03,3,11.43,0.04,11.39,NA,3,6,NA,7,5,2,1,NA,NA,NA,NA,1,1,NA,NA,NA,NA,2019
277,Santos,6,Nulo,2,lat,Alan Cardoso,93785,3,0,0,0,3,0,3,NA,NA,NA,NA,NA,NA,NA,NA,NA,NA,NA,NA,NA,NA,NA,NA,NA,NA,2019
293,Athlético-PR,6,Nulo,5,ata,Vitinho,101960,3,1.8,0.9,2,1.23,0.51,0.72,NA,NA,2,NA,NA,NA,NA,1,NA,NA,NA,NA,NA,NA,NA,NA,NA,NA,2019
277,Santos,6,Nulo,5,ata,Yuri Alberto,100652,3,0,0,0,2,0,2,NA,NA,NA,NA,NA,NA,NA,NA,NA,NA,NA,NA,NA,NA,NA,NA,NA,NA,2019
293,Athlético-PR,6,Nulo,1,gol,Gabriel,102290,3,0,0,0,1,0,1,NA,NA,NA,NA,NA,NA,NA,NA,NA,NA,NA,NA,NA,NA,NA,NA,NA,NA,2019
277,Santos,2,Dúvida,5,ata,Rodrygo,100651,3,9.1,8.4,2,12.04,1.46,10.579999999999998,1,3,5,NA,2,7,5,3,1,NA,NA,NA,NA,NA,NA,NA,NA,NA,2019
341,CSA,2,Dúvida,4,mei,Dawhan,97780,3,3.9,3.2,3,7.42,0.72,6.7,NA,1,NA,NA,4,7,NA,1,NA,NA,NA,NA,NA,NA,NA,NA,NA,NA,2019
293,Athlético-PR,6,Nulo,5,ata,Gabriel Poveda,102877,3,0,0,0,2,0,2,NA,NA,NA,NA,NA,NA,NA,NA,NA,NA,NA,NA,NA,NA,NA,NA,NA,NA,2019
293,Athlético-PR,6,Nulo,3,zag,Lucas Halter,102253,3,0,0,0,3,0,3,NA,NA,NA,NA,NA,NA,NA,NA,NA,NA,NA,NA,NA,NA,NA,NA,NA,NA,2019
293,Athlético-PR,6,Nulo,4,mei,Renzo,104332,3,0,0,0,1,0,1,NA,NA,NA,NA,NA,NA,NA,NA,NA,NA,NA,NA,NA,NA,NA,NA,NA,NA,2019
293,Athlético-PR,6,Nulo,4,mei,Demethryus,101678,3,0,0,0,1,0,1,NA,NA,NA,NA,NA,NA,NA,NA,NA,NA,NA,NA,NA,NA,NA,NA,NA,NA,2019
277,Santos,6,Nulo,4,mei,Lucas Lourenço,101580,3,0,0,0,2,0,2,NA,NA,NA,NA,NA,NA,NA,NA,NA,NA,NA,NA,NA,NA,NA,NA,NA,NA,2019
293,Athlético-PR,5,Contundido,4,mei,Bruno Leite,102301,3,0,0,0,2,0,2,NA,NA,NA,NA,NA,NA,NA,NA,NA,NA,NA,NA,NA,NA,NA,NA,NA,NA,2019
277,Santos,6,Nulo,2,lat,Felipe Jonatan,101708,3,0,9.4,1,9.99,0,9.99,NA,NA,NA,1,2,NA,1,1,NA,NA,NA,NA,NA,NA,NA,NA,NA,NA,2019
341,CSA,6,Nulo,4,mei,Joelson,101512,3,0,0,0,1,0,1,NA,NA,NA,NA,NA,NA,NA,NA,NA,NA,NA,NA,NA,NA,NA,NA,NA,NA,2019
283,Cruzeiro,6,Nulo,2,lat,Rafael Santos,97907,3,0,0,0,1,0,1,NA,NA,NA,NA,NA,NA,NA,NA,NA,NA,NA,NA,NA,NA,NA,NA,NA,NA,2019
277,Santos,6,Nulo,4,mei,Gabriel Calabres,101911,3,0,0,0,2,0,2,NA,NA,NA,NA,NA,NA,NA,NA,NA,NA,NA,NA,NA,NA,NA,NA,NA,NA,2019
283,Cruzeiro,6,Nulo,3,zag,Cacá,102340,3,0,0,0,2,0,2,NA,NA,NA,NA,NA,NA,NA,NA,NA,NA,NA,NA,NA,NA,NA,NA,NA,NA,2019
262,Flamengo,7,Provável,6,tec,Abel Braga,40006,3,1.79,3.34,3,9.85,-0.63,10.48,NA,NA,NA,NA,NA,NA,NA,NA,NA,NA,NA,NA,NA,NA,NA,NA,NA,NA,2019
283,Cruzeiro,6,Nulo,3,zag,Murilo,97653,3,0,-1.8,1,2.22,0,2.22,NA,3,1,NA,1,3,NA,NA,NA,NA,NA,NA,NA,NA,NA,NA,1,NA,2019
277,Santos,6,Nulo,4,mei,Guilherme Nunes,101912,3,0,0,0,2,0,2,NA,NA,NA,NA,NA,NA,NA,NA,NA,NA,NA,NA,NA,NA,NA,NA,NA,NA,2019
283,Cruzeiro,6,Nulo,1,gol,Vitor Eudes,102137,3,0,0,0,2,0,2,NA,NA,NA,NA,NA,NA,NA,NA,NA,NA,NA,NA,NA,NA,NA,NA,NA,NA,2019
283,Cruzeiro,6,Nulo,4,mei,Michel,103579,3,0,0,0,2,0,2,NA,NA,NA,NA,NA,NA,NA,NA,NA,NA,NA,NA,NA,NA,NA,NA,NA,NA,2019
283,Cruzeiro,6,Nulo,4,mei,Éderson,103099,3,0,0,0,2,0,2,NA,NA,NA,NA,NA,NA,NA,NA,NA,NA,NA,NA,NA,NA,NA,NA,NA,NA,2019
283,Cruzeiro,6,Nulo,5,ata,Vinícius Popó,105201,3,0,0,0,2,0,2,NA,NA,NA,NA,NA,NA,NA,NA,NA,NA,NA,NA,NA,NA,NA,NA,NA,NA,2019
341,CSA,7,Provável,6,tec,Marcelo Cabo,37333,3,5.44,3.08,3,4.45,1.41,3.04,NA,NA,NA,NA,NA,NA,NA,NA,NA,NA,NA,NA,NA,NA,NA,NA,NA,NA,2019
341,CSA,7,Provável,4,mei,Madson,42467,3,2.6,2.9,3,7.39,-0.02,7.409999999999999,NA,1,9,NA,9,2,1,4,NA,NA,NA,NA,NA,NA,NA,NA,NA,NA,2019
341,CSA,6,Nulo,3,zag,Leandro Souza,62057,3,0,0,1,3.62,0,3.62,NA,NA,NA,NA,NA,NA,NA,NA,NA,NA,NA,NA,NA,NA,NA,NA,NA,NA,2019
293,Athlético-PR,6,Nulo,1,gol,Bento,105208,3,0,0,0,1,0,1,NA,NA,NA,NA,NA,NA,NA,NA,NA,NA,NA,NA,NA,NA,NA,NA,NA,NA,2019
341,CSA,7,Provável,2,lat,Carlinhos,38451,3,5.6,2.4,2,4.36,0.75,3.6100000000000003,NA,NA,2,NA,9,1,NA,NA,NA,NA,NA,1,NA,NA,NA,NA,NA,NA,2019
283,Cruzeiro,6,Nulo,2,lat,Orejuela,95352,3,2.9,2.9,1,5.34,-0.66,6,NA,3,1,NA,1,2,1,NA,NA,NA,NA,NA,NA,NA,NA,NA,NA,NA,2019
341,CSA,7,Provável,4,mei,Didira,63178,3,2.1,2.03,3,5.44,0.01,5.430000000000001,NA,1,6,NA,8,4,NA,NA,NA,NA,NA,NA,NA,NA,NA,NA,NA,NA,2019
293,Athlético-PR,6,Nulo,5,ata,Luiz Fernando,105176,3,0,0,0,2,0,2,NA,NA,NA,NA,NA,NA,NA,NA,NA,NA,NA,NA,NA,NA,NA,NA,NA,NA,2019
293,Athlético-PR,6,Nulo,2,lat,Khellven ,105175,3,0,0,0,1,0,1,NA,NA,NA,NA,NA,NA,NA,NA,NA,NA,NA,NA,NA,NA,NA,NA,NA,NA,2019
277,Santos,6,Nulo,5,ata,Felippe Cardoso,100963,3,0,0,0,3,0,3,NA,NA,NA,NA,NA,NA,NA,NA,NA,NA,NA,NA,NA,NA,NA,NA,NA,NA,2019
315,Chapecoense,7,Provável,4,mei,Márcio Araújo,38311,3,3.8,5.47,3,8.25,0.02,8.23,NA,2,3,NA,4,9,1,3,NA,NA,NA,NA,NA,NA,NA,NA,NA,NA,2019
341,CSA,6,Nulo,2,lat,Armero,68693,3,4.5,2.55,2,4.23,1.08,3.1500000000000004,NA,1,NA,NA,3,1,NA,NA,NA,NA,NA,1,NA,NA,NA,NA,NA,NA,2019
315,Chapecoense,6,Nulo,1,gol,Igor Campos,101421,3,0,0,0,1,0,1,NA,NA,NA,NA,NA,NA,NA,NA,NA,NA,NA,NA,NA,NA,NA,NA,NA,NA,2019
315,Chapecoense,6,Nulo,5,ata,Renato,39572,3,3.3,2.27,3,5.41,0.45,4.96,NA,NA,8,NA,NA,NA,1,2,NA,NA,NA,NA,NA,NA,NA,NA,NA,NA,2019
341,CSA,5,Contundido,3,zag,Ronaldo Alves,68950,3,0,0,0,6,0,6,NA,NA,NA,NA,NA,NA,NA,NA,NA,NA,NA,NA,NA,NA,NA,NA,NA,NA,2019
341,CSA,5,Contundido,4,mei,Maidana,70820,3,0,0,1,2.89,0,2.89,NA,NA,NA,NA,NA,NA,NA,NA,NA,NA,NA,NA,NA,NA,NA,NA,NA,NA,2019
315,Chapecoense,6,Nulo,4,mei,Amaral,42232,3,0,0,1,3.47,0,3.47,NA,NA,NA,NA,NA,NA,NA,NA,NA,NA,NA,NA,NA,NA,NA,NA,NA,NA,2019
315,Chapecoense,5,Contundido,4,mei,Elicarlos,50313,3,0,0,0,6,0,6,NA,NA,NA,NA,NA,NA,NA,NA,NA,NA,NA,NA,NA,NA,NA,NA,NA,NA,2019
315,Chapecoense,5,Contundido,2,lat,Eduardo,50645,3,0.9,3.3,3,9.19,-0.66,9.85,NA,NA,2,NA,7,4,NA,NA,NA,NA,NA,1,NA,NA,NA,NA,NA,NA,2019
341,CSA,7,Provável,3,zag,Luciano Castán,68942,3,5.6,3.73,3,6.37,1.11,5.26,NA,2,NA,NA,6,6,NA,NA,NA,NA,NA,1,NA,NA,NA,NA,NA,NA,2019
341,CSA,6,Nulo,1,gol,João Carlos,69010,3,0,-6,1,0.69,0,0.69,NA,1,1,NA,NA,NA,NA,NA,NA,1,2,NA,NA,NA,NA,NA,1,NA,2019
315,Chapecoense,6,Nulo,3,zag,Rafael Pereira,51194,3,0,0,0,5,0,5,NA,NA,NA,NA,NA,NA,NA,NA,NA,NA,NA,NA,NA,NA,NA,NA,NA,NA,2019
341,CSA,6,Nulo,1,gol,Fabrício,61228,3,0,0,0,1,0,1,NA,NA,NA,NA,NA,NA,NA,NA,NA,NA,NA,NA,NA,NA,NA,NA,NA,NA,2019
315,Chapecoense,7,Provável,2,lat,Alan Ruschel,63110,3,-2.3,1.67,3,6.09,-1.59,7.68,NA,11,8,NA,4,1,1,NA,NA,NA,NA,1,NA,NA,NA,NA,NA,NA,2019
341,CSA,5,Contundido,5,ata,Manga Escobar,71704,3,0,0,0,4,0,4,NA,NA,NA,NA,NA,NA,NA,NA,NA,NA,NA,NA,NA,NA,NA,NA,NA,NA,2019
341,CSA,5,Contundido,4,mei,Amaral,72071,3,0,0,0,4,0,4,NA,NA,NA,NA,NA,NA,NA,NA,NA,NA,NA,NA,NA,NA,NA,NA,NA,NA,2019
315,Chapecoense,6,Nulo,3,zag,Neto,69008,3,0,0,0,2,0,2,NA,NA,NA,NA,NA,NA,NA,NA,NA,NA,NA,NA,NA,NA,NA,NA,NA,NA,2019
315,Chapecoense,7,Provável,3,zag,Douglas,63128,3,-2.5,-0.2,3,2.83,-1.29,4.12,2,4,1,NA,3,NA,NA,1,NA,NA,NA,1,NA,NA,NA,NA,NA,NA,2019
341,CSA,6,Nulo,2,lat,Celsinho,72494,3,0,0,0,4,0,4,NA,NA,NA,NA,NA,NA,NA,NA,NA,NA,NA,NA,NA,NA,NA,NA,NA,NA,2019
341,CSA,7,Provável,5,ata,Cassiano,72033,3,0.5,1.37,3,3.76,-0.46,4.22,NA,3,7,NA,3,1,1,1,1,NA,NA,NA,NA,NA,NA,NA,NA,NA,2019
315,Chapecoense,7,Provável,4,mei,Augusto,71042,3,4.2,4.2,1,4.33,0.33,4,NA,1,1,NA,NA,2,1,NA,NA,NA,NA,NA,NA,NA,NA,NA,NA,NA,2019
341,CSA,7,Provável,4,mei,Naldo,78897,3,3,1.4,2,2.82,0.74,2.08,NA,4,NA,NA,4,3,1,1,1,NA,NA,NA,NA,NA,NA,NA,NA,NA,2019
315,Chapecoense,7,Provável,3,zag,Gum,68887,3,1.7,1.63,3,5.75,-0.01,5.76,NA,NA,NA,NA,8,NA,1,2,1,NA,NA,1,NA,NA,NA,NA,NA,NA,2019
315,Chapecoense,6,Nulo,2,lat,Roberto,71116,3,0,0,0,4,0,4,NA,NA,NA,NA,NA,NA,NA,NA,NA,NA,NA,NA,NA,NA,NA,NA,NA,NA,2019
315,Chapecoense,5,Contundido,4,mei,Gustavo Campanharo,72497,3,5.2,2.1,3,3.64,1.48,2.16,NA,4,2,NA,5,4,1,2,NA,NA,NA,NA,NA,NA,NA,NA,NA,NA,2019
341,CSA,6,Nulo,2,lat,Pedro Rosa,79053,3,0,0,0,2,0,2,NA,NA,NA,NA,NA,NA,NA,NA,NA,NA,NA,NA,NA,NA,NA,NA,NA,NA,2019
315,Chapecoense,7,Provável,5,ata,Everaldo,78117,3,12.9,10,3,17.99,2.95,15.04,NA,8,3,3,3,2,2,5,NA,NA,NA,NA,NA,NA,NA,NA,NA,NA,2019
341,CSA,6,Nulo,5,ata,Lohan ,82609,3,0,0,0,1,0,1,NA,NA,NA,NA,NA,NA,NA,NA,NA,NA,NA,NA,NA,NA,NA,NA,NA,NA,2019
315,Chapecoense,6,Nulo,4,mei,Marcos Vinícius,73721,3,0,0,0,5,0,5,NA,NA,NA,NA,NA,NA,NA,NA,NA,NA,NA,NA,NA,NA,NA,NA,NA,NA,2019
315,Chapecoense,5,Contundido,5,ata,Rildo,73635,3,0,0,0,6,0,6,NA,NA,NA,NA,NA,NA,NA,NA,NA,NA,NA,NA,NA,NA,NA,NA,NA,NA,2019
341,CSA,6,Nulo,4,mei,Jhon Cley,78652,3,0,0,0,4,0,4,NA,NA,NA,NA,NA,NA,NA,NA,NA,NA,NA,NA,NA,NA,NA,NA,NA,NA,2019
341,CSA,6,Nulo,5,ata,Patrick Fabiano,80275,3,0,1.7,1,6.73,0,6.73,NA,2,1,NA,3,1,NA,2,NA,NA,NA,NA,NA,NA,NA,NA,NA,NA,2019
315,Chapecoense,3,Suspenso,4,mei,Moisés Ribeiro,78991,3,0,0,0,3,0,3,NA,NA,NA,NA,NA,NA,NA,NA,NA,NA,NA,NA,NA,NA,NA,NA,NA,NA,2019
341,CSA,5,Contundido,1,gol,Alexandre Cajuru,80276,3,0,0,0,3,0,3,NA,NA,NA,NA,NA,NA,NA,NA,NA,NA,NA,NA,NA,NA,NA,NA,NA,NA,2019
315,Chapecoense,5,Contundido,5,ata,Victor Andrade,80536,3,0,0,0,3,0,3,NA,NA,NA,NA,NA,NA,NA,NA,NA,NA,NA,NA,NA,NA,NA,NA,NA,NA,2019
341,CSA,6,Nulo,2,lat,Rafinha,83681,3,0,0,0,4,0,4,NA,NA,NA,NA,NA,NA,NA,NA,NA,NA,NA,NA,NA,NA,NA,NA,NA,NA,2019
315,Chapecoense,6,Nulo,5,ata,Aylon,85930,3,0,-0.2,2,2.34,0,2.34,1,NA,2,NA,2,NA,1,NA,NA,NA,NA,NA,NA,NA,NA,NA,NA,NA,2019
315,Chapecoense,6,Nulo,3,zag,Joílson,80779,3,0,0,0,2,0,2,NA,NA,NA,NA,NA,NA,NA,NA,NA,NA,NA,NA,NA,NA,NA,NA,NA,NA,2019
341,CSA,7,Provável,4,mei,Matheus Savio,91264,3,3.3,5.77,3,8.58,-0.36,8.94,NA,2,5,1,4,3,1,1,1,NA,NA,NA,NA,1,NA,NA,NA,NA,2019
315,Chapecoense,6,Nulo,5,ata,Lourency,94249,3,0,0,0,3,0,3,NA,NA,NA,NA,NA,NA,NA,NA,NA,NA,NA,NA,NA,NA,NA,NA,NA,NA,2019
315,Chapecoense,5,Contundido,5,ata,Thiago Santos,93151,3,0,0,0,3,0,3,NA,NA,NA,NA,NA,NA,NA,NA,NA,NA,NA,NA,NA,NA,NA,NA,NA,NA,2019
315,Chapecoense,7,Provável,2,lat,Bruno Pacheco,90061,3,4.7,7.23,3,14.74,0.06,14.68,NA,1,4,NA,1,7,NA,NA,NA,NA,NA,1,1,NA,NA,NA,NA,NA,2019
341,CSA,6,Nulo,3,zag,Rony,101040,3,0,0,0,2,0,2,NA,NA,NA,NA,NA,NA,NA,NA,NA,NA,NA,NA,NA,NA,NA,NA,NA,NA,2019
341,CSA,2,Dúvida,4,mei,Bruno Ramires,89924,3,0.2,1.3,3,3.81,-0.37,4.18,1,4,1,NA,3,5,NA,1,NA,NA,NA,NA,NA,NA,NA,NA,NA,NA,2019
341,CSA,6,Nulo,5,ata,Robinho,99574,3,0,0.6,1,3.19,0,3.19,NA,NA,NA,NA,3,1,NA,NA,NA,NA,NA,NA,NA,NA,NA,NA,NA,NA,2019
290,Goiás,6,Nulo,1,gol,Felipe Mosquete,105397,3,0,0,0,1,0,1,NA,NA,NA,NA,NA,NA,NA,NA,NA,NA,NA,NA,NA,NA,NA,NA,NA,NA,2019
315,Chapecoense,6,Nulo,3,zag,Hiago,97535,3,0,0,0,2,0,2,NA,NA,NA,NA,NA,NA,NA,NA,NA,NA,NA,NA,NA,NA,NA,NA,NA,NA,2019
341,CSA,6,Nulo,3,zag,Vital,102452,3,0,0,0,1,0,1,NA,NA,NA,NA,NA,NA,NA,NA,NA,NA,NA,NA,NA,NA,NA,NA,NA,NA,2019
341,CSA,6,Nulo,5,ata,Victor Paraíba,102457,3,2,2,1,1.4,0.4,0.9999999999999999,NA,NA,NA,NA,NA,NA,1,1,NA,NA,NA,NA,NA,NA,NA,NA,NA,NA,2019
341,CSA,7,Provável,3,zag,Gerson,104089,3,6.2,2.2,3,4.32,1.82,2.5,NA,1,NA,NA,3,2,NA,NA,NA,NA,NA,1,NA,NA,NA,NA,NA,NA,2019
341,CSA,6,Nulo,5,ata,Gerson Júnior,104824,3,0,0,0,1,0,1,NA,NA,NA,NA,NA,NA,NA,NA,NA,NA,NA,NA,NA,NA,NA,NA,NA,NA,2019
262,Flamengo,6,Nulo,3,zag,Rhodolfo,42501,3,0,-1,1,4.63,0,4.63,NA,2,NA,NA,NA,NA,NA,NA,NA,NA,NA,NA,NA,NA,NA,NA,NA,NA,2019
315,Chapecoense,6,Nulo,5,ata,Perotti,94286,3,0,0.5,1,1.66,0,1.66,NA,NA,1,NA,NA,NA,NA,NA,NA,NA,NA,NA,NA,NA,NA,NA,NA,NA,2019
315,Chapecoense,6,Nulo,4,mei,Kendy,98421,3,0,0,0,2,0,2,NA,NA,NA,NA,NA,NA,NA,NA,NA,NA,NA,NA,NA,NA,NA,NA,NA,NA,2019
315,Chapecoense,7,Provável,4,mei,Diego Torres,98794,3,3.1,1.7,2,3.78,0.1,3.6799999999999997,NA,NA,3,NA,8,1,1,2,NA,NA,NA,NA,NA,NA,NA,NA,NA,NA,2019
341,CSA,6,Nulo,1,gol,Igo,104991,3,0,0,0,1,0,1,NA,NA,NA,NA,NA,NA,NA,NA,NA,NA,NA,NA,NA,NA,NA,NA,NA,NA,2019
277,Santos,6,Nulo,4,mei,Anderson Ceará,103724,3,0,0,0,1,0,1,NA,NA,NA,NA,NA,NA,NA,NA,NA,NA,NA,NA,NA,NA,NA,NA,NA,NA,2019
277,Santos,6,Nulo,5,ata,Bruninho,105111,3,0,0,0,2,0,2,NA,NA,NA,NA,NA,NA,NA,NA,NA,NA,NA,NA,NA,NA,NA,NA,NA,NA,2019
315,Chapecoense,7,Provável,1,gol,Tiepo,98412,3,1.5,7.5,3,15.23,-0.96,16.19,NA,NA,1,NA,NA,NA,NA,NA,NA,7,2,1,NA,NA,NA,NA,NA,NA,2019
277,Santos,6,Nulo,4,mei,Sandry,104580,3,0,0,0,1,0,1,NA,NA,NA,NA,NA,NA,NA,NA,NA,NA,NA,NA,NA,NA,NA,NA,NA,NA,2019
277,Santos,6,Nulo,5,ata,Kaio Jorge,103445,3,0,0,0,1,0,1,NA,NA,NA,NA,NA,NA,NA,NA,NA,NA,NA,NA,NA,NA,NA,NA,NA,NA,2019
277,Santos,6,Nulo,3,zag,Kaique Rocha,103684,3,0,0,0,2,0,2,NA,NA,NA,NA,NA,NA,NA,NA,NA,NA,NA,NA,NA,NA,NA,NA,NA,NA,2019
277,Santos,6,Nulo,5,ata,Tailson,104578,3,0,0,0,1,0,1,NA,NA,NA,NA,NA,NA,NA,NA,NA,NA,NA,NA,NA,NA,NA,NA,NA,NA,2019
277,Santos,6,Nulo,3,zag,Jackson Porozo,105112,3,0,0,0,1,0,1,NA,NA,NA,NA,NA,NA,NA,NA,NA,NA,NA,NA,NA,NA,NA,NA,NA,NA,2019
276,São Paulo,7,Provável,4,mei,Everton,50301,3,1.6,2.37,3,9.07,-0.55,9.620000000000001,NA,5,3,1,6,NA,2,NA,1,NA,NA,NA,NA,NA,NA,NA,NA,NA,2019
277,Santos,6,Nulo,3,zag,Wagner Leonardo,104994,3,0,0,0,1,0,1,NA,NA,NA,NA,NA,NA,NA,NA,NA,NA,NA,NA,NA,NA,NA,NA,NA,NA,2019
276,São Paulo,6,Nulo,4,mei,Nenê,38913,3,0,0,0,8,0,8,NA,NA,NA,NA,NA,NA,NA,NA,NA,NA,NA,NA,NA,NA,NA,NA,NA,NA,2019
262,Flamengo,6,Nulo,4,mei,Everton Ribeiro,51772,3,0,4.5,2,13.93,0,13.93,NA,1,3,NA,5,3,NA,NA,NA,NA,NA,NA,1,NA,NA,NA,NA,NA,2019
276,São Paulo,6,Nulo,4,mei,Willian Farias,63058,3,0,0,0,3,0,3,NA,NA,NA,NA,NA,NA,NA,NA,NA,NA,NA,NA,NA,NA,NA,NA,NA,NA,2019
276,São Paulo,7,Provável,4,mei,Hudson,50324,3,1.4,5.1,3,11.33,-0.97,12.3,NA,5,4,1,3,5,1,NA,NA,NA,NA,NA,NA,NA,NA,NA,NA,NA,2019
262,Flamengo,6,Nulo,3,zag,Rodrigo Caio,73800,3,0,1.4,1,7.91,0,7.91,NA,NA,1,NA,2,1,NA,NA,NA,NA,NA,NA,NA,NA,NA,NA,NA,NA,2019
276,São Paulo,2,Dúvida,3,zag,Anderson Martins,52618,3,-2.5,-2.75,2,2.48,-1.28,3.76,2,3,NA,NA,NA,NA,NA,NA,NA,NA,NA,NA,NA,NA,NA,NA,NA,NA,2019
262,Flamengo,7,Provável,2,lat,Rodinei,73992,3,-2,-2,1,2.95,-2.05,5,1,1,1,NA,NA,NA,NA,NA,NA,NA,NA,NA,NA,NA,NA,NA,NA,NA,2019
262,Flamengo,6,Nulo,2,lat,Pará,62086,3,0,1.7,2,5.21,0,5.21,1,3,NA,NA,2,5,NA,NA,NA,NA,NA,NA,NA,NA,NA,NA,NA,NA,2019
262,Flamengo,6,Nulo,5,ata,Uribe,78415,3,0,0,0,7,0,7,NA,NA,NA,NA,NA,NA,NA,NA,NA,NA,NA,NA,NA,NA,NA,NA,NA,NA,2019
266,Fluminense,7,Provável,3,zag,Matheus Ferraz,38632,3,13.9,4.3,3,6.62,4.36,2.26,1,3,1,1,2,3,2,2,NA,NA,NA,NA,NA,NA,NA,NA,NA,NA,2019
262,Flamengo,7,Provável,1,gol,César,78086,3,7.5,3.5,3,5.44,1.84,3.6000000000000005,NA,NA,1,NA,NA,NA,NA,NA,NA,6,4,NA,NA,NA,NA,NA,NA,NA,2019
266,Fluminense,5,Contundido,4,mei,Bruno Silva,68698,3,7.9,5.33,3,9.58,1.59,7.99,NA,4,7,NA,6,9,1,2,NA,NA,NA,NA,NA,NA,NA,NA,NA,NA,2019
266,Fluminense,5,Contundido,4,mei,Airton,61985,3,1.5,0.77,3,4.49,-0.09,4.58,1,1,3,NA,4,3,NA,NA,NA,NA,NA,NA,NA,NA,NA,NA,NA,NA,2019
262,Flamengo,7,Provável,5,ata,Vitinho,78435,3,0,0,0,9,0,9,NA,NA,NA,NA,NA,NA,NA,NA,NA,NA,NA,NA,NA,NA,NA,NA,NA,NA,2019
315,Chapecoense,7,Provável,2,lat,Bryan,97536,3,0,0,0,2,0,2,NA,NA,NA,NA,NA,NA,NA,NA,NA,NA,NA,NA,NA,NA,NA,NA,NA,NA,2019
262,Flamengo,6,Nulo,4,mei,Willian Arão,78478,3,0,8,2,14.14,0,14.14,NA,1,1,NA,5,5,NA,NA,NA,NA,NA,NA,2,NA,NA,NA,NA,NA,2019
266,Fluminense,5,Contundido,3,zag,Digão,68886,3,0,0,0,7,0,7,NA,NA,NA,NA,NA,NA,NA,NA,NA,NA,NA,NA,NA,NA,NA,NA,NA,NA,2019
266,Fluminense,7,Provável,6,tec,Fernando Diniz,72391,3,6.19,2.9,3,5.91,1.41,4.5,NA,NA,NA,NA,NA,NA,NA,NA,NA,NA,NA,NA,NA,NA,NA,NA,NA,NA,2019
262,Flamengo,6,Nulo,4,mei,Arrascaeta,87863,3,0,6.55,2,13.75,0,13.75,NA,1,6,1,4,2,NA,1,NA,NA,NA,NA,NA,NA,NA,NA,NA,NA,2019
262,Flamengo,7,Provável,4,mei,Ronaldo,92981,3,1.7,1.7,1,3.48,-0.52,4,1,5,1,NA,1,4,NA,NA,NA,NA,NA,NA,NA,NA,NA,NA,NA,NA,2019
262,Flamengo,7,Provável,5,ata,Berrío ,85300,3,9.5,9.5,1,7.57,1.57,6,NA,1,NA,1,1,1,NA,1,NA,NA,NA,NA,NA,NA,NA,NA,NA,NA,2019
266,Fluminense,6,Nulo,2,lat,Igor Julião,81951,3,3.5,3.5,1,3.36,0.36,3,NA,NA,1,NA,NA,2,NA,NA,NA,NA,NA,NA,NA,NA,NA,NA,NA,NA,2019
262,Flamengo,6,Nulo,1,gol,Thiago,91194,3,0,0,0,3,0,3,NA,NA,NA,NA,NA,NA,NA,NA,NA,NA,NA,NA,NA,NA,NA,NA,NA,NA,2019
266,Fluminense,7,Provável,5,ata,Luciano,80287,3,16.1,4.87,3,7.24,4.77,2.4700000000000006,1,5,6,1,8,3,3,3,2,NA,NA,NA,1,NA,NA,1,NA,NA,2019
266,Fluminense,5,Contundido,3,zag,Paulo Ricardo,88224,3,0,0,0,3,0,3,NA,NA,NA,NA,NA,NA,NA,NA,NA,NA,NA,NA,NA,NA,NA,NA,NA,NA,2019
262,Flamengo,6,Nulo,3,zag,Léo Duarte,94214,3,0,-0.65,2,2.56,0,2.56,1,5,1,NA,1,2,NA,NA,NA,NA,NA,NA,NA,NA,NA,NA,NA,NA,2019
266,Fluminense,6,Nulo,5,ata,Pablo Dyego,86444,3,0,0,1,2.17,0,2.17,NA,1,1,NA,NA,NA,NA,NA,NA,NA,NA,NA,NA,NA,NA,NA,NA,NA,2019
266,Fluminense,2,Dúvida,4,mei,Dodi,89883,3,0,0,0,3,0,3,NA,NA,NA,NA,NA,NA,NA,NA,NA,NA,NA,NA,NA,NA,NA,NA,NA,NA,2019
266,Fluminense,6,Nulo,4,mei,Luiz Fernando ,90366,3,0,0,0,2,0,2,NA,NA,NA,NA,NA,NA,NA,NA,NA,NA,NA,NA,NA,NA,NA,NA,NA,NA,2019
262,Flamengo,7,Provável,4,mei,Piris da Motta,95802,3,0.5,0.5,1,3.8,-1.2,5,NA,NA,1,NA,NA,NA,NA,NA,NA,NA,NA,NA,NA,NA,NA,NA,NA,NA,2019
262,Flamengo,7,Provável,2,lat,Trauco,95738,3,-1,-1,1,3.29,-1.71,5,1,1,NA,NA,NA,1,NA,NA,NA,NA,NA,NA,NA,NA,NA,NA,NA,NA,2019
266,Fluminense,7,Provável,3,zag,Nino,91708,3,-0.6,-0.57,3,0.73,0.01,0.72,1,1,1,NA,4,1,NA,NA,NA,NA,NA,NA,NA,NA,NA,NA,NA,NA,2019
266,Fluminense,6,Nulo,2,lat,Marlon,91706,3,0,0,0,4,0,4,NA,NA,NA,NA,NA,NA,NA,NA,NA,NA,NA,NA,NA,NA,NA,NA,NA,NA,2019
262,Flamengo,6,Nulo,3,zag,Rafael,97902,3,-1.2,-1.2,1,0.73,-0.27,1,1,1,1,NA,NA,NA,NA,1,NA,NA,NA,NA,NA,NA,NA,NA,NA,NA,2019
262,Flamengo,7,Provável,5,ata,Lincoln,100065,3,0.1,0.3,2,2.09,-0.3,2.3899999999999997,1,1,5,NA,4,1,NA,1,1,NA,NA,NA,NA,NA,NA,NA,NA,NA,2019
265,Bahia,6,Nulo,4,mei,Max,94982,3,0,0,0,1,0,1,NA,NA,NA,NA,NA,NA,NA,NA,NA,NA,NA,NA,NA,NA,NA,NA,NA,NA,2019
262,Flamengo,6,Nulo,5,ata,Lucas Silva,98515,3,2.2,1.1,2,2,0.55,1.45,NA,NA,2,NA,1,1,NA,NA,NA,NA,NA,NA,NA,NA,NA,NA,NA,NA,2019
290,Goiás,6,Nulo,4,mei,Rafael Barbosa,105396,3,0,0,0,1,0,1,NA,NA,NA,NA,NA,NA,NA,NA,NA,NA,NA,NA,NA,NA,NA,NA,NA,NA,2019
284,Grêmio,6,Nulo,2,lat,Léo Moura,37701,3,1.4,1.4,1,5.55,-1.45,7,NA,NA,1,NA,2,1,NA,NA,NA,NA,NA,NA,NA,NA,NA,NA,NA,NA,2019
262,Flamengo,7,Provável,3,zag,Thuler,100125,3,-2,-2,1,2.23,-1.77,4,1,NA,NA,NA,NA,NA,NA,NA,NA,NA,NA,NA,NA,NA,NA,NA,NA,NA,2019
290,Goiás,3,Suspenso,4,mei,Giovanni Augusto,68938,3,-2.3,0.5,3,3.31,-1.49,4.8,NA,4,5,NA,14,6,1,NA,NA,NA,NA,NA,NA,NA,NA,NA,1,NA,2019
265,Bahia,7,Provável,4,mei,Gregore,95464,3,1.7,4.1,3,11.46,-0.8,12.260000000000002,NA,12,2,NA,5,12,NA,1,NA,NA,NA,NA,NA,NA,NA,NA,NA,NA,2019
262,Flamengo,6,Nulo,1,gol,Gabriel Batista,98333,3,0,0,0,4,0,4,NA,NA,NA,NA,NA,NA,NA,NA,NA,NA,NA,NA,NA,NA,NA,NA,NA,NA,2019
284,Grêmio,7,Provável,6,tec,Renato Gaúcho,41929,3,5.94,4,3,11.07,0.8,10.27,NA,NA,NA,NA,NA,NA,NA,NA,NA,NA,NA,NA,NA,NA,NA,NA,NA,NA,2019
354,Ceará,6,Nulo,4,mei,Chico,82407,3,-0.3,0.83,3,4.42,-0.59,5.01,NA,7,3,NA,5,4,NA,NA,NA,NA,NA,NA,NA,NA,NA,NA,NA,NA,2019
354,Ceará,6,Nulo,2,lat,Cristovam,82930,3,0,0,0,3,0,3,NA,NA,NA,NA,NA,NA,NA,NA,NA,NA,NA,NA,NA,NA,NA,NA,NA,NA,2019
284,Grêmio,5,Contundido,5,ata,Diego Tardelli,38231,3,0,1.9,2,9.96,0,9.96,NA,NA,1,NA,6,1,3,NA,NA,NA,NA,NA,NA,NA,NA,NA,NA,NA,2019
284,Grêmio,5,Contundido,3,zag,Marcelo Oliveira,50328,3,0,0,0,5,0,5,NA,NA,NA,NA,NA,NA,NA,NA,NA,NA,NA,NA,NA,NA,NA,NA,NA,NA,2019
354,Ceará,6,Nulo,3,zag,Charles,84187,3,0,0,0,4,0,4,NA,NA,NA,NA,NA,NA,NA,NA,NA,NA,NA,NA,NA,NA,NA,NA,NA,NA,2019
265,Bahia,7,Provável,5,ata,Artur,95799,3,12,7,3,11.97,3.23,8.74,NA,4,3,2,11,3,4,NA,1,NA,NA,NA,NA,NA,NA,NA,NA,NA,2019
265,Bahia,6,Nulo,4,mei,Shaylon,97520,3,2,0.95,2,4.4,0.1,4.300000000000001,NA,1,2,NA,3,1,NA,1,NA,NA,NA,NA,NA,NA,NA,NA,NA,NA,2019
284,Grêmio,7,Provável,4,mei,Maicon,38196,3,-0.3,3.25,2,9.68,-1.98,11.66,1,1,1,NA,6,3,NA,1,NA,NA,NA,NA,1,NA,NA,NA,NA,NA,2019
354,Ceará,6,Nulo,4,mei,Fernando Sobral,84428,3,-0.9,1.33,3,3.8,-0.94,4.74,NA,4,1,NA,7,4,NA,2,NA,NA,NA,NA,NA,NA,NA,NA,NA,NA,2019
284,Grêmio,6,Nulo,4,mei,Michel,71920,3,4.8,1.65,2,4.85,1.16,3.6899999999999995,NA,3,NA,NA,NA,6,NA,1,NA,NA,NA,NA,NA,NA,NA,NA,NA,1,2019
284,Grêmio,7,Provável,5,ata,André,68690,3,14.2,7.43,3,12.53,3.97,8.559999999999999,NA,2,5,1,5,1,2,3,NA,NA,NA,NA,1,1,NA,NA,NA,NA,2019
284,Grêmio,6,Nulo,1,gol,Júlio César,49673,3,5,5,1,6.05,0.05,6,NA,NA,NA,NA,NA,NA,NA,NA,NA,5,5,NA,NA,NA,NA,NA,NA,NA,2019
284,Grêmio,7,Provável,1,gol,Paulo Victor,68873,3,0,-1.95,2,1.86,0,1.86,NA,NA,NA,NA,3,NA,NA,NA,NA,1,3,NA,NA,NA,NA,NA,NA,NA,2019
284,Grêmio,6,Nulo,3,zag,Paulo Miranda,68817,3,0,0,0,5,0,5,NA,NA,NA,NA,NA,NA,NA,NA,NA,NA,NA,NA,NA,NA,NA,NA,NA,NA,2019
284,Grêmio,6,Nulo,5,ata,Marinho,68952,3,3.7,3.7,1,6.33,-0.67,7,NA,1,2,NA,1,1,1,1,NA,NA,NA,NA,NA,NA,NA,NA,NA,NA,2019
276,São Paulo,7,Provável,5,ata,Toró,101885,3,1,4.23,3,5.69,-0.75,6.44,NA,3,5,1,3,2,NA,2,NA,NA,NA,NA,NA,NA,NA,NA,NA,NA,2019
282,Atlético-MG,7,Provável,5,ata,Geuvânio,73896,3,2.1,7,3,14.51,-0.88,15.39,NA,8,11,NA,5,8,2,2,NA,NA,NA,NA,1,NA,NA,NA,NA,NA,2019
282,Atlético-MG,6,Nulo,4,mei,Lucas Cândido,84851,3,0,0,0,2,0,2,NA,NA,NA,NA,NA,NA,NA,NA,NA,NA,NA,NA,NA,NA,NA,NA,NA,NA,2019
290,Goiás,6,Nulo,4,mei,Gilberto,73789,3,0,0,0,3,0,3,NA,NA,NA,NA,NA,NA,NA,NA,NA,NA,NA,NA,NA,NA,NA,NA,NA,NA,2019
282,Atlético-MG,6,Nulo,4,mei,Jair,81091,3,5.7,3.07,3,7.2,1.13,6.07,1,1,2,1,1,2,NA,NA,NA,NA,NA,NA,NA,NA,NA,NA,NA,NA,2019
290,Goiás,7,Provável,3,zag,Yago,77500,3,0,0.07,3,2.23,-0.26,2.49,1,2,NA,NA,6,NA,NA,NA,NA,NA,NA,1,NA,NA,NA,NA,NA,NA,2019
282,Atlético-MG,6,Nulo,3,zag,Matheus Mancini,80124,3,0,0,0,3,0,3,NA,NA,NA,NA,NA,NA,NA,NA,NA,NA,NA,NA,NA,NA,NA,NA,NA,NA,2019
290,Goiás,7,Provável,4,mei,Geovane,71667,3,1.4,1.6,3,3.72,0.13,3.5900000000000003,NA,7,NA,NA,15,8,NA,1,NA,NA,NA,NA,NA,NA,NA,NA,NA,NA,2019
282,Atlético-MG,6,Nulo,4,mei,José Welison,86859,3,6.1,3,3,5.25,1.48,3.77,NA,NA,2,NA,6,6,NA,1,NA,NA,NA,NA,NA,NA,NA,NA,NA,NA,2019
290,Goiás,6,Nulo,3,zag,Fábio Sanches,71604,3,0,0,0,3,0,3,NA,NA,NA,NA,NA,NA,NA,NA,NA,NA,NA,NA,NA,NA,NA,NA,NA,NA,2019
267,Vasco,7,Provável,1,gol,Sidão,70222,3,-2.3,-2.3,1,3.58,-2.42,6,NA,NA,NA,NA,1,NA,NA,NA,NA,NA,1,NA,NA,NA,NA,NA,NA,NA,2019
282,Atlético-MG,5,Contundido,1,gol,Uilson,85418,3,0,0,0,3,0,3,NA,NA,NA,NA,NA,NA,NA,NA,NA,NA,NA,NA,NA,NA,NA,NA,NA,NA,2019
290,Goiás,6,Nulo,1,gol,Marcos,78495,3,0,0,0,3,0,3,NA,NA,NA,NA,NA,NA,NA,NA,NA,NA,NA,NA,NA,NA,NA,NA,NA,NA,2019
290,Goiás,6,Nulo,4,mei,João Afonso,78458,3,0,0,0,4,0,4,NA,NA,NA,NA,NA,NA,NA,NA,NA,NA,NA,NA,NA,NA,NA,NA,NA,NA,2019
282,Atlético-MG,5,Contundido,4,mei,Gustavo Blanco,91191,3,0,0,0,9,0,9,NA,NA,NA,NA,NA,NA,NA,NA,NA,NA,NA,NA,NA,NA,NA,NA,NA,NA,2019
282,Atlético-MG,6,Nulo,4,mei,Nathan,87009,3,11.8,6.5,2,6.92,3.51,3.41,NA,NA,1,1,3,2,2,NA,NA,NA,NA,NA,NA,NA,NA,NA,NA,NA,2019
290,Goiás,6,Nulo,4,mei,Renatinho,80395,3,0.5,0.25,2,2.69,-0.78,3.4699999999999998,NA,NA,NA,NA,1,NA,NA,1,NA,NA,NA,NA,NA,NA,NA,NA,NA,NA,2019
290,Goiás,7,Provável,4,mei,Marlone,80944,3,1,1,1,5.42,-1.58,7,NA,1,NA,NA,NA,1,NA,NA,NA,NA,NA,NA,NA,NA,NA,NA,NA,NA,2019
282,Atlético-MG,6,Nulo,3,zag,Iago Maidana,89226,3,0,-1.4,1,3.19,0,3.19,NA,2,1,NA,3,NA,NA,NA,NA,NA,NA,NA,NA,NA,NA,NA,NA,NA,2019
290,Goiás,6,Nulo,2,lat,Marcelo Hermes,82639,3,0,-1.1,1,3.14,0,3.14,NA,2,1,NA,2,NA,NA,NA,NA,NA,NA,NA,NA,NA,NA,NA,NA,NA,2019
282,Atlético-MG,6,Nulo,1,gol,Cleiton,93882,3,0,0,0,2,0,2,NA,NA,NA,NA,NA,NA,NA,NA,NA,NA,NA,NA,NA,NA,NA,NA,NA,NA,2019
282,Atlético-MG,6,Nulo,5,ata,Leandrinho,91702,3,0,0,0,3,0,3,NA,NA,NA,NA,NA,NA,NA,NA,NA,NA,NA,NA,NA,NA,NA,NA,NA,NA,2019
290,Goiás,5,Contundido,1,gol,Marcelo Rangel,82730,3,0,0,0,4,0,4,NA,NA,NA,NA,NA,NA,NA,NA,NA,NA,NA,NA,NA,NA,NA,NA,NA,NA,2019
290,Goiás,6,Nulo,2,lat,Caíque Sá,87437,3,0,0,0,4,0,4,NA,NA,NA,NA,NA,NA,NA,NA,NA,NA,NA,NA,NA,NA,NA,NA,NA,NA,2019
282,Atlético-MG,7,Provável,3,zag,Igor Rabello,89493,3,7.1,5.15,2,11.03,0.96,10.07,NA,NA,2,NA,5,7,NA,1,1,NA,NA,NA,NA,NA,NA,NA,NA,NA,2019
290,Goiás,6,Nulo,4,mei,Rafinha,84381,3,0,0,0,4,0,4,NA,NA,NA,NA,NA,NA,NA,NA,NA,NA,NA,NA,NA,NA,NA,NA,NA,NA,2019
282,Atlético-MG,6,Nulo,1,gol,Michael,93659,3,0,0,0,1,0,1,NA,NA,NA,NA,NA,NA,NA,NA,NA,NA,NA,NA,NA,NA,NA,NA,NA,NA,2019
282,Atlético-MG,6,Nulo,4,mei,Daniel,97349,3,0,0,0,1,0,1,NA,NA,NA,NA,NA,NA,NA,NA,NA,NA,NA,NA,NA,NA,NA,NA,NA,NA,2019
282,Atlético-MG,6,Nulo,4,mei,Alessandro Vinícius,94495,3,0,0,0,1,0,1,NA,NA,NA,NA,NA,NA,NA,NA,NA,NA,NA,NA,NA,NA,NA,NA,NA,NA,2019
282,Atlético-MG,6,Nulo,1,gol,Fernando,97543,3,0,0,0,1,0,1,NA,NA,NA,NA,NA,NA,NA,NA,NA,NA,NA,NA,NA,NA,NA,NA,NA,NA,2019
290,Goiás,7,Provável,3,zag,David Duarte,91772,3,1.4,3.53,3,8.35,-0.48,8.83,NA,NA,NA,NA,4,4,NA,1,NA,NA,NA,1,NA,NA,NA,NA,NA,NA,2019
290,Goiás,7,Provável,2,lat,Daniel Guedes ,88225,3,3.1,0.9,2,4.35,0.57,3.78,NA,6,2,NA,5,3,NA,1,NA,NA,NA,NA,NA,NA,NA,NA,NA,NA,2019
290,Goiás,7,Provável,5,ata,Leandro Barcia,91242,3,0.6,3.53,3,6.09,-0.86,6.95,1,4,5,1,6,1,1,4,NA,NA,NA,NA,NA,NA,NA,NA,NA,NA,2019
290,Goiás,7,Provável,4,mei,Léo Sena,90572,3,8,3.93,3,6.03,2.23,3.8000000000000003,1,3,9,NA,14,10,NA,NA,NA,NA,NA,NA,NA,NA,NA,NA,NA,NA,2019
290,Goiás,6,Nulo,1,gol,Matheus Alves,91712,3,0,0,0,1,0,1,NA,NA,NA,NA,NA,NA,NA,NA,NA,NA,NA,NA,NA,NA,NA,NA,NA,NA,2019
290,Goiás,6,Nulo,5,ata,Júnior Brandão,93909,3,0.8,0.05,2,2.53,-0.06,2.59,1,1,2,NA,NA,NA,NA,2,NA,NA,NA,NA,NA,NA,NA,NA,NA,NA,2019
290,Goiás,7,Provável,2,lat,Jefferson,95220,3,3.3,5.27,3,9.35,0.13,9.219999999999999,NA,1,2,NA,5,6,1,2,NA,NA,NA,1,NA,NA,NA,NA,NA,NA,2019
290,Goiás,6,Nulo,5,ata,Brenner,80080,3,0,0,0,6,0,6,NA,NA,NA,NA,NA,NA,NA,NA,NA,NA,NA,NA,NA,NA,NA,NA,NA,NA,2019
290,Goiás,6,Nulo,2,lat,Kevin ,91888,3,0,4.6,2,7.49,0,7.49,NA,NA,2,NA,7,3,NA,1,NA,NA,NA,1,NA,NA,NA,NA,NA,NA,2019
290,Goiás,6,Nulo,5,ata,Giovanny ,92085,3,0,0,0,2,0,2,NA,NA,NA,NA,NA,NA,NA,NA,NA,NA,NA,NA,NA,NA,NA,NA,NA,NA,2019
282,Atlético-MG,6,Nulo,4,mei,Marquinhos,98765,3,0,0,0,1,0,1,NA,NA,NA,NA,NA,NA,NA,NA,NA,NA,NA,NA,NA,NA,NA,NA,NA,NA,2019
290,Goiás,6,Nulo,2,lat,Loyola,94680,3,0,0,0,2,0,2,NA,NA,NA,NA,NA,NA,NA,NA,NA,NA,NA,NA,NA,NA,NA,NA,NA,NA,2019
290,Goiás,6,Nulo,4,mei,Thalles,95222,3,0,0,0,2,0,2,NA,NA,NA,NA,NA,NA,NA,NA,NA,NA,NA,NA,NA,NA,NA,NA,NA,NA,2019
290,Goiás,6,Nulo,4,mei,Marcinho,95332,3,0,-0.6,1,3.05,0,3.05,NA,NA,NA,NA,2,NA,NA,NA,NA,NA,NA,NA,NA,NA,NA,NA,NA,NA,2019
282,Atlético-MG,7,Provável,5,ata,Chará,99891,3,1.1,4.17,3,9.65,-1.1,10.75,NA,3,2,1,13,3,1,4,NA,NA,NA,NA,NA,NA,NA,NA,NA,NA,2019
290,Goiás,7,Provável,5,ata,Michael,99392,3,8.2,2.6,3,4.9,2.38,2.5200000000000005,NA,1,4,1,8,NA,1,NA,1,NA,NA,NA,NA,NA,NA,NA,NA,NA,2019
276,São Paulo,7,Provável,3,zag,Bruno Alves,73620,3,-0.8,0.93,3,5.02,-0.98,6,NA,10,1,NA,5,2,NA,1,NA,NA,NA,1,NA,NA,NA,NA,NA,NA,2019
276,São Paulo,7,Provável,1,gol,Tiago Volpi,72018,3,1,1.03,3,6.22,-0.28,6.5,NA,NA,NA,NA,3,NA,NA,NA,NA,1,2,1,NA,NA,NA,NA,NA,NA,2019
276,São Paulo,5,Contundido,5,ata,Joao Rojas,70784,3,0,0,0,7,0,7,NA,NA,NA,NA,NA,NA,NA,NA,NA,NA,NA,NA,NA,NA,NA,NA,NA,NA,2019
276,São Paulo,6,Nulo,2,lat,Bruno Peres,73962,3,0,0,0,5,0,5,NA,NA,NA,NA,NA,NA,NA,NA,NA,NA,NA,NA,NA,NA,NA,NA,NA,NA,2019
276,São Paulo,6,Nulo,5,ata,Biro Biro,80949,3,0,0,0,3,0,3,NA,NA,NA,NA,NA,NA,NA,NA,NA,NA,NA,NA,NA,NA,NA,NA,NA,NA,2019
290,Goiás,6,Nulo,4,mei,Ratinho,101841,3,0,0,0,2,0,2,NA,NA,NA,NA,NA,NA,NA,NA,NA,NA,NA,NA,NA,NA,NA,NA,NA,NA,2019
276,São Paulo,6,Nulo,2,lat,Léo,85626,3,0,0,0,5,0,5,NA,NA,NA,NA,NA,NA,NA,NA,NA,NA,NA,NA,NA,NA,NA,NA,NA,NA,2019
266,Fluminense,7,Provável,4,mei,Caio Henrique,98569,3,1.2,1.1,3,4.37,-0.23,4.6000000000000005,NA,3,2,NA,5,3,NA,1,NA,NA,NA,NA,NA,NA,NA,NA,NA,NA,2019
276,São Paulo,6,Nulo,4,mei,Jucilei,63422,3,0,0,0,8,0,8,NA,NA,NA,NA,NA,NA,NA,NA,NA,NA,NA,NA,NA,NA,NA,NA,NA,NA,2019
276,São Paulo,6,Nulo,1,gol,Jean,90933,3,0,0,0,5,0,5,NA,NA,NA,NA,NA,NA,NA,NA,NA,NA,NA,NA,NA,NA,NA,NA,NA,NA,2019
276,São Paulo,6,Nulo,4,mei,Everton Felipe,86519,3,0,0,0,3,0,3,NA,NA,NA,NA,NA,NA,NA,NA,NA,NA,NA,NA,NA,NA,NA,NA,NA,NA,2019
276,São Paulo,6,Nulo,4,mei,Jonatan Gomez,94857,3,0,0,0,3,0,3,NA,NA,NA,NA,NA,NA,NA,NA,NA,NA,NA,NA,NA,NA,NA,NA,NA,NA,2019
276,São Paulo,5,Contundido,3,zag,Arboleda,91573,3,0,2.45,2,8.5,0,8.5,NA,2,NA,NA,2,1,NA,NA,NA,NA,NA,1,NA,NA,NA,NA,NA,NA,2019
276,São Paulo,7,Provável,2,lat,Igor Vinícius,95466,3,0,3.2,2,7.65,0,7.65,NA,5,1,NA,4,2,NA,2,NA,NA,NA,1,1,NA,NA,NA,1,NA,2019
276,São Paulo,6,Nulo,3,zag,Lucas Kal,95662,3,0,0,0,1,0,1,NA,NA,NA,NA,NA,NA,NA,NA,NA,NA,NA,NA,NA,NA,NA,NA,NA,NA,2019
276,São Paulo,3,Suspenso,5,ata,Gonzalo Carneiro,101796,3,0,0,0,5,0,5,NA,NA,NA,NA,NA,NA,NA,NA,NA,NA,NA,NA,NA,NA,NA,NA,NA,NA,2019
276,São Paulo,6,Nulo,4,mei,Igor Gomes,100084,3,0,1.1,1,1.46,0,1.46,NA,1,2,NA,3,1,NA,NA,NA,NA,NA,NA,NA,NA,NA,NA,NA,NA,2019
276,São Paulo,7,Provável,4,mei,Liziero,100761,3,4.5,4.5,1,5.15,0.15,5,NA,2,1,NA,NA,2,1,1,NA,NA,NA,NA,NA,NA,NA,NA,NA,NA,2019
262,Flamengo,6,Nulo,5,ata,Bill,105272,3,0,0,0,1,0,1,NA,NA,NA,NA,NA,NA,NA,NA,NA,NA,NA,NA,NA,NA,NA,NA,NA,NA,2019
266,Fluminense,6,Nulo,1,gol,Agenor,71724,3,0,0,0,3,0,3,NA,NA,NA,NA,NA,NA,NA,NA,NA,NA,NA,NA,NA,NA,NA,NA,NA,NA,2019
276,São Paulo,6,Nulo,1,gol,Lucas Paes,101837,3,0,0,0,2,0,2,NA,NA,NA,NA,NA,NA,NA,NA,NA,NA,NA,NA,NA,NA,NA,NA,NA,NA,2019
276,São Paulo,6,Nulo,5,ata,Brenner,99789,3,0,0,1,2.17,0,2.17,NA,NA,NA,NA,NA,NA,NA,NA,NA,NA,NA,NA,NA,NA,NA,NA,NA,NA,2019
266,Fluminense,6,Nulo,1,gol,Marcos Felipe ,85004,3,0,0,0,2,0,2,NA,NA,NA,NA,NA,NA,NA,NA,NA,NA,NA,NA,NA,NA,NA,NA,NA,NA,2019
266,Fluminense,5,Contundido,2,lat,Mascarenhas,99721,3,0,0,0,3,0,3,NA,NA,NA,NA,NA,NA,NA,NA,NA,NA,NA,NA,NA,NA,NA,NA,NA,NA,2019
266,Fluminense,6,Nulo,4,mei,Caio,101601,3,0,0,0,2,0,2,NA,NA,NA,NA,NA,NA,NA,NA,NA,NA,NA,NA,NA,NA,NA,NA,NA,NA,2019
284,Grêmio,7,Provável,4,mei,Alisson,81845,3,5.6,3.9,2,6.45,0.76,5.69,NA,2,1,NA,3,2,1,NA,NA,NA,NA,NA,1,NA,NA,NA,NA,NA,2019
356,Fortaleza,6,Nulo,2,lat,Bruno Melo,84339,3,0,0,0,4,0,4,NA,NA,NA,NA,NA,NA,NA,NA,NA,NA,NA,NA,NA,NA,NA,NA,NA,NA,2019
266,Fluminense,6,Nulo,5,ata,Marcos Paulo,103645,3,0,0,0,2,0,2,NA,NA,NA,NA,NA,NA,NA,NA,NA,NA,NA,NA,NA,NA,NA,NA,NA,NA,2019
265,Bahia,6,Nulo,2,lat,Ezequiel ,80318,3,0,0,0,4,0,4,NA,NA,NA,NA,NA,NA,NA,NA,NA,NA,NA,NA,NA,NA,NA,NA,NA,NA,2019
354,Ceará,6,Nulo,3,zag,Valdo,84509,3,0,0,0,3,0,3,NA,NA,NA,NA,NA,NA,NA,NA,NA,NA,NA,NA,NA,NA,NA,NA,NA,NA,2019
356,Fortaleza,6,Nulo,5,ata,Romarinho,84523,3,4.5,4.5,1,3.7,0.7,3,NA,1,1,NA,NA,3,NA,NA,NA,NA,NA,NA,NA,NA,NA,NA,NA,NA,2019
266,Fluminense,7,Provável,1,gol,Rodolfo,63082,3,-5.6,0.13,3,2.91,-2.99,5.9,NA,NA,NA,NA,2,NA,NA,NA,NA,5,7,NA,NA,NA,NA,NA,NA,NA,2019
266,Fluminense,6,Nulo,5,ata,João Pedro,104026,3,0,0,1,1.39,0,1.39,NA,NA,NA,NA,NA,NA,NA,NA,NA,NA,NA,NA,NA,NA,NA,NA,NA,NA,2019
354,Ceará,7,Provável,5,ata,Mateus Gonçalves,103076,3,-0.9,-0.9,1,2.6,-1.4,4,NA,NA,NA,NA,3,NA,NA,NA,NA,NA,NA,NA,NA,NA,NA,NA,NA,NA,2019
315,Chapecoense,6,Nulo,4,mei,Orzusa,99160,3,0,0,0,2,0,2,NA,NA,NA,NA,NA,NA,NA,NA,NA,NA,NA,NA,NA,NA,NA,NA,NA,NA,2019
354,Ceará,6,Nulo,2,lat,João Lucas,86740,3,0,13,1,12.49,0,12.49,NA,NA,NA,1,NA,NA,NA,NA,NA,NA,NA,1,NA,NA,NA,NA,NA,NA,2019
284,Grêmio,2,Dúvida,5,ata,Luan,86759,3,5.9,2.17,3,9.82,0.99,8.83,NA,1,2,NA,7,NA,3,NA,1,NA,NA,NA,1,NA,NA,NA,NA,NA,2019
354,Ceará,6,Nulo,5,ata,Leandro Carvalho,88669,3,0,5.75,2,12.04,0,12.04,NA,1,1,1,6,2,1,2,1,NA,NA,NA,NA,NA,NA,NA,NA,NA,2019
356,Fortaleza,6,Nulo,4,mei,Dodô,84927,3,0,0,1,3.63,-1.37,5,NA,NA,NA,NA,NA,NA,NA,NA,NA,NA,NA,NA,NA,NA,NA,NA,NA,NA,2019
284,Grêmio,2,Dúvida,4,mei,Thaciano,87470,3,0,0.6,1,3.88,0,3.88,NA,NA,1,NA,3,1,NA,NA,1,NA,NA,NA,NA,NA,NA,NA,NA,NA,2019
356,Fortaleza,6,Nulo,1,gol,Marcelo Boeck,37788,3,0,0,0,5,0,5,NA,NA,NA,NA,NA,NA,NA,NA,NA,NA,NA,NA,NA,NA,NA,NA,NA,NA,2019
284,Grêmio,7,Provável,2,lat,Leonardo,86973,3,0,0.45,2,4.44,0,4.44,1,3,NA,NA,7,3,1,1,NA,NA,NA,NA,NA,NA,NA,NA,NA,NA,2019
354,Ceará,6,Nulo,5,ata,João Paulo,91972,3,0,0,0,3,0,3,NA,NA,NA,NA,NA,NA,NA,NA,NA,NA,NA,NA,NA,NA,NA,NA,NA,NA,2019
356,Fortaleza,6,Nulo,4,mei,Derley,60791,3,0,0,0,5,0,5,NA,NA,NA,NA,NA,NA,NA,NA,NA,NA,NA,NA,NA,NA,NA,NA,NA,NA,2019
356,Fortaleza,7,Provável,2,lat,Carlinhos,63194,3,4.9,2.63,3,5.06,0.89,4.17,1,4,4,NA,5,6,NA,3,NA,NA,NA,NA,NA,NA,NA,NA,NA,NA,2019
356,Fortaleza,6,Nulo,3,zag,Patrick,91914,3,0,0,0,4,0,4,NA,NA,NA,NA,NA,NA,NA,NA,NA,NA,NA,NA,NA,NA,NA,NA,NA,NA,2019
266,Fluminense,2,Dúvida,4,mei,Daniel,93791,3,0.9,0.9,1,3.93,-1.07,5,NA,2,2,NA,1,NA,1,NA,NA,NA,NA,NA,NA,NA,NA,NA,NA,NA,2019
356,Fortaleza,6,Nulo,5,ata,Matheus Alessandro,97527,3,0,0,0,3,0,3,NA,NA,NA,NA,NA,NA,NA,NA,NA,NA,NA,NA,NA,NA,NA,NA,NA,NA,2019
266,Fluminense,2,Dúvida,5,ata,Pedro,94583,3,9,6.07,3,11.75,1.48,10.27,NA,2,1,2,NA,1,1,NA,NA,NA,NA,NA,NA,NA,NA,NA,NA,NA,2019
356,Fortaleza,7,Provável,4,mei,Araruna,95660,3,2.5,1.45,2,4.11,0.32,3.7900000000000005,1,1,NA,NA,2,4,NA,NA,NA,NA,NA,NA,NA,NA,NA,NA,NA,NA,2019
266,Fluminense,5,Contundido,3,zag,Léo Santos,95820,3,0,0,0,6,0,6,NA,NA,NA,NA,NA,NA,NA,NA,NA,NA,NA,NA,NA,NA,NA,NA,NA,NA,2019
262,Flamengo,6,Nulo,3,zag,Matheus Dantas,101592,3,-0.6,-0.6,1,1.25,-0.75,2,NA,NA,1,NA,2,NA,NA,NA,1,NA,NA,NA,NA,NA,NA,NA,NA,NA,2019
262,Flamengo,6,Nulo,2,lat,Kleber,100126,3,0,0,0,2,0,2,NA,NA,NA,NA,NA,NA,NA,NA,NA,NA,NA,NA,NA,NA,NA,NA,NA,NA,2019
266,Fluminense,6,Nulo,4,mei,Zé Ricardo,102911,3,0,0,0,1,0,1,NA,NA,NA,NA,NA,NA,NA,NA,NA,NA,NA,NA,NA,NA,NA,NA,NA,NA,2019
356,Fortaleza,7,Provável,3,zag,Quintero,96382,3,1.1,0.17,3,2.22,0.08,2.14,NA,1,2,NA,5,1,NA,NA,NA,NA,NA,NA,NA,NA,NA,NA,NA,NA,2019
356,Fortaleza,6,Nulo,4,mei,Paulo Roberto,69047,3,0,2.1,2,5.19,0,5.19,NA,4,6,NA,2,2,NA,1,NA,NA,NA,NA,NA,NA,NA,NA,NA,NA,2019
262,Flamengo,7,Provável,4,mei,Hugo Moura,101594,3,6.6,6.6,1,4.41,1.41,3,NA,1,NA,NA,3,2,NA,NA,NA,NA,NA,NA,1,NA,NA,NA,NA,NA,2019
356,Fortaleza,6,Nulo,3,zag,Nathan,102607,3,1.7,1.7,1,2.75,-0.25,3,NA,1,2,NA,1,1,NA,NA,NA,NA,NA,NA,NA,NA,NA,NA,NA,NA,2019
356,Fortaleza,6,Nulo,4,mei,Romero,79109,3,0,0,0,4,0,4,NA,NA,NA,NA,NA,NA,NA,NA,NA,NA,NA,NA,NA,NA,NA,NA,NA,NA,2019
266,Fluminense,7,Provável,5,ata,Yony González,97080,3,18.8,8.3,3,13.59,5.32,8.27,NA,2,5,2,1,3,NA,4,NA,NA,NA,NA,NA,NA,NA,NA,NA,NA,2019
356,Fortaleza,7,Provável,5,ata,Júnior Santos,101002,3,4.9,3.03,3,5.94,0.82,5.12,NA,4,2,NA,5,3,3,5,1,NA,NA,NA,NA,NA,NA,NA,NA,NA,2019
356,Fortaleza,7,Provável,1,gol,Felipe Alves,72372,3,7,4.9,3,9.05,1.7,7.3500000000000005,NA,NA,NA,NA,1,NA,NA,NA,NA,9,6,NA,NA,NA,NA,NA,NA,NA,2019
266,Fluminense,7,Provável,4,mei,Allan,96652,3,2.7,0.57,3,2.72,0.75,1.9700000000000002,1,6,3,NA,16,4,2,2,NA,NA,NA,NA,NA,NA,NA,NA,NA,NA,2019
356,Fortaleza,5,Contundido,5,ata,Éderson,73446,3,0,0,0,6,0,6,NA,NA,NA,NA,NA,NA,NA,NA,NA,NA,NA,NA,NA,NA,NA,NA,NA,NA,2019
266,Fluminense,5,Contundido,3,zag,Frazan,97528,3,0,0,0,3,0,3,NA,NA,NA,NA,NA,NA,NA,NA,NA,NA,NA,NA,NA,NA,NA,NA,NA,NA,2019
262,Flamengo,6,Nulo,5,ata,Vitor Gabriel,101596,3,0,0,0,2,0,2,NA,NA,NA,NA,NA,NA,NA,NA,NA,NA,NA,NA,NA,NA,NA,NA,NA,NA,2019
262,Flamengo,6,Nulo,4,mei,Reinier,105068,3,0,0,0,3,0,3,NA,NA,NA,NA,NA,NA,NA,NA,NA,NA,NA,NA,NA,NA,NA,NA,NA,NA,2019
262,Flamengo,6,Nulo,4,mei,Vinícius,105199,3,0,0,0,2,0,2,NA,NA,NA,NA,NA,NA,NA,NA,NA,NA,NA,NA,NA,NA,NA,NA,NA,NA,2019
266,Fluminense,6,Nulo,5,ata,Marcos Calazans,97452,3,0,0,0,3,0,3,NA,NA,NA,NA,NA,NA,NA,NA,NA,NA,NA,NA,NA,NA,NA,NA,NA,NA,2019
356,Fortaleza,7,Provável,4,mei,Edinho,80193,3,2.1,4.77,3,8.51,-0.66,9.17,1,1,5,1,4,1,3,3,NA,NA,NA,NA,NA,NA,NA,NA,NA,NA,2019
356,Fortaleza,6,Nulo,1,gol,Max Walef,84338,3,0,0,0,1,0,1,NA,NA,NA,NA,NA,NA,NA,NA,NA,NA,NA,NA,NA,NA,NA,NA,NA,NA,2019
356,Fortaleza,7,Provável,2,lat,Tinga,82628,3,1.9,-0.2,2,0.73,0.04,0.69,NA,3,1,NA,8,2,NA,NA,NA,NA,NA,NA,NA,NA,NA,NA,NA,NA,2019
290,Goiás,6,Nulo,4,mei,Figueira,102565,3,0,0,0,1,0,1,NA,NA,NA,NA,NA,NA,NA,NA,NA,NA,NA,NA,NA,NA,NA,NA,NA,NA,2019
356,Fortaleza,7,Provável,5,ata,Wellington Paulista,38279,3,1.6,4.93,3,10.63,-0.97,11.600000000000001,NA,9,4,1,1,2,1,3,NA,NA,NA,NA,NA,1,NA,NA,NA,NA,2019
356,Fortaleza,5,Contundido,2,lat,Diego Tavares,83869,3,0,0,0,3,0,3,NA,NA,NA,NA,NA,NA,NA,NA,NA,NA,NA,NA,NA,NA,NA,NA,NA,NA,2019
282,Atlético-MG,6,Nulo,2,lat,Carlos Cesar,61211,3,0,0,0,4,0,4,NA,NA,NA,NA,NA,NA,NA,NA,NA,NA,NA,NA,NA,NA,NA,NA,NA,NA,2019
290,Goiás,6,Nulo,3,zag,Iago Mendonça,105278,3,0,0,0,1,0,1,NA,NA,NA,NA,NA,NA,NA,NA,NA,NA,NA,NA,NA,NA,NA,NA,NA,NA,2019
282,Atlético-MG,6,Nulo,5,ata,Maicon,62968,3,-0.3,3.75,2,7.01,-1.44,8.45,NA,1,2,NA,1,1,NA,1,NA,NA,NA,NA,1,NA,NA,NA,NA,NA,2019
356,Fortaleza,6,Nulo,4,mei,Gabriel Dias,88368,3,0,0.6,2,2.71,0,2.71,1,4,2,NA,1,3,NA,NA,NA,NA,NA,NA,NA,NA,NA,NA,NA,NA,2019
282,Atlético-MG,6,Nulo,3,zag,Leonardo Silva,68925,3,0,0,1,6.24,0,6.24,NA,NA,NA,NA,NA,NA,NA,NA,NA,NA,NA,NA,NA,NA,NA,NA,NA,NA,2019
276,São Paulo,6,Nulo,1,gol,Júnior,103662,3,0,0,0,1,0,1,NA,NA,NA,NA,NA,NA,NA,NA,NA,NA,NA,NA,NA,NA,NA,NA,NA,NA,2019
356,Fortaleza,6,Nulo,5,ata,Marcinho,90458,3,-0.3,2.07,3,3.8,-0.92,4.72,1,2,2,NA,5,3,1,NA,2,NA,NA,NA,1,NA,NA,NA,NA,NA,2019
290,Goiás,6,Nulo,5,ata,Vinícius,104660,3,0,0,0,1,0,1,NA,NA,NA,NA,NA,NA,NA,NA,NA,NA,NA,NA,NA,NA,NA,NA,NA,NA,2019
356,Fortaleza,6,Nulo,5,ata,Gustavo Coutinho,104362,3,0,0,0,1,0,1,NA,NA,NA,NA,NA,NA,NA,NA,NA,NA,NA,NA,NA,NA,NA,NA,NA,NA,2019
356,Fortaleza,7,Provável,3,zag,Roger Carvalho,51415,3,0,2.05,2,5.25,0,5.25,NA,NA,1,NA,3,3,NA,NA,NA,NA,NA,NA,NA,NA,NA,NA,NA,NA,2019
356,Fortaleza,6,Nulo,2,lat,Talison,105173,3,0,0,0,1,0,1,NA,NA,NA,NA,NA,NA,NA,NA,NA,NA,NA,NA,NA,NA,NA,NA,NA,NA,2019
356,Fortaleza,6,Nulo,2,lat,Diego Ferreira,91783,3,0,0,0,4,0,4,NA,NA,NA,NA,NA,NA,NA,NA,NA,NA,NA,NA,NA,NA,NA,NA,NA,NA,2019
356,Fortaleza,6,Nulo,4,mei,Felipe,91733,3,0,5.4,1,6.52,0,6.52,NA,2,2,NA,1,3,1,NA,NA,NA,NA,NA,NA,NA,NA,NA,NA,NA,2019
356,Fortaleza,6,Nulo,4,mei,Marlon,88427,3,0,2,1,4.49,0,4.49,NA,NA,1,NA,NA,1,NA,NA,NA,NA,NA,NA,NA,NA,NA,NA,NA,NA,2019
356,Fortaleza,7,Provável,5,ata,Osvaldo,42222,3,1.1,1.93,3,4.79,-0.51,5.3,1,3,2,NA,7,2,2,NA,NA,NA,NA,NA,1,NA,NA,NA,NA,NA,2019
276,São Paulo,6,Nulo,5,ata,Helinho,102598,3,-0.5,-0.5,1,4.18,-1.82,6,NA,2,1,NA,NA,NA,NA,NA,NA,NA,NA,NA,NA,NA,NA,NA,NA,NA,2019
282,Atlético-MG,6,Nulo,4,mei,Vinícius,71162,3,0,-0.5,1,4.51,0,4.51,NA,2,NA,NA,1,NA,NA,1,NA,NA,NA,NA,NA,NA,NA,NA,NA,NA,2019
276,São Paulo,7,Provável,5,ata,Antony,103455,3,3.3,6.97,3,12.53,-0.59,13.12,NA,NA,9,NA,8,2,1,2,NA,NA,NA,NA,2,1,NA,NA,NA,NA,2019
276,São Paulo,2,Dúvida,3,zag,Walce,104074,3,0,0,1,1.45,-0.55,2,NA,NA,NA,NA,NA,NA,NA,NA,NA,NA,NA,NA,NA,NA,NA,NA,NA,NA,2019
267,Vasco,6,Nulo,4,mei,Bruno César,52558,3,0.5,4,2,8.92,-1.14,10.06,NA,1,1,1,NA,NA,NA,NA,NA,NA,NA,NA,NA,NA,NA,NA,NA,NA,2019
282,Atlético-MG,7,Provável,4,mei,Luan,63219,3,0,1.6,2,6.69,0,6.69,NA,1,2,NA,6,3,NA,NA,NA,NA,NA,NA,NA,NA,NA,NA,NA,NA,2019
267,Vasco,7,Provável,2,lat,Claudio Winck,74074,3,0.1,2.15,2,4.01,-0.71,4.72,1,2,NA,NA,6,5,NA,2,NA,NA,NA,NA,NA,NA,NA,NA,NA,NA,2019
267,Vasco,6,Nulo,3,zag,Oswaldo Henríquez,81241,3,0,0,0,3,0,3,NA,NA,NA,NA,NA,NA,NA,NA,NA,NA,NA,NA,NA,NA,NA,NA,NA,NA,2019
267,Vasco,7,Provável,5,ata,Rossi,81798,3,2.2,1.1,2,4.5,0.16,4.34,NA,2,1,NA,NA,1,1,NA,NA,NA,NA,NA,NA,NA,NA,NA,NA,NA,2019
276,São Paulo,6,Nulo,3,zag,Rodrigo Freitas,103261,3,0,0,0,2,0,2,NA,NA,NA,NA,NA,NA,NA,NA,NA,NA,NA,NA,NA,NA,NA,NA,NA,NA,2019
267,Vasco,6,Nulo,3,zag,Luiz Gustavo,80573,3,-0.1,-0.1,1,2.87,-1.13,4,NA,1,NA,NA,4,NA,NA,2,NA,NA,NA,NA,NA,NA,NA,NA,NA,NA,2019
267,Vasco,5,Contundido,3,zag,Breno,50408,3,0,0,0,6,0,6,NA,NA,NA,NA,NA,NA,NA,NA,NA,NA,NA,NA,NA,NA,NA,NA,NA,NA,2019
276,São Paulo,5,Contundido,4,mei,Luan,102909,3,0,0,0,5,0,5,NA,NA,NA,NA,NA,NA,NA,NA,NA,NA,NA,NA,NA,NA,NA,NA,NA,NA,2019
267,Vasco,6,Nulo,4,mei,Bruno Silva,83626,3,0,0,0,3,0,3,NA,NA,NA,NA,NA,NA,NA,NA,NA,NA,NA,NA,NA,NA,NA,NA,NA,NA,2019
267,Vasco,6,Nulo,2,lat,Henrique,84893,3,0,2.8,1,4.11,0,4.11,NA,1,2,NA,4,1,1,1,NA,NA,NA,NA,NA,NA,NA,NA,NA,NA,2019
267,Vasco,6,Nulo,4,mei,Andrey,93787,3,0,1.7,1,4.35,0,4.35,NA,NA,NA,NA,2,1,NA,1,NA,NA,NA,NA,NA,NA,NA,NA,NA,NA,2019
267,Vasco,7,Provável,3,zag,Werley,62974,3,0,-2.2,2,0.72,0,0.72,NA,NA,NA,NA,2,NA,1,NA,NA,NA,NA,NA,NA,NA,NA,NA,NA,1,2019
267,Vasco,6,Nulo,1,gol,Gabriel Félix,92057,3,0,0,0,2,0,2,NA,NA,NA,NA,NA,NA,NA,NA,NA,NA,NA,NA,NA,NA,NA,NA,NA,NA,2019
267,Vasco,6,Nulo,4,mei,Willian Maranhão,87262,3,0,0,0,3,0,3,NA,NA,NA,NA,NA,NA,NA,NA,NA,NA,NA,NA,NA,NA,NA,NA,NA,NA,2019
341,CSA,7,Provável,1,gol,Jordi,86776,3,11.5,4.9,3,5.52,3.44,2.0799999999999996,NA,NA,2,NA,1,NA,NA,NA,NA,5,3,1,NA,NA,NA,NA,NA,NA,2019
267,Vasco,6,Nulo,1,gol,Fernando Miguel,71571,3,0,0,0,8,0,8,NA,NA,NA,NA,NA,NA,NA,NA,NA,NA,NA,NA,NA,NA,NA,NA,NA,NA,2019
267,Vasco,7,Provável,4,mei,Raul,92496,3,7.2,5.65,2,7.31,1.69,5.619999999999999,2,4,3,NA,4,10,1,1,NA,NA,NA,NA,NA,NA,NA,NA,NA,NA,2019
267,Vasco,5,Contundido,2,lat,Ramon,68896,3,0,0,0,5,0,5,NA,NA,NA,NA,NA,NA,NA,NA,NA,NA,NA,NA,NA,NA,NA,NA,NA,NA,2019
267,Vasco,7,Provável,4,mei,Lucas Mineiro,90634,3,0.4,2.53,3,5.61,-0.85,6.46,NA,7,1,NA,5,7,NA,2,NA,NA,NA,NA,NA,NA,NA,NA,NA,NA,2019
267,Vasco,6,Nulo,2,lat,Raúl Cáceres,71680,3,0,-1.5,1,3.12,0,3.12,NA,3,NA,NA,NA,NA,NA,NA,NA,NA,NA,NA,NA,NA,NA,NA,NA,NA,2019
263,Botafogo,7,Provável,5,ata,Diego Souza,68911,3,-0.8,-1.05,2,4.27,-0.95,5.22,NA,3,1,NA,9,NA,NA,2,NA,NA,NA,NA,NA,NA,NA,NA,NA,NA,2019
267,Vasco,6,Nulo,4,mei,Fellipe Bastos,70116,3,0,5.3,1,4.47,0,4.47,NA,1,NA,NA,1,3,NA,2,NA,NA,NA,NA,NA,NA,NA,NA,NA,NA,2019
267,Vasco,6,Nulo,5,ata,Ribamar,94068,3,0,0.8,1,2.64,0,2.64,NA,NA,NA,NA,NA,NA,NA,1,NA,NA,NA,NA,NA,NA,NA,NA,NA,NA,2019
267,Vasco,6,Nulo,5,ata,Caio Monteiro,93789,3,0,0,0,3,0,3,NA,NA,NA,NA,NA,NA,NA,NA,NA,NA,NA,NA,NA,NA,NA,NA,NA,NA,2019
267,Vasco,7,Provável,5,ata,Maxi López,68800,3,5.6,3.9,3,6.9,0.81,6.09,NA,9,2,2,6,1,NA,NA,1,NA,NA,NA,NA,NA,NA,NA,NA,NA,2019
354,Ceará,6,Nulo,4,mei,Thiago Galhardo,71844,3,0,0,0,7,0,7,NA,NA,NA,NA,NA,NA,NA,NA,NA,NA,NA,NA,NA,NA,NA,NA,NA,NA,2019
267,Vasco,7,Provável,3,zag,Ricardo,99881,3,3.6,3.23,3,6.8,0.64,6.16,NA,3,1,NA,7,8,NA,1,NA,NA,NA,NA,NA,NA,NA,NA,NA,NA,2019
267,Vasco,7,Provável,4,mei,Yan Sasse,96055,3,1,1.87,3,4.03,-0.3,4.33,NA,3,3,NA,6,2,1,4,NA,NA,NA,NA,NA,NA,NA,NA,NA,NA,2019
267,Vasco,6,Nulo,5,ata,Marrony,101717,3,0,6.95,2,13.8,0,13.8,NA,4,7,NA,4,2,2,4,NA,NA,NA,NA,1,NA,NA,NA,NA,NA,2019
267,Vasco,6,Nulo,5,ata,Tiago Reis,104678,3,0,0,0,5,0,5,NA,NA,NA,NA,NA,NA,NA,NA,NA,NA,NA,NA,NA,NA,NA,NA,NA,NA,2019
267,Vasco,6,Nulo,4,mei,Lucas Santos,101718,3,0,0,0,5,0,5,NA,NA,NA,NA,NA,NA,NA,NA,NA,NA,NA,NA,NA,NA,NA,NA,NA,NA,2019
267,Vasco,7,Provável,2,lat,Danilo Barcelos,84382,3,-0.1,0.95,2,4.88,-1.36,6.24,NA,6,1,NA,3,3,NA,1,NA,NA,NA,NA,NA,NA,NA,NA,NA,NA,2019
267,Vasco,6,Nulo,2,lat,Rafael França,101719,3,0,0,0,2,0,2,NA,NA,NA,NA,NA,NA,NA,NA,NA,NA,NA,NA,NA,NA,NA,NA,NA,NA,2019
267,Vasco,6,Nulo,5,ata,Hugo Borges,95875,3,0,0,0,2,0,2,NA,NA,NA,NA,NA,NA,NA,NA,NA,NA,NA,NA,NA,NA,NA,NA,NA,NA,2019
267,Vasco,6,Nulo,3,zag,Miranda,101720,3,0,0.7,1,2.57,0,2.57,NA,2,1,NA,1,1,NA,NA,NA,NA,NA,NA,NA,NA,NA,NA,NA,NA,2019
267,Vasco,6,Nulo,4,mei,Rodrigo Fernandes,102771,3,0,0,0,2,0,2,NA,NA,NA,NA,NA,NA,NA,NA,NA,NA,NA,NA,NA,NA,NA,NA,NA,NA,2019
267,Vasco,6,Nulo,1,gol,João Pedro,101721,3,0,0,0,1,0,1,NA,NA,NA,NA,NA,NA,NA,NA,NA,NA,NA,NA,NA,NA,NA,NA,NA,NA,2019
267,Vasco,6,Nulo,5,ata,Moresche,102719,3,0,0,0,2,0,2,NA,NA,NA,NA,NA,NA,NA,NA,NA,NA,NA,NA,NA,NA,NA,NA,NA,NA,2019
315,Chapecoense,3,Suspenso,1,gol,João Ricardo,81881,3,0,0,0,6,0,6,NA,NA,NA,NA,NA,NA,NA,NA,NA,NA,NA,NA,NA,NA,NA,NA,NA,NA,2019
267,Vasco,5,Contundido,5,ata,Vinícius Araújo,82767,3,0,0,0,2,0,2,NA,NA,NA,NA,NA,NA,NA,NA,NA,NA,NA,NA,NA,NA,NA,NA,NA,NA,2019
283,Cruzeiro,6,Nulo,4,mei,Thiago Neves,38277,3,0,2.6,3,5.01,-1.18,6.1899999999999995,1,1,NA,1,4,1,1,1,NA,NA,NA,NA,NA,NA,NA,NA,NA,NA,2019
285,Internacional,6,Nulo,2,lat,Heitor,104649,3,0,0,0,1,0,1,NA,NA,NA,NA,NA,NA,NA,NA,NA,NA,NA,NA,NA,NA,NA,NA,NA,NA,2019
267,Vasco,6,Nulo,4,mei,Dudu,102852,3,0,0,0,3,0,3,NA,NA,NA,NA,NA,NA,NA,NA,NA,NA,NA,NA,NA,NA,NA,NA,NA,NA,2019
315,Chapecoense,7,Provável,6,tec,Ney Franco,37246,3,3.35,4.21,3,8.13,0.32,7.8100000000000005,NA,NA,NA,NA,NA,NA,NA,NA,NA,NA,NA,NA,NA,NA,NA,NA,NA,NA,2019
284,Grêmio,6,Nulo,2,lat,Bruno Cortez,72079,3,4.4,2.25,2,5.59,-0.03,5.62,NA,1,1,NA,5,1,NA,NA,1,NA,NA,NA,1,NA,NA,NA,NA,NA,2019
264,Corinthians,7,Provável,4,mei,Sornoza,87877,3,0,1.3,2,4.53,0,4.53,NA,3,3,NA,4,2,NA,1,NA,NA,NA,NA,NA,NA,NA,NA,NA,NA,2019
284,Grêmio,6,Nulo,2,lat,Rafael Galhardo,68821,3,0,0,0,3,0,3,NA,NA,NA,NA,NA,NA,NA,NA,NA,NA,NA,NA,NA,NA,NA,NA,NA,NA,2019
290,Goiás,6,Nulo,3,zag,Rafael Vaz,73421,3,0,13,1,13.18,0,13.18,NA,NA,NA,1,NA,NA,NA,NA,NA,NA,NA,1,NA,NA,NA,NA,NA,NA,2019
293,Athlético-PR,2,Dúvida,3,zag,Thiago Heleno,38394,3,0,-2.1,2,1.27,0,1.27,2,2,1,NA,3,NA,1,NA,NA,NA,NA,NA,NA,NA,NA,NA,NA,NA,2019
356,Fortaleza,7,Provável,6,tec,Rogério Ceni,97341,3,2.97,3.08,3,6.51,0.12,6.39,NA,NA,NA,NA,NA,NA,NA,NA,NA,NA,NA,NA,NA,NA,NA,NA,NA,NA,2019
284,Grêmio,6,Nulo,4,mei,Montoya,94840,3,0,5.9,1,7.62,0,7.62,NA,2,2,NA,6,1,1,NA,NA,NA,NA,NA,1,NA,NA,NA,NA,NA,2019
262,Flamengo,6,Nulo,4,mei,Cuéllar,71709,3,0,6.8,2,13.56,0,13.56,NA,3,1,NA,4,10,NA,1,NA,NA,NA,NA,NA,NA,NA,NA,NA,NA,2019
341,CSA,7,Provável,2,lat,Apodi,51042,3,8.8,2.83,3,5.84,2.53,3.31,NA,3,3,NA,10,3,1,1,NA,NA,NA,1,NA,NA,NA,NA,NA,NA,2019
314,Avaí,6,Nulo,5,ata,Jô,101317,3,0,0,0,1,0,1,NA,NA,NA,NA,NA,NA,NA,NA,NA,NA,NA,NA,NA,NA,NA,NA,NA,NA,2019
276,São Paulo,6,Nulo,5,ata,Alexandre Pato,49675,3,0.8,3.57,3,7.02,-1.11,8.129999999999999,NA,3,2,1,4,2,NA,3,2,NA,NA,NA,NA,NA,NA,NA,NA,NA,2019
284,Grêmio,6,Nulo,4,mei,Romulo,70009,3,0,8.2,1,6.45,0,6.45,1,4,NA,1,1,3,NA,NA,NA,NA,NA,NA,NA,NA,NA,NA,NA,NA,2019
276,São Paulo,7,Provável,4,mei,Tchê Tchê,86686,3,12.6,4.27,3,6.54,3.91,2.63,NA,5,3,1,7,1,4,2,NA,NA,NA,NA,NA,NA,NA,NA,NA,NA,2019
276,São Paulo,7,Provável,6,tec,Cuca,42411,3,2.51,3.6,3,9.06,-0.27,9.33,NA,NA,NA,NA,NA,NA,NA,NA,NA,NA,NA,NA,NA,NA,NA,NA,NA,NA,2019
356,Fortaleza,6,Nulo,4,mei,Tião,47134,3,0,0,0,1,0,1,NA,NA,NA,NA,NA,NA,NA,NA,NA,NA,NA,NA,NA,NA,NA,NA,NA,NA,2019
265,Bahia,7,Provável,6,tec,Roger Machado ,79437,3,4.93,4.78,3,9.8,0.62,9.180000000000001,NA,NA,NA,NA,NA,NA,NA,NA,NA,NA,NA,NA,NA,NA,NA,NA,NA,NA,2019
293,Athlético-PR,6,Nulo,2,lat,Abner,84860,3,0,0,0,4,0,4,NA,NA,NA,NA,NA,NA,NA,NA,NA,NA,NA,NA,NA,NA,NA,NA,NA,NA,2019
283,Cruzeiro,7,Provável,5,ata,Pedro Rocha,90302,3,5.9,7.5,2,12.87,0.31,12.559999999999999,NA,1,4,1,6,1,NA,1,NA,NA,NA,NA,1,NA,NA,NA,NA,NA,2019
262,Flamengo,6,Nulo,2,lat,João Lucas,104257,3,0,0,0,2,0,2,NA,NA,NA,NA,NA,NA,NA,NA,NA,NA,NA,NA,NA,NA,NA,NA,NA,NA,2019
290,Goiás,7,Provável,1,gol,Tadeu,82453,3,5.5,5.37,3,12.29,0.93,11.36,NA,NA,2,NA,3,NA,NA,NA,NA,4,4,1,NA,NA,1,NA,NA,NA,2019
276,São Paulo,6,Nulo,4,mei,Vitor Bueno,87552,3,0,1.5,1,5.9,0,5.9,NA,NA,NA,NA,NA,1,NA,NA,NA,NA,NA,NA,NA,NA,NA,NA,NA,NA,2019
282,Atlético-MG,7,Provável,6,tec,Rodrigo Santana,97922,3,5.42,4.97,3,10.24,0.6,9.64,NA,NA,NA,NA,NA,NA,NA,NA,NA,NA,NA,NA,NA,NA,NA,NA,NA,NA,2019
263,Botafogo,7,Provável,6,tec,Eduardo Barroca,77774,3,6.57,3.87,3,7.98,1.3,6.680000000000001,NA,NA,NA,NA,NA,NA,NA,NA,NA,NA,NA,NA,NA,NA,NA,NA,NA,NA,2019
266,Fluminense,6,Nulo,4,mei,Léo Artur,82644,3,0,-0.3,2,1.75,0,1.75,NA,1,1,NA,2,NA,NA,NA,NA,NA,NA,NA,NA,NA,NA,NA,NA,NA,2019
290,Goiás,7,Provável,5,ata,Kayke,50402,3,0.7,0.7,3,3.26,-0.1,3.36,1,3,3,NA,6,1,1,4,NA,NA,NA,NA,NA,NA,NA,NA,NA,NA,2019
266,Fluminense,6,Nulo,5,ata,Ewandro,86842,3,0,0,0,4,0,4,NA,NA,NA,NA,NA,NA,NA,NA,NA,NA,NA,NA,NA,NA,NA,NA,NA,NA,2019
315,Chapecoense,5,Contundido,1,gol,Vagner,78151,3,0,0,0,4,0,4,NA,NA,NA,NA,NA,NA,NA,NA,NA,NA,NA,NA,NA,NA,NA,NA,NA,NA,2019
263,Botafogo,6,Nulo,4,mei,Yuri,88125,3,0,0,1,2.9,-1.1,4,NA,NA,NA,NA,NA,NA,NA,NA,NA,NA,NA,NA,NA,NA,NA,NA,NA,NA,2019
267,Vasco,7,Provável,6,tec,Marcos Valadares,84930,3,2,3,3,7.52,-0.3,7.819999999999999,NA,NA,NA,NA,NA,NA,NA,NA,NA,NA,NA,NA,NA,NA,NA,NA,NA,NA,2019
264,Corinthians,6,Nulo,5,ata,Janderson,97245,3,0,-0.5,1,1.23,0,1.23,NA,1,NA,NA,NA,NA,NA,NA,NA,NA,NA,NA,NA,NA,NA,NA,NA,NA,2019
277,Santos,6,Nulo,4,mei,Jobson,93377,3,0,0,0,4,0,4,NA,NA,NA,NA,NA,NA,NA,NA,NA,NA,NA,NA,NA,NA,NA,NA,NA,NA,2019
267,Vasco,6,Nulo,4,mei,Marcos Júnior,93893,3,0,0,0,3,0,3,NA,NA,NA,NA,NA,NA,NA,NA,NA,NA,NA,NA,NA,NA,NA,NA,NA,NA,2019
290,Goiás,7,Provável,6,tec,Claudinei Oliveira,84761,3,2.75,3.13,3,7.38,0.16,7.22,NA,NA,NA,NA,NA,NA,NA,NA,NA,NA,NA,NA,NA,NA,NA,NA,NA,NA,2019
314,Avaí,6,Nulo,2,lat,Paulinho,78512,3,1.7,1.07,3,2.31,0.34,1.97,NA,6,3,NA,7,4,NA,1,NA,NA,NA,NA,NA,NA,NA,NA,NA,NA,2019
264,Corinthians,6,Nulo,4,mei,Roni,105585,3,0,0,0,2,0,2,NA,NA,NA,NA,NA,NA,NA,NA,NA,NA,NA,NA,NA,NA,NA,NA,NA,NA,2019
356,Fortaleza,6,Nulo,3,zag,Diguinho,105282,3,0,0,0,2,0,2,NA,NA,NA,NA,NA,NA,NA,NA,NA,NA,NA,NA,NA,NA,NA,NA,NA,NA,2019
356,Fortaleza,6,Nulo,1,gol,Matheus Inácio,80394,3,0,0,0,2,0,2,NA,NA,NA,NA,NA,NA,NA,NA,NA,NA,NA,NA,NA,NA,NA,NA,NA,NA,2019
264,Corinthians,6,Nulo,2,lat,Lucas Piton,105584,3,0,0,0,1,0,1,NA,NA,NA,NA,NA,NA,NA,NA,NA,NA,NA,NA,NA,NA,NA,NA,NA,NA,2019
267,Vasco,6,Nulo,5,ata,Jairinho,102139,3,1.5,1.5,1,2.69,-0.31,3,NA,1,1,NA,NA,1,NA,NA,NA,NA,NA,NA,NA,NA,NA,NA,NA,NA,2019
267,Vasco,6,Nulo,4,mei,Valdívia,85423,3,-0.8,-0.15,2,3.66,-0.9,4.5600000000000005,NA,1,NA,NA,2,NA,NA,1,NA,NA,NA,NA,NA,NA,NA,NA,NA,NA,2019
285,Internacional,5,Contundido,4,mei,Patrick,83433,3,7.6,6.15,2,9.85,1.3,8.549999999999999,NA,2,5,NA,4,8,NA,NA,NA,NA,NA,NA,NA,NA,NA,NA,NA,NA,2019
267,Vasco,6,Nulo,1,gol,Alexander,105553,3,0,6,2,9.79,0,9.79,NA,NA,NA,NA,NA,NA,NA,NA,NA,8,6,NA,NA,NA,NA,NA,NA,NA,2019
314,Avaí,7,Provável,4,mei,Luanderson ,86380,3,3,3,1,2.47,0.47,2,NA,2,4,NA,1,1,NA,1,NA,NA,NA,NA,NA,NA,NA,NA,NA,NA,2019
264,Corinthians,6,Nulo,3,zag,Bruno Méndez,103700,3,0,0,0,6,0,6,NA,NA,NA,NA,NA,NA,NA,NA,NA,NA,NA,NA,NA,NA,NA,NA,NA,NA,2019
341,CSA,6,Nulo,5,ata,Maranhão,73513,3,0,0,0,3,0,3,NA,NA,NA,NA,NA,NA,NA,NA,NA,NA,NA,NA,NA,NA,NA,NA,NA,NA,2019
267,Vasco,6,Nulo,2,lat,Riquelme,105566,3,0,0,0,1,0,1,NA,NA,NA,NA,NA,NA,NA,NA,NA,NA,NA,NA,NA,NA,NA,NA,NA,NA,2019
341,CSA,6,Nulo,3,zag,Lucas Dias,104356,3,0,0,0,2,0,2,NA,NA,NA,NA,NA,NA,NA,NA,NA,NA,NA,NA,NA,NA,NA,NA,NA,NA,2019
264,Corinthians,6,Nulo,4,mei,Matheus Jesus,95335,3,0,0,0,5,0,5,NA,NA,NA,NA,NA,NA,NA,NA,NA,NA,NA,NA,NA,NA,NA,NA,NA,NA,2019
354,Ceará,6,Nulo,5,ata,Rick,104459,3,0,0,0,2,0,2,NA,NA,NA,NA,NA,NA,NA,NA,NA,NA,NA,NA,NA,NA,NA,NA,NA,NA,2019
290,Goiás,6,Nulo,4,mei,Yago Felipe,87747,3,-2,-2,0,2.95,-2.05,5,1,NA,NA,NA,NA,NA,NA,NA,NA,NA,NA,NA,NA,NA,NA,NA,NA,NA,2019
290,Goiás,6,Nulo,5,ata,Walter,62128,3,0,0,0,5,0,5,NA,NA,NA,NA,NA,NA,NA,NA,NA,NA,NA,NA,NA,NA,NA,NA,NA,NA,2019
266,Fluminense,6,Nulo,5,ata,Kelvin,71549,3,0,0,0,5,0,5,NA,NA,NA,NA,NA,NA,NA,NA,NA,NA,NA,NA,NA,NA,NA,NA,NA,NA,2019
